No,Transaction Date,Customer Age,Coupon Type,Payment Method,Sales Person,Country,City,Product,Price,Units,Sales,Profit
1,01-Jan-2010,37,Black Friday,Cash,Ramzan,UAE,Dubai,Mobile,1200,3,3600,200
2,02-Jan-2010,40,Chrismas Coupon,Visa Card,Kumayl,India,Abu Dhabi,Laptop,4500,2,9000,250
3,03-Jan-2010,36,Loyalty Coupon,Master Card,John,Oman,,Moniter,3000,2,6000,300
4,03-Jan-2010,46,Black Friday,Stripe,Abdullah,UAE,,Speaker,75,1,75,15
5,03-Jan-2010,24,Chrismas Coupon,Cheque,David,India,,Keyboard,100,3,300,10
6,03-Jan-2010,37,Loyalty Coupon,Cash,Nancy,Oman,UAQ,Mouse,50,1,50,5
7,03-Jan-2010,48,Black Friday,Visa Card,Raj,UAE,Fujairah,Hard Disk,125,1,125,50
,,,,,,,,,,,,
,,,,,,,,,,,,
8,08-Jan-2010,56,Chrismas Coupon,Master Card,Ramzan,India,Dubai,Mother Board,4500,3,13500,225
9,09-Jan-2010,45,Loyalty Coupon,Stripe,Kumayl,Oman,Abu Dhabi,RAM,175,2,350,50
10,10-Jan-2010,37,Black Friday,Cheque,John,UAE,Sharjah,Mobile,1200,1,1200,200
11,11-Jan-2010,21,Chrismas Coupon,Cash,Abdullah,India,Ajman,,4500,3,13500,200
12,12-Jan-2010,34,Loyalty Coupon,Visa Card,David,Oman,RAK,,3000,3,9000,200
13,13-Jan-2010,66,Black Friday,Master Card,Nancy,UAE,UAQ,,75,2,150,200
14,14-Jan-2010,26,Chrismas Coupon,Stripe,Raj,India,Fujairah,,100,2,200,200
15,14-Jan-2010,25,Loyalty Coupon,Cheque,Ramzan,Oman,Dubai,,50,2,100,200
16,14-Jan-2010,32,Black Friday,Cash,,UAE,Abu Dhabi,,125,1,125,200
17,14-Jan-2010,57,Chrismas Coupon,,,India,Sharjah,,4500,3,13500,200
18,14-Jan-2010,39,Loyalty Coupon,,,Oman,Ajman,,175,2,350,200
19,14-Jan-2010,47,Black Friday,Stripe,,UAE,RAK,,1200,1,1200,200
20,14-Jan-2010,67,Chrismas Coupon,Cheque,,India,UAQ,,4500,1,4500,200
21,14-Jan-2010,25,Loyalty Coupon,Cash,,Oman,Fujairah,,3000,3,9000,200
22,14-Jan-2010,39,Black Friday,Visa Card,,UAE,Dubai,,75,1,75,200
23,23-Jan-2010,57,Chrismas Coupon,Master Card,,India,Abu Dhabi,,100,1,100,200
24,24-Jan-2010,27,Loyalty Coupon,Stripe,Ramzan,Oman,Sharjah,,50,3,150,200
25,25-Jan-2010,28,Black Friday,Cheque,Ramzan,UAE,Ajman,,125,3,375,200
26,26-Jan-2010,51,Chrismas Coupon,Cash,Ramzan,India,RAK,,4500,2,9000,200
27,27-Jan-2010,46,Loyalty Coupon,Visa Card,Ramzan,Oman,UAQ,,175,2,350,200
28,27-Jan-2010,36,Black Friday,Master Card,Ramzan,UAE,Fujairah,,1200,2,2400,200
29,27-Jan-2010,19,Chrismas Coupon,Stripe,Ramzan,India,Dubai,Laptop,4500,1,4500,250
30,27-Jan-2010,28,Loyalty Coupon,Cheque,Ramzan,Oman,Abu Dhabi,Moniter,3000,3,9000,300
31,27-Jan-2010,26,Black Friday,Cash,Ramzan,UAE,Sharjah,Moniter,75,3,225,300
32,27-Jan-2010,38,Chrismas Coupon,Visa Card,Ramzan,India,Ajman,Moniter,100,3,300,300
,,,,,,,,,,,,
,,,,,,,,,,,,
33,27-Jan-2010,41,Loyalty Coupon,Master Card,Ramzan,Oman,RAK,Moniter,50,2,100,300
34,27-Jan-2010,26,Black Friday,Stripe,Ramzan,UAE,UAQ,Moniter,125,1,125,300
35,27-Jan-2010,22,Chrismas Coupon,Cheque,Ramzan,India,Fujairah,Moniter,4500,1,4500,300
36,27-Jan-2010,39,Loyalty Coupon,Cash,Ramzan,Oman,Dubai,Moniter,175,2,350,300
37,06-Feb-2010,40,Black Friday,Visa Card,Ramzan,UAE,Abu Dhabi,Moniter,1200,2,2400,300
38,07-Feb-2010,28,Chrismas Coupon,Master Card,Ramzan,India,Sharjah,Moniter,4500,3,13500,300
39,08-Feb-2010,62,Loyalty Coupon,Stripe,Ramzan,Oman,Ajman,Moniter,3000,3,9000,300
40,09-Feb-2010,38,Black Friday,Cheque,Ramzan,UAE,RAK,Speaker,75,1,75,15
41,10-Feb-2010,31,Chrismas Coupon,Cash,Ramzan,India,UAQ,Keyboard,100,1,100,10
42,11-Feb-2010,70,Loyalty Coupon,Visa Card,Ramzan,Oman,Fujairah,Mouse,50,1,50,5
43,12-Feb-2010,54,Black Friday,Master Card,Ramzan,UAE,Dubai,Hard Disk,125,1,125,50
44,13-Feb-2010,45,Chrismas Coupon,Stripe,Ramzan,India,Abu Dhabi,Hard Disk,4500,1,4500,50
45,14-Feb-2010,40,Loyalty Coupon,Cheque,Ramzan,Oman,Sharjah,Hard Disk,175,1,175,50
46,15-Feb-2010,53,Black Friday,Cash,Ramzan,UAE,Ajman,Hard Disk,1200,3,3600,50
47,16-Feb-2010,68,Chrismas Coupon,Visa Card,Ramzan,India,RAK,Hard Disk,4500,3,13500,50
48,17-Feb-2010,31,Loyalty Coupon,Master Card,Ramzan,Oman,UAQ,Hard Disk,3000,2,6000,50
49,18-Feb-2010,57,Black Friday,Stripe,Ramzan,UAE,Fujairah,Hard Disk,75,3,225,50
50,19-Feb-2010,62,Chrismas Coupon,Cheque,Ramzan,India,Dubai,Hard Disk,100,1,100,50
51,20-Feb-2010,21,Loyalty Coupon,Cash,Ramzan,Oman,Abu Dhabi,Hard Disk,50,3,150,50
52,21-Feb-2010,52,Black Friday,Visa Card,Ramzan,UAE,Sharjah,Hard Disk,125,3,375,50
53,22-Feb-2010,67,Chrismas Coupon,Master Card,Ramzan,India,Sharjah,Hard Disk,4500,1,4500,50
54,23-Feb-2010,66,Loyalty Coupon,Stripe,Ramzan,Oman,Sharjah,Hard Disk,175,3,525,50
55,23-Feb-2010,26,Black Friday,Cheque,Ramzan,UAE,Sharjah,Hard Disk,1200,3,3600,50
56,23-Feb-2010,31,Chrismas Coupon,Cash,Ramzan,India,Sharjah,Hard Disk,4500,2,9000,50
57,23-Feb-2010,50,Loyalty Coupon,Visa Card,Ramzan,Oman,Dubai,Hard Disk,3000,3,9000,50
58,23-Feb-2010,20,Black Friday,Master Card,Ramzan,UAE,Abu Dhabi,Hard Disk,75,2,150,50
59,23-Feb-2010,55,Chrismas Coupon,Stripe,John,India,Abu Dhabi,Hard Disk,100,3,300,50
60,23-Feb-2010,22,Loyalty Coupon,Cheque,Abdullah,Oman,Abu Dhabi,Hard Disk,50,2,100,50
61,23-Feb-2010,48,Black Friday,Cash,David,UAE,Abu Dhabi,Hard Disk,125,3,375,50
62,23-Feb-2010,35,Chrismas Coupon,Visa Card,Nancy,India,Abu Dhabi,Hard Disk,4500,1,4500,50
63,23-Feb-2010,66,Loyalty Coupon,Master Card,Raj,Oman,Abu Dhabi,Hard Disk,175,3,525,50
64,23-Feb-2010,23,Black Friday,Stripe,Ramzan,UAE,Abu Dhabi,Hard Disk,1200,3,3600,50
65,23-Feb-2010,59,Chrismas Coupon,Cheque,Kumayl,India,Abu Dhabi,Hard Disk,4500,1,4500,50
66,23-Feb-2010,44,Loyalty Coupon,Cash,John,Oman,Abu Dhabi,Moniter,3000,1,3000,300
67,08-Mar-2010,46,Black Friday,Visa Card,Abdullah,UAE,Abu Dhabi,Speaker,75,2,150,15
68,09-Mar-2010,56,Chrismas Coupon,Master Card,Abdullah,India,Abu Dhabi,Keyboard,100,2,200,10
69,10-Mar-2010,44,Loyalty Coupon,Stripe,Abdullah,Oman,Abu Dhabi,Mouse,50,3,150,5
70,11-Mar-2010,21,Black Friday,Cheque,Abdullah,UAE,Abu Dhabi,Hard Disk,125,1,125,50
71,12-Mar-2010,39,Chrismas Coupon,Cash,Abdullah,India,Abu Dhabi,Mother Board,4500,3,13500,225
72,13-Mar-2010,53,Loyalty Coupon,Visa Card,Abdullah,Oman,Abu Dhabi,RAM,175,1,175,50
73,14-Mar-2010,39,Black Friday,Master Card,Abdullah,UAE,Abu Dhabi,Mobile,1200,3,3600,200
74,15-Mar-2010,35,Chrismas Coupon,Stripe,Abdullah,India,Abu Dhabi,Laptop,4500,1,4500,250
75,16-Mar-2010,36,Loyalty Coupon,Cheque,Abdullah,Oman,Abu Dhabi,Moniter,3000,1,3000,300
76,17-Mar-2010,30,Black Friday,Cash,Abdullah,UAE,Abu Dhabi,Speaker,75,2,150,15
77,18-Mar-2010,41,Chrismas Coupon,Visa Card,Abdullah,India,Abu Dhabi,Speaker,100,1,100,15
78,19-Mar-2010,59,Loyalty Coupon,Master Card,Abdullah,Oman,Dubai,Speaker,50,3,150,15
79,20-Mar-2010,20,Black Friday,Stripe,Abdullah,UAE,Abu Dhabi,Speaker,125,3,375,15
80,21-Mar-2010,70,Chrismas Coupon,Cheque,Abdullah,India,Sharjah,Speaker,4500,2,9000,15
81,22-Mar-2010,36,Loyalty Coupon,Cash,Abdullah,Oman,Ajman,Speaker,175,3,525,15
82,23-Mar-2010,40,Black Friday,Visa Card,Abdullah,UAE,RAK,Mobile,1200,3,3600,200
83,24-Mar-2010,37,Chrismas Coupon,Master Card,Abdullah,India,UAQ,Laptop,4500,3,13500,250
84,25-Mar-2010,28,Loyalty Coupon,Stripe,Abdullah,Oman,Fujairah,Moniter,3000,1,3000,300
85,26-Mar-2010,65,Black Friday,Cheque,Abdullah,UAE,Dubai,Speaker,75,1,75,15
86,27-Mar-2010,30,Chrismas Coupon,Cash,Kumayl,India,Abu Dhabi,Keyboard,100,1,100,10
87,28-Mar-2010,52,Loyalty Coupon,Visa Card,John,Oman,Sharjah,Keyboard,50,2,100,10
88,29-Mar-2010,36,Black Friday,Master Card,Abdullah,UAE,Ajman,Keyboard,125,2,250,10
89,30-Mar-2010,58,Chrismas Coupon,Stripe,David,India,RAK,Keyboard,4500,1,4500,10
90,31-Mar-2010,58,Loyalty Coupon,Cheque,Nancy,Oman,UAQ,RAM,175,3,525,50
91,01-Apr-2010,33,Black Friday,Cash,Raj,UAE,Fujairah,RAM,1200,2,2400,50
92,02-Apr-2010,58,Chrismas Coupon,Visa Card,Ramzan,India,Dubai,RAM,4500,2,9000,50
93,03-Apr-2010,27,Loyalty Coupon,Master Card,Kumayl,Oman,Abu Dhabi,RAM,3000,1,3000,50
94,04-Apr-2010,57,Black Friday,Stripe,Kumayl,UAE,Sharjah,RAM,75,1,75,50
95,05-Apr-2010,36,Chrismas Coupon,Cheque,Kumayl,India,Ajman,RAM,100,2,200,50
96,06-Apr-2010,41,Loyalty Coupon,Cash,Kumayl,Oman,RAK,RAM,50,1,50,50
97,07-Apr-2010,54,Black Friday,Visa Card,Kumayl,UAE,UAQ,RAM,125,2,250,50
98,08-Apr-2010,56,Chrismas Coupon,Master Card,Kumayl,India,Fujairah,RAM,4500,2,9000,50
99,09-Apr-2010,56,Loyalty Coupon,Stripe,Kumayl,Oman,Dubai,RAM,175,3,525,50
100,10-Apr-2010,30,Black Friday,Cheque,Kumayl,UAE,Abu Dhabi,Mobile,1200,2,2400,200
101,11-Apr-2010,43,Chrismas Coupon,Cash,Kumayl,India,Sharjah,Laptop,4500,2,9000,250
102,12-Apr-2010,68,Loyalty Coupon,Visa Card,Kumayl,Oman,Ajman,Moniter,3000,2,6000,300
103,13-Apr-2010,20,Black Friday,Master Card,Kumayl,UAE,RAK,Speaker,75,3,225,15
104,14-Apr-2010,56,Chrismas Coupon,Stripe,Kumayl,India,UAQ,Keyboard,100,2,200,10
105,15-Apr-2010,59,Loyalty Coupon,Cheque,Kumayl,Oman,Fujairah,Mouse,50,3,150,5
106,16-Apr-2010,21,Black Friday,Cash,Kumayl,UAE,Dubai,Hard Disk,125,3,375,50
107,17-Apr-2010,63,Chrismas Coupon,Visa Card,Kumayl,India,Abu Dhabi,Mother Board,4500,1,4500,225
108,18-Apr-2010,29,Loyalty Coupon,Master Card,Kumayl,Oman,Sharjah,RAM,175,2,350,50
109,19-Apr-2010,58,Black Friday,Stripe,Kumayl,UAE,Ajman,Mobile,1200,3,3600,200
110,20-Apr-2010,52,Chrismas Coupon,Cheque,Kumayl,India,RAK,Laptop,4500,2,9000,250
111,21-Apr-2010,35,Loyalty Coupon,Cash,Nancy,Oman,UAQ,Moniter,3000,3,9000,300
112,22-Apr-2010,53,Black Friday,Visa Card,Raj,UAE,Fujairah,Speaker,75,2,150,15
113,23-Apr-2010,19,Chrismas Coupon,Master Card,Ramzan,India,Dubai,Keyboard,100,2,200,10
114,24-Apr-2010,28,Loyalty Coupon,Stripe,Kumayl,Oman,Dubai,Mouse,50,2,100,5
115,25-Apr-2010,67,Black Friday,Cheque,John,UAE,Dubai,Hard Disk,125,3,375,50
116,26-Apr-2010,36,Chrismas Coupon,Cash,Abdullah,India,Dubai,Mother Board,4500,2,9000,225
117,27-Apr-2010,64,Loyalty Coupon,Visa Card,David,Oman,Dubai,RAM,175,1,175,50
118,28-Apr-2010,32,Black Friday,Master Card,David,UAE,Dubai,Mobile,1200,1,1200,200
119,29-Apr-2010,21,Chrismas Coupon,Stripe,David,India,Dubai,Laptop,4500,1,4500,250
120,30-Apr-2010,21,Loyalty Coupon,Cheque,David,Oman,Dubai,Moniter,3000,3,9000,300
121,01-May-2010,36,Black Friday,Cash,David,UAE,Dubai,Speaker,75,1,75,15
122,02-May-2010,70,Chrismas Coupon,Visa Card,David,India,Dubai,Keyboard,100,2,200,10
123,03-May-2010,24,Loyalty Coupon,Master Card,David,Oman,Dubai,Mouse,50,2,100,5
124,04-May-2010,60,Black Friday,Stripe,David,UAE,Dubai,Hard Disk,125,3,375,50
125,05-May-2010,42,Chrismas Coupon,Cheque,David,India,Dubai,Mother Board,4500,2,9000,225
126,06-May-2010,40,Loyalty Coupon,Cash,David,Oman,Dubai,RAM,175,2,350,50
127,07-May-2010,60,Black Friday,Visa Card,David,UAE,Dubai,Mobile,1200,2,2400,200
128,08-May-2010,43,Chrismas Coupon,Master Card,David,India,Dubai,Laptop,4500,1,4500,250
129,09-May-2010,56,Loyalty Coupon,Stripe,David,Oman,Dubai,Moniter,3000,2,6000,300
130,10-May-2010,51,Black Friday,Cheque,Abdullah,UAE,Dubai,Speaker,75,2,150,15
131,11-May-2010,30,Chrismas Coupon,Cash,David,India,RAK,Keyboard,100,2,200,10
132,12-May-2010,59,Loyalty Coupon,Visa Card,Nancy,Oman,UAQ,Mouse,50,2,100,5
133,13-May-2010,59,Black Friday,Master Card,Raj,UAE,Fujairah,Hard Disk,125,1,125,50
134,14-May-2010,36,Chrismas Coupon,Stripe,Ramzan,India,Dubai,Mother Board,4500,2,9000,225
135,15-May-2010,60,Loyalty Coupon,Cheque,Kumayl,Oman,Abu Dhabi,RAM,175,2,350,50
136,16-May-2010,60,Black Friday,Cash,John,UAE,Sharjah,Mobile,1200,1,1200,200
137,17-May-2010,51,Chrismas Coupon,Visa Card,Abdullah,India,Sharjah,Laptop,4500,3,13500,250
138,18-May-2010,32,Loyalty Coupon,Master Card,David,Oman,Sharjah,Moniter,3000,3,9000,300
139,19-May-2010,23,Black Friday,Stripe,Nancy,UAE,Sharjah,Speaker,75,3,225,15
140,20-May-2010,42,Chrismas Coupon,Cheque,Nancy,India,Sharjah,Keyboard,100,3,300,10
141,21-May-2010,33,Loyalty Coupon,Cash,Nancy,Oman,Sharjah,Mouse,50,2,100,5
142,22-May-2010,42,Black Friday,Visa Card,Nancy,UAE,Sharjah,Hard Disk,125,3,375,50
143,23-May-2010,66,Chrismas Coupon,Master Card,Nancy,India,Sharjah,Mother Board,4500,3,13500,225
144,24-May-2010,34,Loyalty Coupon,Stripe,Nancy,Oman,Sharjah,RAM,175,2,350,50
145,25-May-2010,49,Black Friday,Cheque,Nancy,UAE,Sharjah,Mobile,1200,1,1200,200
146,26-May-2010,32,Chrismas Coupon,Cash,Nancy,India,Sharjah,Laptop,4500,2,9000,250
147,27-May-2010,66,Loyalty Coupon,Visa Card,Nancy,Oman,Sharjah,Moniter,3000,3,9000,300
148,28-May-2010,19,Black Friday,Master Card,Ramzan,UAE,Sharjah,Speaker,75,2,150,15
149,29-May-2010,42,Chrismas Coupon,Stripe,Kumayl,India,Sharjah,Keyboard,100,1,100,10
150,30-May-2010,63,Loyalty Coupon,Cheque,John,Oman,Sharjah,Mouse,50,2,100,5
151,31-May-2010,65,Black Friday,Cash,Abdullah,UAE,Sharjah,Hard Disk,125,3,375,50
152,01-Jun-2010,24,Chrismas Coupon,Visa Card,David,India,Sharjah,Mother Board,4500,1,4500,225
153,02-Jun-2010,36,Loyalty Coupon,Master Card,Nancy,Oman,Sharjah,RAM,175,1,175,50
154,03-Jun-2010,70,Black Friday,Stripe,Raj,UAE,Sharjah,Mobile,1200,2,2400,200
155,04-Jun-2010,23,Chrismas Coupon,Cheque,Raj,India,Sharjah,Laptop,4500,3,13500,250
156,05-Jun-2010,26,Loyalty Coupon,Cash,Raj,Oman,Sharjah,Moniter,3000,1,3000,300
157,06-Jun-2010,60,Black Friday,Visa Card,Raj,UAE,Sharjah,Speaker,75,2,150,15
158,07-Jun-2010,31,Chrismas Coupon,Master Card,Raj,India,Ajman,Keyboard,100,3,300,10
159,08-Jun-2010,40,Loyalty Coupon,Stripe,Raj,Oman,RAK,Mouse,50,1,50,5
160,09-Jun-2010,19,Black Friday,Cheque,Raj,UAE,UAQ,Hard Disk,125,2,250,50
161,10-Jun-2010,52,Chrismas Coupon,Cash,Raj,India,Fujairah,Mother Board,4500,2,9000,225
162,11-Jun-2010,55,Loyalty Coupon,Visa Card,Raj,Oman,Dubai,RAM,175,3,525,50
163,12-Jun-2010,58,Black Friday,Master Card,Raj,UAE,Abu Dhabi,Mobile,1200,3,3600,200
164,13-Jun-2010,29,Chrismas Coupon,Stripe,Raj,India,Sharjah,Laptop,4500,2,9000,250
165,14-Jun-2010,24,Loyalty Coupon,Cheque,Raj,Oman,Ajman,Moniter,3000,2,6000,300
166,15-Jun-2010,30,Black Friday,Cash,Raj,UAE,RAK,Speaker,75,2,150,15
167,16-Jun-2010,45,Chrismas Coupon,Visa Card,Raj,India,UAQ,Keyboard,100,3,300,10
168,17-Jun-2010,25,Loyalty Coupon,Master Card,Raj,Oman,Fujairah,Mouse,50,2,100,5
169,18-Jun-2010,40,Black Friday,Stripe,Raj,UAE,Dubai,Hard Disk,125,2,250,50
170,19-Jun-2010,28,Chrismas Coupon,Cheque,Raj,India,Abu Dhabi,Mother Board,4500,3,13500,225
171,20-Jun-2010,69,Loyalty Coupon,Cash,Raj,Oman,Sharjah,RAM,175,2,350,50
172,21-Jun-2010,70,Black Friday,Visa Card,Raj,UAE,Ajman,Mobile,1200,1,1200,200
173,22-Jun-2010,33,Chrismas Coupon,Master Card,Raj,India,RAK,Laptop,4500,2,9000,250
174,23-Jun-2010,58,Loyalty Coupon,Stripe,Raj,Oman,UAQ,Moniter,3000,2,6000,300
175,24-Jun-2010,19,Black Friday,Cheque,Raj,UAE,Fujairah,Speaker,75,2,150,15
176,25-Jun-2010,57,Chrismas Coupon,Cash,Raj,India,Dubai,Keyboard,100,2,200,10
177,26-Jun-2010,65,Loyalty Coupon,Visa Card,Raj,Oman,Abu Dhabi,Mouse,50,2,100,5
178,27-Jun-2010,42,Black Friday,Master Card,Raj,UAE,Sharjah,Hard Disk,125,1,125,50
179,28-Jun-2010,48,Chrismas Coupon,Stripe,Raj,India,Ajman,Mother Board,4500,3,13500,225
180,29-Jun-2010,25,Loyalty Coupon,Cheque,Raj,Oman,RAK,RAM,175,3,525,50
181,30-Jun-2010,28,Black Friday,Cash,Raj,UAE,UAQ,Mobile,1200,3,3600,200
182,01-Jul-2010,38,Chrismas Coupon,Visa Card,Raj,India,Fujairah,Laptop,4500,1,4500,250
183,02-Jul-2010,57,Loyalty Coupon,Master Card,Raj,Oman,Dubai,Moniter,3000,1,3000,300
184,03-Jul-2010,32,Black Friday,Stripe,Raj,UAE,Abu Dhabi,Speaker,75,1,75,15
185,04-Jul-2010,30,Chrismas Coupon,Cheque,Raj,India,Sharjah,Keyboard,100,2,200,10
186,05-Jul-2010,28,Loyalty Coupon,Cash,Raj,Oman,Ajman,Mouse,50,3,150,5
187,06-Jul-2010,18,Black Friday,Visa Card,Raj,UAE,RAK,Hard Disk,125,1,125,50
188,07-Jul-2010,69,Chrismas Coupon,Master Card,Raj,India,UAQ,Mother Board,4500,1,4500,225
189,08-Jul-2010,39,Loyalty Coupon,Stripe,Raj,Oman,Fujairah,RAM,175,1,175,50
190,09-Jul-2010,49,Black Friday,Cheque,Raj,UAE,Dubai,Mobile,1200,1,1200,200
191,10-Jul-2010,21,Chrismas Coupon,Cash,Raj,India,Abu Dhabi,Laptop,4500,3,13500,250
192,11-Jul-2010,51,Loyalty Coupon,Visa Card,Raj,Oman,Sharjah,Moniter,3000,2,6000,300
193,12-Jul-2010,36,Black Friday,Master Card,Raj,UAE,Ajman,Speaker,75,2,150,15
194,13-Jul-2010,45,Chrismas Coupon,Stripe,Raj,India,RAK,Keyboard,100,1,100,10
195,14-Jul-2010,55,Loyalty Coupon,Cheque,Raj,Oman,UAQ,Mouse,50,2,100,5
196,15-Jul-2010,35,Black Friday,Cash,Raj,UAE,Fujairah,Hard Disk,125,2,250,50
197,16-Jul-2010,45,Chrismas Coupon,Visa Card,Raj,India,Dubai,Mother Board,4500,1,4500,225
198,17-Jul-2010,35,Loyalty Coupon,Master Card,Raj,Oman,Abu Dhabi,RAM,175,1,175,50
199,18-Jul-2010,55,Black Friday,Stripe,Raj,UAE,Sharjah,Mobile,1200,2,2400,200
200,19-Jul-2010,49,Chrismas Coupon,Cheque,Raj,India,Ajman,Laptop,4500,3,13500,250
201,20-Jul-2010,50,Loyalty Coupon,Cash,Raj,Oman,RAK,Moniter,3000,2,6000,300
202,21-Jul-2010,28,Black Friday,Visa Card,Raj,UAE,UAQ,Speaker,75,3,225,15
203,22-Jul-2010,58,Chrismas Coupon,Master Card,Raj,India,Fujairah,Keyboard,100,1,100,10
204,23-Jul-2010,34,Loyalty Coupon,Stripe,Raj,Oman,Dubai,Mouse,50,1,50,5
205,24-Jul-2010,25,Black Friday,Cheque,Raj,UAE,Abu Dhabi,Hard Disk,125,3,375,50
206,25-Jul-2010,20,Chrismas Coupon,Cash,Raj,India,Sharjah,Mother Board,4500,1,4500,225
207,26-Jul-2010,33,Loyalty Coupon,Visa Card,Raj,Oman,Ajman,RAM,175,3,525,50
208,27-Jul-2010,36,Black Friday,Master Card,Raj,UAE,RAK,Mobile,1200,2,2400,200
209,28-Jul-2010,64,Chrismas Coupon,Stripe,Raj,India,UAQ,Laptop,4500,2,9000,250
210,29-Jul-2010,57,Loyalty Coupon,Cheque,Raj,Oman,Fujairah,Moniter,3000,2,6000,300
211,30-Jul-2010,32,Black Friday,Cash,Raj,UAE,Dubai,Speaker,75,3,225,15
212,31-Jul-2010,32,Chrismas Coupon,Visa Card,Raj,India,Abu Dhabi,Keyboard,100,2,200,10
213,01-Aug-2010,49,Loyalty Coupon,Master Card,Raj,Oman,Sharjah,Mouse,50,3,150,5
214,02-Aug-2010,24,Black Friday,Stripe,Raj,UAE,Ajman,Hard Disk,125,2,250,50
215,03-Aug-2010,67,Chrismas Coupon,Cheque,Raj,India,RAK,Mother Board,4500,2,9000,225
216,04-Aug-2010,28,Loyalty Coupon,Cash,Raj,Oman,UAQ,RAM,175,2,350,50
217,05-Aug-2010,68,Black Friday,Visa Card,Raj,UAE,Fujairah,Mobile,1200,3,3600,200
218,06-Aug-2010,68,Chrismas Coupon,Master Card,Raj,India,Dubai,Laptop,4500,3,13500,250
219,07-Aug-2010,69,Loyalty Coupon,Stripe,Raj,Oman,Abu Dhabi,Moniter,3000,1,3000,300
220,08-Aug-2010,69,Black Friday,Cheque,Raj,UAE,Sharjah,Speaker,75,1,75,15
221,09-Aug-2010,30,Chrismas Coupon,Cash,Raj,India,Ajman,Keyboard,100,2,200,10
222,10-Aug-2010,42,Loyalty Coupon,Visa Card,Raj,Oman,RAK,Mouse,50,3,150,5
223,11-Aug-2010,28,Black Friday,Master Card,Raj,UAE,UAQ,Hard Disk,125,3,375,50
224,12-Aug-2010,49,Chrismas Coupon,Stripe,Raj,India,Fujairah,Mother Board,4500,2,9000,225
225,13-Aug-2010,35,Loyalty Coupon,Cheque,Raj,Oman,Dubai,RAM,175,3,525,50
226,14-Aug-2010,48,Black Friday,Cash,Raj,UAE,Abu Dhabi,Mobile,1200,2,2400,200
227,15-Aug-2010,67,Chrismas Coupon,Visa Card,Raj,India,Sharjah,Laptop,4500,2,9000,250
228,16-Aug-2010,19,Loyalty Coupon,Master Card,Raj,Oman,Ajman,Moniter,3000,1,3000,300
229,17-Aug-2010,32,Black Friday,Stripe,Raj,UAE,RAK,Speaker,75,3,225,15
230,18-Aug-2010,29,Chrismas Coupon,Cheque,Raj,India,UAQ,Keyboard,100,3,300,10
231,19-Aug-2010,44,Loyalty Coupon,Cash,Raj,Oman,Fujairah,Mouse,50,1,50,5
232,20-Aug-2010,57,Black Friday,Cash,Raj,UAE,Dubai,Hard Disk,125,3,375,50
233,21-Aug-2010,19,Chrismas Coupon,Cash,Raj,India,Abu Dhabi,Mother Board,4500,1,4500,225
234,22-Aug-2010,69,Loyalty Coupon,Cash,Raj,Oman,Sharjah,RAM,175,2,350,50
235,22-Aug-2010,67,Black Friday,Cash,Raj,UAE,Ajman,Mobile,1200,2,2400,200
236,22-Aug-2010,61,Chrismas Coupon,Cash,Raj,India,RAK,Laptop,4500,1,4500,250
237,22-Aug-2010,46,Loyalty Coupon,Cash,Raj,Oman,UAQ,Moniter,3000,1,3000,300
238,22-Aug-2010,56,Black Friday,Cash,Raj,UAE,Fujairah,Speaker,75,1,75,15
239,22-Aug-2010,47,Chrismas Coupon,Cash,Raj,India,Dubai,Keyboard,100,1,100,10
240,22-Aug-2010,28,Loyalty Coupon,Cash,Raj,Oman,Abu Dhabi,Mouse,50,3,150,5
241,22-Aug-2010,59,Black Friday,Cash,Raj,UAE,Sharjah,Hard Disk,125,3,375,50
242,22-Aug-2010,21,Chrismas Coupon,Cash,Raj,India,Ajman,Mother Board,4500,2,9000,225
243,22-Aug-2010,40,Loyalty Coupon,Cash,Raj,Oman,RAK,RAM,175,1,175,50
244,22-Aug-2010,65,Black Friday,Cash,Raj,UAE,UAQ,Mobile,1200,3,3600,200
245,22-Aug-2010,58,Chrismas Coupon,Cash,Raj,India,Fujairah,Laptop,4500,2,9000,250
246,22-Aug-2010,18,Loyalty Coupon,Cash,Raj,Oman,Dubai,Moniter,3000,1,3000,300
247,22-Aug-2010,63,Black Friday,Cash,Raj,UAE,Abu Dhabi,Speaker,75,2,150,15
248,05-Sep-2010,38,Chrismas Coupon,Cash,Raj,India,Sharjah,Keyboard,100,1,100,10
249,06-Sep-2010,52,Loyalty Coupon,Cash,Abdullah,Oman,Ajman,Mouse,50,2,100,5
250,07-Sep-2010,40,Black Friday,Cash,David,UAE,RAK,Hard Disk,125,3,375,50
251,08-Sep-2010,31,Chrismas Coupon,Cash,Nancy,India,UAQ,Mother Board,4500,3,13500,225
252,09-Sep-2010,40,Loyalty Coupon,Cash,Raj,Oman,Fujairah,RAM,175,2,350,50
253,10-Sep-2010,26,Black Friday,Cash,Ramzan,UAE,Dubai,Mobile,1200,3,3600,200
254,11-Sep-2010,68,Chrismas Coupon,Cash,Kumayl,India,Dubai,Laptop,4500,3,13500,250
255,12-Sep-2010,46,Loyalty Coupon,Cash,John,Oman,Dubai,Moniter,3000,3,9000,300
256,13-Sep-2010,51,Black Friday,Cash,Abdullah,UAE,Dubai,Speaker,75,2,150,15
257,14-Sep-2010,66,Chrismas Coupon,Cash,David,India,Dubai,Keyboard,100,2,200,10
258,15-Sep-2010,43,Loyalty Coupon,Cash,Nancy,Oman,Dubai,Mouse,50,1,50,5
259,16-Sep-2010,66,Black Friday,Cash,Raj,UAE,Dubai,Hard Disk,125,2,250,50
260,17-Sep-2010,55,Chrismas Coupon,Cash,Ramzan,India,Dubai,Mother Board,4500,3,13500,225
261,18-Sep-2010,55,Loyalty Coupon,Cash,Kumayl,Oman,Dubai,RAM,175,1,175,50
262,19-Sep-2010,31,Black Friday,Cash,John,UAE,Dubai,Mobile,1200,1,1200,200
263,20-Sep-2010,47,Chrismas Coupon,Cash,Abdullah,India,Dubai,Laptop,4500,2,9000,250
264,21-Sep-2010,28,Loyalty Coupon,Cash,David,Oman,Dubai,Moniter,3000,1,3000,300
265,22-Sep-2010,50,Black Friday,Cash,Nancy,UAE,Dubai,Speaker,75,2,150,15
266,23-Sep-2010,51,Chrismas Coupon,Cash,Raj,India,Dubai,Keyboard,100,1,100,10
267,24-Sep-2010,68,Loyalty Coupon,Cash,Ramzan,Oman,Dubai,Mouse,50,1,50,5
268,25-Sep-2010,64,Black Friday,Cash,Kumayl,UAE,Dubai,Hard Disk,125,2,250,50
269,26-Sep-2010,32,Chrismas Coupon,Cash,John,India,Dubai,Mother Board,4500,3,13500,225
270,27-Sep-2010,65,Loyalty Coupon,Cash,Abdullah,Oman,Dubai,RAM,175,2,350,50
271,27-Sep-2010,43,Black Friday,Cash,David,UAE,Dubai,Mobile,1200,2,2400,200
272,27-Sep-2010,40,Chrismas Coupon,Cash,Nancy,India,Dubai,Laptop,4500,2,9000,250
273,27-Sep-2010,25,Loyalty Coupon,Cash,Raj,Oman,Dubai,Moniter,3000,1,3000,300
274,27-Sep-2010,48,Black Friday,Cash,Ramzan,UAE,Dubai,Speaker,75,2,150,15
275,27-Sep-2010,52,Chrismas Coupon,Cash,Kumayl,India,Dubai,Keyboard,100,1,100,10
276,27-Sep-2010,41,Loyalty Coupon,Cash,John,Oman,Dubai,Mouse,50,1,50,5
277,27-Sep-2010,64,Black Friday,Cash,Abdullah,UAE,Dubai,Hard Disk,125,3,375,50
278,27-Sep-2010,40,Chrismas Coupon,Master Card,David,India,Dubai,Mother Board,4500,2,9000,225
279,27-Sep-2010,65,Loyalty Coupon,Stripe,Nancy,Oman,Dubai,RAM,175,1,175,50
280,27-Sep-2010,21,Black Friday,Cheque,Raj,UAE,Dubai,Mobile,1200,3,3600,200
281,27-Sep-2010,69,Chrismas Coupon,Cash,Ramzan,India,Dubai,Laptop,4500,3,13500,250
282,27-Sep-2010,58,Loyalty Coupon,Visa Card,Kumayl,Oman,Dubai,Moniter,3000,1,3000,300
283,27-Sep-2010,68,Black Friday,Visa Card,John,UAE,Dubai,Speaker,75,1,75,15
284,27-Sep-2010,42,Chrismas Coupon,Visa Card,Abdullah,India,Dubai,Keyboard,100,2,200,10
285,12-Oct-2010,31,Loyalty Coupon,Visa Card,David,Oman,Dubai,Mouse,50,1,50,5
286,13-Oct-2010,26,Black Friday,Visa Card,Nancy,UAE,Dubai,Hard Disk,125,1,125,50
287,14-Oct-2010,57,Chrismas Coupon,Visa Card,Raj,India,Dubai,Hard Disk,4500,2,9000,50
288,15-Oct-2010,41,Loyalty Coupon,Visa Card,Ramzan,Oman,Dubai,Hard Disk,175,1,175,50
289,16-Oct-2010,55,Black Friday,Visa Card,Kumayl,UAE,Dubai,Hard Disk,1200,3,3600,50
290,17-Oct-2010,41,Chrismas Coupon,Visa Card,John,India,Dubai,Hard Disk,4500,2,9000,50
291,18-Oct-2010,20,Loyalty Coupon,Visa Card,Abdullah,Oman,Dubai,Hard Disk,3000,1,3000,50
292,19-Oct-2010,55,Black Friday,Visa Card,David,UAE,Dubai,Hard Disk,75,3,225,50
293,20-Oct-2010,64,Chrismas Coupon,Visa Card,Nancy,India,Dubai,Hard Disk,100,3,300,50
294,21-Oct-2010,58,Loyalty Coupon,Visa Card,Raj,Oman,Dubai,Hard Disk,50,1,50,50
295,22-Oct-2010,57,Black Friday,Visa Card,Ramzan,UAE,Dubai,Hard Disk,125,1,125,50
296,23-Oct-2010,26,Chrismas Coupon,Visa Card,Kumayl,India,Dubai,Hard Disk,4500,2,9000,50
297,24-Oct-2010,19,Loyalty Coupon,Visa Card,John,Oman,Dubai,Hard Disk,175,1,175,50
298,25-Oct-2010,40,Black Friday,Master Card,Abdullah,UAE,Dubai,Hard Disk,1200,1,1200,50
299,26-Oct-2010,53,Chrismas Coupon,Stripe,David,India,Dubai,Hard Disk,4500,2,9000,50
300,27-Oct-2010,68,Loyalty Coupon,Cheque,Nancy,Oman,Dubai,Hard Disk,3000,2,6000,50
301,28-Oct-2010,25,Black Friday,Cash,Raj,UAE,Dubai,Hard Disk,75,2,150,50
302,29-Oct-2010,64,Chrismas Coupon,Visa Card,Ramzan,India,Dubai,Hard Disk,100,2,200,50
303,30-Oct-2010,66,Loyalty Coupon,Master Card,Kumayl,Oman,Dubai,Hard Disk,50,1,50,50
304,31-Oct-2010,50,Black Friday,Master Card,John,UAE,Dubai,Hard Disk,125,1,125,50
305,01-Nov-2010,34,Chrismas Coupon,Master Card,Abdullah,India,Ajman,Hard Disk,4500,1,4500,50
306,02-Nov-2010,61,Loyalty Coupon,Master Card,David,Oman,RAK,Hard Disk,175,2,350,50
307,02-Nov-2010,69,Black Friday,Master Card,Nancy,UAE,UAQ,Hard Disk,1200,1,1200,50
308,02-Nov-2010,28,Chrismas Coupon,Master Card,Raj,India,Fujairah,Hard Disk,4500,3,13500,50
309,02-Nov-2010,52,Loyalty Coupon,Master Card,Ramzan,Oman,Dubai,Hard Disk,3000,3,9000,50
310,02-Nov-2010,29,Black Friday,Master Card,Kumayl,UAE,Abu Dhabi,Hard Disk,75,1,75,50
311,02-Nov-2010,61,Chrismas Coupon,Master Card,John,India,Sharjah,Hard Disk,100,1,100,50
312,02-Nov-2010,40,Loyalty Coupon,Master Card,Abdullah,Oman,Ajman,Hard Disk,50,1,50,50
313,02-Nov-2010,69,Black Friday,Master Card,David,UAE,RAK,Hard Disk,125,2,250,50
314,02-Nov-2010,30,Chrismas Coupon,Master Card,Nancy,India,UAQ,Hard Disk,4500,1,4500,50
315,02-Nov-2010,22,Loyalty Coupon,Master Card,Raj,Oman,Fujairah,Hard Disk,175,2,350,50
316,02-Nov-2010,25,Black Friday,Master Card,Ramzan,UAE,Dubai,Hard Disk,1200,2,2400,50
317,02-Nov-2010,53,Chrismas Coupon,Master Card,Kumayl,India,Abu Dhabi,Hard Disk,4500,3,13500,50
318,02-Nov-2010,31,Loyalty Coupon,Master Card,John,Oman,Sharjah,Hard Disk,3000,1,3000,50
319,02-Nov-2010,27,Black Friday,Master Card,Abdullah,UAE,Ajman,Hard Disk,75,2,150,50
320,02-Nov-2010,46,Chrismas Coupon,Master Card,David,India,RAK,Hard Disk,100,3,300,50
321,02-Nov-2010,56,Loyalty Coupon,Master Card,Nancy,Oman,UAQ,Hard Disk,50,3,150,50
322,02-Nov-2010,39,Black Friday,Master Card,Raj,UAE,Fujairah,Hard Disk,125,1,125,50
323,02-Nov-2010,26,Chrismas Coupon,Master Card,Ramzan,India,Dubai,Hard Disk,4500,3,13500,50
324,02-Nov-2010,27,Loyalty Coupon,Master Card,Kumayl,Oman,Abu Dhabi,Hard Disk,175,1,175,50
325,02-Nov-2010,19,Black Friday,Master Card,John,UAE,Sharjah,Hard Disk,1200,3,3600,50
326,02-Nov-2010,27,Chrismas Coupon,Master Card,Abdullah,India,Ajman,Hard Disk,4500,3,13500,50
327,23-Nov-2010,66,Loyalty Coupon,Master Card,David,Oman,RAK,Hard Disk,3000,1,3000,50
328,24-Nov-2010,59,Black Friday,Master Card,Nancy,UAE,UAQ,Hard Disk,75,3,225,50
329,25-Nov-2010,38,Chrismas Coupon,Master Card,Raj,India,Fujairah,Hard Disk,100,1,100,50
330,26-Nov-2010,18,Loyalty Coupon,Master Card,Ramzan,Oman,Dubai,Hard Disk,50,3,150,50
331,27-Nov-2010,42,Black Friday,Master Card,Kumayl,UAE,Abu Dhabi,Hard Disk,125,2,250,50
332,28-Nov-2010,33,Chrismas Coupon,Master Card,John,India,Sharjah,Hard Disk,4500,1,4500,50
333,29-Nov-2010,62,Loyalty Coupon,Master Card,Abdullah,Oman,Ajman,Hard Disk,175,1,175,50
334,30-Nov-2010,45,Black Friday,Master Card,David,UAE,RAK,Hard Disk,1200,1,1200,50
335,01-Dec-2010,24,Chrismas Coupon,Master Card,Nancy,India,UAQ,Hard Disk,4500,3,13500,50
336,02-Dec-2010,24,Loyalty Coupon,Master Card,Raj,Oman,Fujairah,Hard Disk,3000,1,3000,50
337,03-Dec-2010,40,Black Friday,Master Card,Ramzan,UAE,Dubai,Hard Disk,75,1,75,50
338,04-Dec-2010,45,Chrismas Coupon,Master Card,Kumayl,India,Abu Dhabi,Hard Disk,100,1,100,50
339,05-Dec-2010,43,Loyalty Coupon,Master Card,John,Oman,Sharjah,Hard Disk,50,1,50,50
340,06-Dec-2010,42,Black Friday,Master Card,Abdullah,UAE,Ajman,Hard Disk,125,1,125,50
341,07-Dec-2010,63,Chrismas Coupon,Master Card,David,India,RAK,Hard Disk,4500,1,4500,50
342,08-Dec-2010,51,Loyalty Coupon,Master Card,Nancy,Oman,UAQ,Hard Disk,175,3,525,50
343,09-Dec-2010,45,Black Friday,Master Card,Raj,UAE,Fujairah,Hard Disk,1200,1,1200,50
344,10-Dec-2010,66,Chrismas Coupon,Stripe,Ramzan,India,Dubai,Hard Disk,4500,2,9000,50
345,11-Dec-2010,62,Loyalty Coupon,Stripe,Kumayl,Oman,Abu Dhabi,Hard Disk,3000,1,3000,50
346,12-Dec-2010,70,Black Friday,Stripe,John,UAE,Sharjah,Hard Disk,75,3,225,50
347,13-Dec-2010,24,Chrismas Coupon,Stripe,Abdullah,India,Ajman,Hard Disk,100,1,100,50
348,14-Dec-2010,21,Loyalty Coupon,Stripe,David,Oman,RAK,Hard Disk,50,2,100,50
349,15-Dec-2010,57,Black Friday,Stripe,Nancy,UAE,UAQ,Hard Disk,125,1,125,50
350,16-Dec-2010,38,Chrismas Coupon,Stripe,Raj,India,Fujairah,Hard Disk,4500,3,13500,50
351,17-Dec-2010,63,Loyalty Coupon,Stripe,Ramzan,Oman,Dubai,Hard Disk,175,1,175,50
352,18-Dec-2010,68,Black Friday,Stripe,Kumayl,UAE,Abu Dhabi,Hard Disk,1200,3,3600,50
353,19-Dec-2010,66,Chrismas Coupon,Stripe,John,India,Sharjah,Hard Disk,4500,3,13500,50
354,20-Dec-2010,46,Loyalty Coupon,Stripe,Abdullah,Oman,Ajman,Moniter,3000,1,3000,300
355,21-Dec-2010,32,Black Friday,Cheque,David,UAE,RAK,Speaker,75,2,150,15
356,22-Dec-2010,45,Chrismas Coupon,Cash,Nancy,India,UAQ,Keyboard,100,1,100,10
357,23-Dec-2010,53,Loyalty Coupon,Visa Card,Raj,Oman,Fujairah,Mouse,50,2,100,5
358,24-Dec-2010,53,Black Friday,Master Card,Ramzan,UAE,Dubai,Hard Disk,125,1,125,50
359,25-Dec-2010,22,Chrismas Coupon,Stripe,Kumayl,India,Abu Dhabi,Mother Board,4500,1,4500,225
360,26-Dec-2010,31,Loyalty Coupon,Cheque,John,Oman,Sharjah,RAM,175,1,175,50
361,27-Dec-2010,55,Black Friday,Cash,Abdullah,UAE,Ajman,Mobile,1200,1,1200,200
362,28-Dec-2010,24,Chrismas Coupon,Visa Card,David,India,RAK,Laptop,4500,3,13500,250
363,29-Dec-2010,58,Loyalty Coupon,Master Card,Nancy,Oman,UAQ,Moniter,3000,3,9000,300
364,30-Dec-2010,38,Black Friday,Stripe,Raj,UAE,Fujairah,Speaker,75,3,225,15
365,31-Dec-2010,70,Chrismas Coupon,Cheque,Ramzan,India,Dubai,Keyboard,100,2,200,10
366,01-Jan-2011,36,Loyalty Coupon,Cash,Kumayl,Oman,Abu Dhabi,Mouse,50,3,150,5
367,02-Jan-2011,32,Black Friday,Visa Card,John,UAE,Sharjah,Hard Disk,125,1,125,50
368,03-Jan-2011,38,Chrismas Coupon,Master Card,Abdullah,India,Ajman,Mother Board,4500,1,4500,225
369,04-Jan-2011,44,Loyalty Coupon,Stripe,David,Oman,RAK,RAM,175,1,175,50
370,05-Jan-2011,40,Black Friday,Cheque,Nancy,UAE,UAQ,Mobile,1200,2,2400,200
371,06-Jan-2011,23,Chrismas Coupon,Cash,Raj,India,Fujairah,Laptop,4500,3,13500,250
372,07-Jan-2011,65,Loyalty Coupon,Visa Card,Ramzan,Oman,Dubai,Laptop,3000,1,3000,250
373,08-Jan-2011,20,Black Friday,Master Card,Kumayl,UAE,Abu Dhabi,Laptop,75,2,150,250
374,09-Jan-2011,60,Chrismas Coupon,Stripe,John,India,Sharjah,Laptop,100,1,100,250
375,10-Jan-2011,29,Loyalty Coupon,Cheque,Abdullah,Oman,Ajman,Laptop,50,2,100,250
376,11-Jan-2011,33,Black Friday,Cash,David,UAE,RAK,Laptop,125,2,250,250
377,12-Jan-2011,66,Chrismas Coupon,Visa Card,Nancy,India,UAQ,Laptop,4500,1,4500,250
378,13-Jan-2011,70,Loyalty Coupon,Master Card,Raj,Oman,Fujairah,Laptop,175,2,350,250
379,14-Jan-2011,31,Black Friday,Stripe,Ramzan,UAE,Dubai,Laptop,1200,3,3600,250
380,15-Jan-2011,68,Chrismas Coupon,Cheque,Kumayl,India,Abu Dhabi,Laptop,4500,2,9000,250
381,16-Jan-2011,24,Loyalty Coupon,Cash,John,Oman,Sharjah,Laptop,3000,1,3000,250
382,17-Jan-2011,59,Black Friday,Visa Card,Abdullah,UAE,Ajman,Laptop,75,3,225,250
383,18-Jan-2011,58,Chrismas Coupon,Master Card,David,India,RAK,Laptop,100,2,200,250
384,19-Jan-2011,39,Loyalty Coupon,Stripe,Nancy,Oman,UAQ,Laptop,50,2,100,250
385,20-Jan-2011,30,Black Friday,Cheque,Raj,UAE,Fujairah,Laptop,125,1,125,250
386,21-Jan-2011,21,Chrismas Coupon,Cash,Ramzan,India,Dubai,Laptop,4500,1,4500,250
387,22-Jan-2011,69,Loyalty Coupon,Visa Card,Kumayl,Oman,Abu Dhabi,Laptop,175,2,350,250
388,23-Jan-2011,33,Black Friday,Master Card,John,UAE,Sharjah,Laptop,1200,2,2400,250
389,24-Jan-2011,21,Chrismas Coupon,Stripe,Abdullah,India,Ajman,Laptop,4500,3,13500,250
390,25-Jan-2011,53,Loyalty Coupon,Cheque,David,Oman,RAK,Laptop,3000,2,6000,250
391,26-Jan-2011,42,Black Friday,Cash,Nancy,UAE,UAQ,Laptop,75,2,150,250
392,27-Jan-2011,50,Chrismas Coupon,Visa Card,Raj,India,Fujairah,Laptop,100,3,300,250
393,28-Jan-2011,34,Loyalty Coupon,Master Card,Ramzan,Oman,Dubai,Laptop,50,2,100,250
394,29-Jan-2011,60,Black Friday,Stripe,Kumayl,UAE,Abu Dhabi,Laptop,125,1,125,250
395,30-Jan-2011,30,Chrismas Coupon,Cheque,John,India,Sharjah,Laptop,4500,3,13500,250
396,31-Jan-2011,22,Loyalty Coupon,Cash,Abdullah,Oman,Ajman,Laptop,175,1,175,250
397,01-Feb-2011,36,Black Friday,Visa Card,David,UAE,RAK,Laptop,1200,3,3600,250
398,02-Feb-2011,23,Chrismas Coupon,Master Card,Nancy,India,UAQ,Laptop,4500,2,9000,250
399,03-Feb-2011,66,Loyalty Coupon,Stripe,Raj,Oman,Fujairah,Moniter,3000,3,9000,300
400,04-Feb-2011,67,Black Friday,Cheque,Ramzan,UAE,Dubai,Speaker,75,2,150,15
401,05-Feb-2011,55,Chrismas Coupon,Cash,Kumayl,India,Abu Dhabi,Keyboard,100,3,300,10
402,06-Feb-2011,58,Loyalty Coupon,Visa Card,John,Oman,Sharjah,Mouse,50,3,150,5
403,07-Feb-2011,31,Black Friday,Master Card,Abdullah,UAE,Ajman,Hard Disk,125,1,125,50
404,08-Feb-2011,43,Chrismas Coupon,Stripe,David,India,RAK,Mother Board,4500,3,13500,225
405,09-Feb-2011,34,Loyalty Coupon,Cheque,Nancy,Oman,UAQ,RAM,175,3,525,50
406,10-Feb-2011,26,Black Friday,Cash,Raj,UAE,Fujairah,Mobile,1200,1,1200,200
407,11-Feb-2011,60,Chrismas Coupon,Visa Card,Ramzan,India,Dubai,Laptop,4500,3,13500,250
408,12-Feb-2011,70,Loyalty Coupon,Master Card,Kumayl,Oman,Abu Dhabi,Moniter,3000,1,3000,300
409,13-Feb-2011,33,Black Friday,Stripe,John,UAE,Sharjah,Speaker,75,1,75,15
410,14-Feb-2011,52,Chrismas Coupon,Cheque,Abdullah,India,Ajman,Keyboard,100,1,100,10
411,15-Feb-2011,68,Loyalty Coupon,Cash,David,Oman,RAK,Mouse,50,2,100,5
412,16-Feb-2011,53,Black Friday,Visa Card,Nancy,UAE,UAQ,Hard Disk,125,2,250,50
413,17-Feb-2011,61,Chrismas Coupon,Master Card,Raj,India,Fujairah,Mother Board,4500,1,4500,225
414,18-Feb-2011,38,Loyalty Coupon,Stripe,Ramzan,Oman,Dubai,RAM,175,3,525,50
415,19-Feb-2011,60,Black Friday,Cheque,Kumayl,UAE,Abu Dhabi,RAM,1200,1,1200,50
416,20-Feb-2011,18,Chrismas Coupon,Cash,John,India,Sharjah,RAM,4500,2,9000,50
417,21-Feb-2011,57,Loyalty Coupon,Visa Card,Abdullah,Oman,Ajman,RAM,3000,2,6000,50
418,22-Feb-2011,62,Black Friday,Master Card,David,UAE,RAK,RAM,75,2,150,50
419,23-Feb-2011,45,Chrismas Coupon,Stripe,Nancy,India,UAQ,RAM,100,2,200,50
420,24-Feb-2011,22,Loyalty Coupon,Cheque,Raj,Oman,Fujairah,RAM,50,3,150,50
421,25-Feb-2011,69,Black Friday,Cash,Ramzan,UAE,Dubai,RAM,125,1,125,50
422,26-Feb-2011,30,Chrismas Coupon,Visa Card,Kumayl,India,Abu Dhabi,RAM,4500,2,9000,50
423,27-Feb-2011,43,Loyalty Coupon,Master Card,John,Oman,Sharjah,RAM,175,2,350,50
424,28-Feb-2011,57,Black Friday,Stripe,Abdullah,UAE,Ajman,RAM,1200,1,1200,50
425,01-Mar-2011,34,Chrismas Coupon,Cheque,David,India,RAK,RAM,4500,2,9000,50
426,02-Mar-2011,52,Loyalty Coupon,Cash,Nancy,Oman,UAQ,RAM,3000,3,9000,50
427,03-Mar-2011,47,Black Friday,Visa Card,Raj,UAE,Fujairah,RAM,75,2,150,50
428,04-Mar-2011,49,Chrismas Coupon,Master Card,Ramzan,India,Dubai,RAM,100,1,100,50
429,05-Mar-2011,49,Loyalty Coupon,Stripe,Kumayl,Oman,Abu Dhabi,RAM,50,3,150,50
430,06-Mar-2011,30,Black Friday,Cheque,John,UAE,Sharjah,RAM,125,1,125,50
431,07-Mar-2011,39,Chrismas Coupon,Cash,Abdullah,India,Ajman,RAM,4500,1,4500,50
432,08-Mar-2011,69,Loyalty Coupon,Visa Card,David,Oman,RAK,RAM,175,3,525,50
433,09-Mar-2011,63,Black Friday,Master Card,Nancy,UAE,UAQ,Mobile,1200,2,2400,200
434,10-Mar-2011,46,Chrismas Coupon,Stripe,Raj,India,Fujairah,Laptop,4500,1,4500,250
435,11-Mar-2011,56,Loyalty Coupon,Cheque,Ramzan,Oman,Dubai,Moniter,3000,2,6000,300
436,12-Mar-2011,20,Black Friday,Cash,Kumayl,UAE,Abu Dhabi,Speaker,75,3,225,15
437,13-Mar-2011,64,Chrismas Coupon,Visa Card,John,India,Sharjah,Keyboard,100,1,100,10
438,14-Mar-2011,33,Loyalty Coupon,Master Card,Abdullah,Oman,Ajman,Mouse,50,1,50,5
439,15-Mar-2011,61,Black Friday,Stripe,David,UAE,RAK,Hard Disk,125,3,375,50
440,16-Mar-2011,38,Chrismas Coupon,Cheque,Nancy,India,UAQ,Mother Board,4500,1,4500,225
441,17-Mar-2011,21,Loyalty Coupon,Cash,Raj,Oman,Fujairah,RAM,175,1,175,50
442,18-Mar-2011,57,Black Friday,Visa Card,Ramzan,UAE,Dubai,Mobile,1200,2,2400,200
443,19-Mar-2011,26,Chrismas Coupon,Master Card,Kumayl,India,Abu Dhabi,Laptop,4500,2,9000,250
444,20-Mar-2011,69,Loyalty Coupon,Stripe,John,Oman,Sharjah,Moniter,3000,3,9000,300
445,21-Mar-2011,43,Black Friday,Cheque,Abdullah,UAE,Ajman,Speaker,75,2,150,15
446,22-Mar-2011,56,Chrismas Coupon,Cash,David,India,RAK,Keyboard,100,1,100,10
447,23-Mar-2011,55,Loyalty Coupon,Visa Card,Nancy,Oman,UAQ,Mouse,50,3,150,5
448,24-Mar-2011,37,Black Friday,Master Card,Raj,UAE,Fujairah,Hard Disk,125,1,125,50
449,25-Mar-2011,20,Chrismas Coupon,Stripe,Ramzan,India,Dubai,Mother Board,4500,3,13500,225
450,26-Mar-2011,58,Loyalty Coupon,Cheque,Kumayl,Oman,Abu Dhabi,RAM,175,1,175,50
451,27-Mar-2011,62,Black Friday,Cash,John,UAE,Sharjah,Mobile,1200,3,3600,200
452,28-Mar-2011,34,Chrismas Coupon,Visa Card,Abdullah,India,Ajman,Laptop,4500,1,4500,250
453,29-Mar-2011,66,Loyalty Coupon,Master Card,David,Oman,RAK,Moniter,3000,3,9000,300
454,30-Mar-2011,59,Black Friday,Stripe,Nancy,UAE,UAQ,Speaker,75,2,150,15
455,31-Mar-2011,31,Chrismas Coupon,Cheque,Raj,India,Fujairah,Keyboard,100,2,200,10
456,01-Apr-2011,29,Loyalty Coupon,Cash,Ramzan,Oman,Dubai,Mouse,50,3,150,5
457,02-Apr-2011,26,Black Friday,Visa Card,Kumayl,UAE,Abu Dhabi,Hard Disk,125,3,375,50
458,03-Apr-2011,18,Chrismas Coupon,Master Card,John,India,Sharjah,Mother Board,4500,2,9000,225
459,04-Apr-2011,23,Loyalty Coupon,Stripe,Abdullah,Oman,Ajman,RAM,175,1,175,50
460,05-Apr-2011,59,Black Friday,Cheque,David,UAE,RAK,Mobile,1200,2,2400,200
461,06-Apr-2011,67,Chrismas Coupon,Cash,Nancy,India,UAQ,Laptop,4500,1,4500,250
462,07-Apr-2011,30,Loyalty Coupon,Visa Card,Raj,Oman,Fujairah,Moniter,3000,2,6000,300
463,08-Apr-2011,29,Black Friday,Master Card,Ramzan,UAE,Dubai,Speaker,75,2,150,15
464,09-Apr-2011,66,Chrismas Coupon,Stripe,Kumayl,India,Abu Dhabi,Keyboard,100,1,100,10
465,10-Apr-2011,22,Loyalty Coupon,Cheque,John,Oman,Sharjah,Mouse,50,2,100,5
466,11-Apr-2011,28,Black Friday,Cash,Abdullah,UAE,Ajman,Hard Disk,125,3,375,50
467,12-Apr-2011,18,Chrismas Coupon,Visa Card,David,India,RAK,Mother Board,4500,3,13500,225
468,13-Apr-2011,31,Loyalty Coupon,Master Card,Nancy,Oman,UAQ,RAM,175,2,350,50
469,14-Apr-2011,32,Black Friday,Stripe,Raj,UAE,Fujairah,Mobile,1200,2,2400,200
470,15-Apr-2011,40,Chrismas Coupon,Cheque,Ramzan,India,Dubai,Laptop,4500,1,4500,250
471,16-Apr-2011,29,Loyalty Coupon,Cash,Kumayl,Oman,Abu Dhabi,Moniter,3000,1,3000,300
472,17-Apr-2011,34,Black Friday,Visa Card,John,UAE,Sharjah,Speaker,75,1,75,15
473,18-Apr-2011,22,Chrismas Coupon,Master Card,Abdullah,India,Ajman,Keyboard,100,2,200,10
474,19-Apr-2011,55,Loyalty Coupon,Stripe,David,Oman,RAK,Mouse,50,2,100,5
475,20-Apr-2011,50,Black Friday,Cheque,Nancy,UAE,UAQ,Hard Disk,125,3,375,50
476,21-Apr-2011,24,Chrismas Coupon,Cash,Raj,India,Fujairah,Mother Board,4500,3,13500,225
477,22-Apr-2011,69,Loyalty Coupon,Visa Card,Ramzan,Oman,Dubai,RAM,175,2,350,50
478,23-Apr-2011,32,Black Friday,Master Card,Kumayl,UAE,Abu Dhabi,Mobile,1200,2,2400,200
479,24-Apr-2011,31,Chrismas Coupon,Stripe,John,India,Sharjah,Laptop,4500,1,4500,250
480,25-Apr-2011,46,Loyalty Coupon,Cheque,Abdullah,Oman,Ajman,Moniter,3000,3,9000,300
481,26-Apr-2011,43,Black Friday,Cash,David,UAE,RAK,Speaker,75,1,75,15
482,27-Apr-2011,66,Chrismas Coupon,Visa Card,Nancy,India,UAQ,Keyboard,100,2,200,10
483,28-Apr-2011,29,Loyalty Coupon,Master Card,Raj,Oman,Fujairah,Mouse,50,3,150,5
484,29-Apr-2011,38,Black Friday,Stripe,Ramzan,UAE,Dubai,Hard Disk,125,3,375,50
485,30-Apr-2011,58,Chrismas Coupon,Cheque,Kumayl,India,Abu Dhabi,Mother Board,4500,1,4500,225
486,01-May-2011,20,Loyalty Coupon,Cash,John,Oman,Sharjah,RAM,175,1,175,50
487,02-May-2011,36,Black Friday,Visa Card,Abdullah,UAE,Ajman,Mobile,1200,1,1200,200
488,03-May-2011,33,Chrismas Coupon,Master Card,David,India,RAK,Laptop,4500,2,9000,250
489,04-May-2011,40,Loyalty Coupon,Stripe,Nancy,Oman,UAQ,Moniter,3000,1,3000,300
490,05-May-2011,32,Black Friday,Cheque,Raj,UAE,Fujairah,Speaker,75,1,75,15
491,06-May-2011,25,Chrismas Coupon,Cash,Ramzan,India,Dubai,Keyboard,100,2,200,10
492,07-May-2011,24,Loyalty Coupon,Visa Card,Kumayl,Oman,Abu Dhabi,Mouse,50,1,50,5
493,08-May-2011,43,Black Friday,Master Card,John,UAE,Sharjah,Hard Disk,125,2,250,50
494,09-May-2011,27,Chrismas Coupon,Stripe,Abdullah,India,Ajman,Mother Board,4500,3,13500,225
495,10-May-2011,39,Loyalty Coupon,Cheque,David,Oman,RAK,RAM,175,3,525,50
496,11-May-2011,65,Black Friday,Cash,Nancy,UAE,UAQ,Mobile,1200,3,3600,200
497,12-May-2011,28,Chrismas Coupon,Visa Card,Raj,India,Fujairah,Laptop,4500,1,4500,250
498,13-May-2011,43,Loyalty Coupon,Master Card,Ramzan,Oman,Dubai,Moniter,3000,2,6000,300
499,14-May-2011,51,Black Friday,Stripe,Kumayl,UAE,Abu Dhabi,Speaker,75,1,75,15
500,15-May-2011,59,Chrismas Coupon,Cheque,John,India,Sharjah,Keyboard,100,2,200,10
501,16-May-2011,19,Loyalty Coupon,Cash,Abdullah,Oman,Ajman,Mouse,50,1,50,5
502,17-May-2011,21,Black Friday,Visa Card,David,UAE,RAK,Hard Disk,125,2,250,50
503,18-May-2011,49,Chrismas Coupon,Master Card,Nancy,India,UAQ,Mother Board,4500,2,9000,225
504,19-May-2011,33,Loyalty Coupon,Stripe,Raj,Oman,Fujairah,RAM,175,2,350,50
505,20-May-2011,48,Black Friday,Cheque,Ramzan,UAE,Dubai,Mobile,1200,1,1200,200
506,21-May-2011,21,Chrismas Coupon,Cash,Kumayl,India,Abu Dhabi,Laptop,4500,3,13500,250
507,22-May-2011,59,Loyalty Coupon,Visa Card,John,Oman,Sharjah,Moniter,3000,1,3000,300
508,23-May-2011,39,Black Friday,Master Card,Abdullah,UAE,Ajman,Speaker,75,3,225,15
509,24-May-2011,70,Chrismas Coupon,Stripe,David,India,RAK,Keyboard,100,2,200,10
510,25-May-2011,33,Loyalty Coupon,Cheque,Nancy,Oman,UAQ,Mouse,50,1,50,5
511,26-May-2011,60,Black Friday,Cash,Raj,UAE,Fujairah,Hard Disk,125,3,375,50
512,27-May-2011,44,Chrismas Coupon,Visa Card,Ramzan,India,Dubai,Mother Board,4500,2,9000,225
513,28-May-2011,50,Loyalty Coupon,Master Card,Kumayl,Oman,Abu Dhabi,RAM,175,1,175,50
514,29-May-2011,44,Black Friday,Stripe,John,UAE,Sharjah,Mobile,1200,2,2400,200
515,30-May-2011,45,Chrismas Coupon,Cheque,Abdullah,India,Ajman,Laptop,4500,3,13500,250
516,31-May-2011,58,Loyalty Coupon,Cash,David,Oman,RAK,Moniter,3000,2,6000,300
517,01-Jun-2011,59,Black Friday,Visa Card,Nancy,UAE,UAQ,Speaker,75,3,225,15
518,02-Jun-2011,57,Chrismas Coupon,Master Card,Raj,India,Fujairah,Keyboard,100,3,300,10
519,03-Jun-2011,37,Loyalty Coupon,Stripe,Ramzan,Oman,Dubai,Mouse,50,3,150,5
520,04-Jun-2011,22,Black Friday,Cheque,Kumayl,UAE,Abu Dhabi,Hard Disk,125,1,125,50
521,05-Jun-2011,65,Chrismas Coupon,Cash,John,India,Sharjah,Mother Board,4500,2,9000,225
522,06-Jun-2011,42,Loyalty Coupon,Visa Card,Abdullah,Oman,Ajman,RAM,175,2,350,50
523,07-Jun-2011,22,Black Friday,Master Card,David,UAE,RAK,Mobile,1200,1,1200,200
524,08-Jun-2011,44,Chrismas Coupon,Stripe,Nancy,India,UAQ,Laptop,4500,3,13500,250
525,09-Jun-2011,51,Loyalty Coupon,Cheque,Raj,Oman,Fujairah,Moniter,3000,1,3000,300
526,10-Jun-2011,28,Black Friday,Cash,Ramzan,UAE,Dubai,Speaker,75,1,75,15
527,11-Jun-2011,63,Chrismas Coupon,Visa Card,Kumayl,India,Abu Dhabi,Keyboard,100,2,200,10
528,12-Jun-2011,67,Loyalty Coupon,Master Card,John,Oman,Sharjah,Mouse,50,2,100,5
529,13-Jun-2011,30,Black Friday,Stripe,Abdullah,UAE,Ajman,Hard Disk,125,3,375,50
530,14-Jun-2011,30,Chrismas Coupon,Cheque,David,India,RAK,Mother Board,4500,2,9000,225
531,15-Jun-2011,23,Loyalty Coupon,Cash,Nancy,Oman,UAQ,RAM,175,2,350,50
532,16-Jun-2011,66,Black Friday,Visa Card,Raj,UAE,Fujairah,Mobile,1200,1,1200,200
533,17-Jun-2011,62,Chrismas Coupon,Master Card,Ramzan,India,Dubai,Laptop,4500,2,9000,250
534,18-Jun-2011,28,Loyalty Coupon,Stripe,Kumayl,Oman,Abu Dhabi,Moniter,3000,2,6000,300
535,19-Jun-2011,67,Black Friday,Cheque,John,UAE,Sharjah,Speaker,75,1,75,15
536,20-Jun-2011,29,Chrismas Coupon,Cash,Abdullah,India,Ajman,Keyboard,100,3,300,10
537,21-Jun-2011,37,Loyalty Coupon,Visa Card,David,Oman,RAK,Mouse,50,3,150,5
538,22-Jun-2011,60,Black Friday,Master Card,Nancy,UAE,UAQ,Hard Disk,125,2,250,50
539,23-Jun-2011,51,Chrismas Coupon,Stripe,Raj,India,Fujairah,Mother Board,4500,2,9000,225
540,24-Jun-2011,59,Loyalty Coupon,Cheque,Ramzan,Oman,Dubai,RAM,175,1,175,50
541,25-Jun-2011,31,Black Friday,Cash,Kumayl,UAE,Abu Dhabi,Mobile,1200,1,1200,200
542,26-Jun-2011,57,Chrismas Coupon,Visa Card,John,India,Sharjah,Laptop,4500,2,9000,250
543,27-Jun-2011,27,Loyalty Coupon,Master Card,Abdullah,Oman,Ajman,Moniter,3000,3,9000,300
544,28-Jun-2011,55,Black Friday,Stripe,David,UAE,RAK,Speaker,75,1,75,15
545,29-Jun-2011,27,Chrismas Coupon,Cheque,Nancy,India,UAQ,Keyboard,100,3,300,10
546,30-Jun-2011,21,Loyalty Coupon,Cash,Raj,Oman,Fujairah,Mouse,50,1,50,5
547,01-Jul-2011,51,Black Friday,Visa Card,Ramzan,UAE,Dubai,Hard Disk,125,1,125,50
548,02-Jul-2011,21,Chrismas Coupon,Master Card,Kumayl,India,Abu Dhabi,Mother Board,4500,3,13500,225
549,03-Jul-2011,65,Loyalty Coupon,Stripe,John,Oman,Sharjah,RAM,175,3,525,50
550,04-Jul-2011,37,Black Friday,Cheque,Abdullah,UAE,Ajman,Mobile,1200,1,1200,200
551,05-Jul-2011,48,Chrismas Coupon,Cash,David,India,RAK,Laptop,4500,3,13500,250
552,06-Jul-2011,42,Loyalty Coupon,Visa Card,Nancy,Oman,UAQ,Moniter,3000,2,6000,300
553,07-Jul-2011,56,Black Friday,Master Card,Raj,UAE,Fujairah,Speaker,75,2,150,15
554,08-Jul-2011,26,Chrismas Coupon,Stripe,Ramzan,India,Dubai,Keyboard,100,2,200,10
555,09-Jul-2011,32,Loyalty Coupon,Cheque,Kumayl,Oman,Abu Dhabi,Mouse,50,3,150,5
556,10-Jul-2011,34,Black Friday,Cash,John,UAE,Sharjah,Hard Disk,125,2,250,50
557,11-Jul-2011,45,Chrismas Coupon,Visa Card,Abdullah,India,Ajman,Mother Board,4500,2,9000,225
558,12-Jul-2011,22,Loyalty Coupon,Master Card,David,Oman,RAK,RAM,175,3,525,50
559,13-Jul-2011,62,Black Friday,Stripe,Nancy,UAE,UAQ,Mobile,1200,3,3600,200
560,14-Jul-2011,30,Chrismas Coupon,Cheque,Raj,India,Fujairah,Laptop,4500,1,4500,250
561,15-Jul-2011,45,Loyalty Coupon,Cash,Ramzan,Oman,Dubai,Moniter,3000,2,6000,300
562,16-Jul-2011,29,Black Friday,Visa Card,Kumayl,UAE,Abu Dhabi,Speaker,75,1,75,15
563,17-Jul-2011,61,Chrismas Coupon,Master Card,John,India,Sharjah,Keyboard,100,1,100,10
564,18-Jul-2011,47,Loyalty Coupon,Stripe,Abdullah,Oman,Ajman,Mouse,50,1,50,5
565,19-Jul-2011,57,Black Friday,Cheque,David,UAE,RAK,Hard Disk,125,3,375,50
566,20-Jul-2011,55,Chrismas Coupon,Cash,Nancy,India,UAQ,Mother Board,4500,1,4500,225
567,21-Jul-2011,70,Loyalty Coupon,Visa Card,Raj,Oman,Fujairah,RAM,175,2,350,50
568,22-Jul-2011,51,Black Friday,Master Card,Ramzan,UAE,Dubai,Mobile,1200,1,1200,200
569,23-Jul-2011,34,Chrismas Coupon,Stripe,Kumayl,India,Abu Dhabi,Laptop,4500,2,9000,250
570,24-Jul-2011,41,Loyalty Coupon,Cheque,John,Oman,Sharjah,Moniter,3000,3,9000,300
571,25-Jul-2011,40,Black Friday,Cash,Abdullah,UAE,Ajman,Speaker,75,2,150,15
572,26-Jul-2011,67,Chrismas Coupon,Visa Card,David,India,RAK,Keyboard,100,2,200,10
573,27-Jul-2011,66,Loyalty Coupon,Master Card,Nancy,Oman,UAQ,Mouse,50,1,50,5
574,28-Jul-2011,40,Black Friday,Stripe,Raj,UAE,Fujairah,Hard Disk,125,3,375,50
575,29-Jul-2011,39,Chrismas Coupon,Cheque,Ramzan,India,Dubai,Mother Board,4500,3,13500,225
576,30-Jul-2011,21,Loyalty Coupon,Cash,Kumayl,Oman,Abu Dhabi,RAM,175,3,525,50
577,31-Jul-2011,67,Black Friday,Visa Card,John,UAE,Sharjah,Mobile,1200,3,3600,200
578,01-Aug-2011,31,Chrismas Coupon,Master Card,Abdullah,India,Ajman,Laptop,4500,1,4500,250
579,02-Aug-2011,27,Loyalty Coupon,Stripe,David,Oman,RAK,Moniter,3000,1,3000,300
580,03-Aug-2011,49,Black Friday,Cheque,Nancy,UAE,UAQ,Speaker,75,1,75,15
581,04-Aug-2011,61,Chrismas Coupon,Cash,Raj,India,Fujairah,Keyboard,100,2,200,10
582,05-Aug-2011,25,Loyalty Coupon,Visa Card,Ramzan,Oman,Dubai,Mouse,50,1,50,5
583,06-Aug-2011,34,Black Friday,Master Card,Kumayl,UAE,Abu Dhabi,Hard Disk,125,1,125,50
584,07-Aug-2011,54,Chrismas Coupon,Stripe,John,India,Sharjah,Mother Board,4500,2,9000,225
585,08-Aug-2011,65,Loyalty Coupon,Cheque,Abdullah,Oman,Ajman,RAM,175,1,175,50
586,09-Aug-2011,70,Black Friday,Cash,David,UAE,RAK,Mobile,1200,2,2400,200
587,10-Aug-2011,23,Chrismas Coupon,Visa Card,Nancy,India,UAQ,Laptop,4500,1,4500,250
588,11-Aug-2011,46,Loyalty Coupon,Master Card,Raj,Oman,Fujairah,Moniter,3000,3,9000,300
589,12-Aug-2011,67,Black Friday,Stripe,Ramzan,UAE,Dubai,Speaker,75,1,75,15
590,13-Aug-2011,44,Chrismas Coupon,Cheque,Kumayl,India,Abu Dhabi,Keyboard,100,1,100,10
591,14-Aug-2011,45,Loyalty Coupon,Cash,John,Oman,Sharjah,Mouse,50,1,50,5
592,15-Aug-2011,25,Black Friday,Visa Card,Abdullah,UAE,Ajman,Hard Disk,125,2,250,50
593,16-Aug-2011,58,Chrismas Coupon,Master Card,David,India,RAK,Mother Board,4500,3,13500,225
594,17-Aug-2011,43,Loyalty Coupon,Stripe,Nancy,Oman,UAQ,RAM,175,3,525,50
595,18-Aug-2011,43,Black Friday,Cheque,Raj,UAE,Fujairah,Mobile,1200,2,2400,200
596,19-Aug-2011,70,Chrismas Coupon,Cash,Ramzan,India,Dubai,Laptop,4500,2,9000,250
597,20-Aug-2011,42,Loyalty Coupon,Visa Card,Kumayl,Oman,Abu Dhabi,Moniter,3000,1,3000,300
598,21-Aug-2011,63,Black Friday,Master Card,John,UAE,Sharjah,Speaker,75,2,150,15
599,22-Aug-2011,19,Chrismas Coupon,Stripe,Abdullah,India,Ajman,Keyboard,100,2,200,10
600,23-Aug-2011,46,Loyalty Coupon,Cheque,David,Oman,RAK,Mouse,50,2,100,5
601,24-Aug-2011,51,Black Friday,Cash,Nancy,UAE,UAQ,Hard Disk,125,3,375,50
602,25-Aug-2011,30,Chrismas Coupon,Visa Card,Raj,India,Fujairah,Mother Board,4500,1,4500,225
603,26-Aug-2011,25,Loyalty Coupon,Master Card,Ramzan,Oman,Dubai,RAM,175,2,350,50
604,27-Aug-2011,49,Black Friday,Stripe,Kumayl,UAE,Abu Dhabi,Mobile,1200,1,1200,200
605,28-Aug-2011,44,Chrismas Coupon,Cheque,John,India,Sharjah,Laptop,4500,2,9000,250
606,29-Aug-2011,51,Loyalty Coupon,Cash,Abdullah,Oman,Ajman,Moniter,3000,3,9000,300
607,30-Aug-2011,35,Black Friday,Visa Card,David,UAE,RAK,Speaker,75,3,225,15
608,31-Aug-2011,54,Chrismas Coupon,Master Card,Nancy,India,UAQ,Keyboard,100,3,300,10
609,01-Sep-2011,65,Loyalty Coupon,Stripe,Raj,Oman,Fujairah,Mouse,50,2,100,5
610,02-Sep-2011,33,Black Friday,Cheque,Ramzan,UAE,Dubai,Hard Disk,125,2,250,50
611,03-Sep-2011,57,Chrismas Coupon,Cash,Kumayl,India,Abu Dhabi,Mother Board,4500,1,4500,225
612,04-Sep-2011,31,Loyalty Coupon,Visa Card,John,Oman,Sharjah,RAM,175,2,350,50
613,05-Sep-2011,27,Black Friday,Master Card,Abdullah,UAE,Ajman,Mobile,1200,1,1200,200
614,06-Sep-2011,26,Chrismas Coupon,Stripe,David,India,RAK,Laptop,4500,1,4500,250
615,07-Sep-2011,43,Loyalty Coupon,Cheque,Nancy,Oman,UAQ,Moniter,3000,1,3000,300
616,08-Sep-2011,28,Black Friday,Cash,Raj,UAE,Fujairah,Speaker,75,3,225,15
617,09-Sep-2011,59,Chrismas Coupon,Visa Card,Ramzan,India,Dubai,Keyboard,100,2,200,10
618,10-Sep-2011,66,Loyalty Coupon,Master Card,Kumayl,Oman,Abu Dhabi,Mouse,50,2,100,5
619,11-Sep-2011,68,Black Friday,Stripe,John,UAE,Sharjah,Hard Disk,125,2,250,50
620,12-Sep-2011,19,Chrismas Coupon,Cheque,Abdullah,India,Ajman,Mother Board,4500,2,9000,225
621,13-Sep-2011,41,Loyalty Coupon,Cash,David,Oman,RAK,RAM,175,3,525,50
622,14-Sep-2011,49,Black Friday,Visa Card,Nancy,UAE,UAQ,Mobile,1200,2,2400,200
623,15-Sep-2011,61,Chrismas Coupon,Master Card,Raj,India,Fujairah,Laptop,4500,2,9000,250
624,16-Sep-2011,20,Loyalty Coupon,Stripe,Ramzan,Oman,Dubai,Moniter,3000,3,9000,300
625,17-Sep-2011,25,Black Friday,Cheque,Kumayl,UAE,Abu Dhabi,Speaker,75,3,225,15
626,18-Sep-2011,53,Chrismas Coupon,Cash,John,India,Sharjah,Keyboard,100,2,200,10
627,19-Sep-2011,70,Loyalty Coupon,Visa Card,Abdullah,Oman,Ajman,Mouse,50,2,100,5
628,20-Sep-2011,30,Black Friday,Master Card,David,UAE,RAK,Hard Disk,125,3,375,50
629,21-Sep-2011,50,Chrismas Coupon,Stripe,Nancy,India,UAQ,Mother Board,4500,3,13500,225
630,22-Sep-2011,48,Loyalty Coupon,Cheque,Raj,Oman,Fujairah,RAM,175,1,175,50
631,23-Sep-2011,66,Black Friday,Cash,Ramzan,UAE,Dubai,Mobile,1200,3,3600,200
632,24-Sep-2011,28,Chrismas Coupon,Visa Card,Kumayl,India,Abu Dhabi,Laptop,4500,2,9000,250
633,25-Sep-2011,52,Loyalty Coupon,Master Card,John,Oman,Sharjah,Moniter,3000,1,3000,300
634,26-Sep-2011,60,Black Friday,Stripe,Abdullah,UAE,Ajman,Speaker,75,1,75,15
635,27-Sep-2011,29,Chrismas Coupon,Cheque,David,India,RAK,Keyboard,100,2,200,10
636,28-Sep-2011,19,Loyalty Coupon,Cash,Nancy,Oman,UAQ,Mouse,50,1,50,5
637,29-Sep-2011,44,Black Friday,Visa Card,Raj,UAE,Fujairah,Hard Disk,125,3,375,50
638,30-Sep-2011,59,Chrismas Coupon,Master Card,Ramzan,India,Dubai,Mother Board,4500,2,9000,225
639,01-Oct-2011,38,Loyalty Coupon,Stripe,Kumayl,Oman,Abu Dhabi,RAM,175,1,175,50
640,02-Oct-2011,65,Black Friday,Cheque,John,UAE,Sharjah,Mobile,1200,2,2400,200
641,03-Oct-2011,51,Chrismas Coupon,Cash,Abdullah,India,Ajman,Laptop,4500,1,4500,250
642,04-Oct-2011,18,Loyalty Coupon,Visa Card,David,Oman,RAK,Moniter,3000,1,3000,300
643,05-Oct-2011,21,Black Friday,Master Card,Nancy,UAE,UAQ,Speaker,75,1,75,15
644,06-Oct-2011,43,Chrismas Coupon,Stripe,Raj,India,Fujairah,Keyboard,100,3,300,10
645,07-Oct-2011,26,Loyalty Coupon,Cheque,Ramzan,Oman,Dubai,Mouse,50,1,50,5
646,08-Oct-2011,41,Black Friday,Cash,Kumayl,UAE,Abu Dhabi,Hard Disk,125,1,125,50
647,09-Oct-2011,33,Chrismas Coupon,Visa Card,John,India,Sharjah,Mother Board,4500,1,4500,225
648,10-Oct-2011,30,Loyalty Coupon,Master Card,Abdullah,Oman,Ajman,RAM,175,1,175,50
649,11-Oct-2011,19,Black Friday,Stripe,David,UAE,RAK,Mobile,1200,2,2400,200
650,12-Oct-2011,63,Chrismas Coupon,Cheque,Nancy,India,UAQ,Laptop,4500,3,13500,250
651,13-Oct-2011,31,Loyalty Coupon,Cash,Raj,Oman,Fujairah,Moniter,3000,1,3000,300
652,14-Oct-2011,28,Black Friday,Visa Card,Ramzan,UAE,Dubai,Speaker,75,1,75,15
653,15-Oct-2011,51,Chrismas Coupon,Master Card,Kumayl,India,Abu Dhabi,Keyboard,100,1,100,10
654,16-Oct-2011,59,Loyalty Coupon,Stripe,John,Oman,Sharjah,Mouse,50,1,50,5
655,17-Oct-2011,31,Black Friday,Cheque,Abdullah,UAE,Ajman,Hard Disk,125,2,250,50
656,18-Oct-2011,27,Chrismas Coupon,Cash,David,India,RAK,Mother Board,4500,3,13500,225
657,19-Oct-2011,45,Loyalty Coupon,Visa Card,Nancy,Oman,UAQ,RAM,175,3,525,50
658,20-Oct-2011,26,Black Friday,Master Card,Raj,UAE,Fujairah,Mobile,1200,2,2400,200
659,21-Oct-2011,26,Chrismas Coupon,Stripe,Ramzan,India,Dubai,Laptop,4500,2,9000,250
660,22-Oct-2011,35,Loyalty Coupon,Cheque,Kumayl,Oman,Abu Dhabi,Moniter,3000,1,3000,300
661,23-Oct-2011,64,Black Friday,Cash,John,UAE,Sharjah,Speaker,75,1,75,15
662,24-Oct-2011,28,Chrismas Coupon,Visa Card,Abdullah,India,Ajman,Keyboard,100,1,100,10
663,25-Oct-2011,51,Loyalty Coupon,Master Card,David,Oman,RAK,Mouse,50,1,50,5
664,26-Oct-2011,42,Black Friday,Stripe,Nancy,UAE,UAQ,Hard Disk,125,2,250,50
665,27-Oct-2011,70,Chrismas Coupon,Cheque,Raj,India,Fujairah,Mother Board,4500,1,4500,225
666,28-Oct-2011,61,Loyalty Coupon,Cash,Ramzan,Oman,Dubai,RAM,175,1,175,50
667,29-Oct-2011,20,Black Friday,Visa Card,Kumayl,UAE,Abu Dhabi,Mobile,1200,1,1200,200
668,30-Oct-2011,48,Chrismas Coupon,Master Card,John,India,Sharjah,Laptop,4500,3,13500,250
669,31-Oct-2011,53,Loyalty Coupon,Stripe,Abdullah,Oman,Ajman,Moniter,3000,1,3000,300
670,01-Nov-2011,45,Black Friday,Cheque,David,UAE,RAK,Speaker,75,2,150,15
671,02-Nov-2011,48,Chrismas Coupon,Cash,Nancy,India,UAQ,Keyboard,100,1,100,10
672,03-Nov-2011,55,Loyalty Coupon,Visa Card,Raj,Oman,Fujairah,Mouse,50,1,50,5
673,04-Nov-2011,53,Black Friday,Master Card,Ramzan,UAE,Dubai,Hard Disk,125,3,375,50
674,05-Nov-2011,60,Chrismas Coupon,Stripe,Kumayl,India,Abu Dhabi,Mother Board,4500,1,4500,225
675,06-Nov-2011,36,Loyalty Coupon,Cheque,John,Oman,Sharjah,RAM,175,3,525,50
676,07-Nov-2011,35,Black Friday,Cash,Abdullah,UAE,Ajman,Mobile,1200,3,3600,200
677,08-Nov-2011,64,Chrismas Coupon,Visa Card,David,India,RAK,Laptop,4500,3,13500,250
678,09-Nov-2011,41,Loyalty Coupon,Master Card,Nancy,Oman,UAQ,Moniter,3000,2,6000,300
679,10-Nov-2011,21,Black Friday,Stripe,Raj,UAE,Fujairah,Speaker,75,3,225,15
680,11-Nov-2011,47,Chrismas Coupon,Cheque,Ramzan,India,Dubai,Keyboard,100,1,100,10
681,12-Nov-2011,48,Loyalty Coupon,Cash,Kumayl,Oman,Abu Dhabi,Mouse,50,2,100,5
682,13-Nov-2011,63,Black Friday,Visa Card,John,UAE,Sharjah,Hard Disk,125,3,375,50
683,14-Nov-2011,66,Chrismas Coupon,Master Card,Abdullah,India,Ajman,Mother Board,4500,2,9000,225
684,15-Nov-2011,41,Loyalty Coupon,Stripe,David,Oman,RAK,RAM,175,2,350,50
685,16-Nov-2011,39,Black Friday,Cheque,Nancy,UAE,UAQ,Mobile,1200,1,1200,200
686,17-Nov-2011,69,Chrismas Coupon,Cash,Raj,India,Fujairah,Laptop,4500,3,13500,250
687,18-Nov-2011,60,Loyalty Coupon,Visa Card,Ramzan,Oman,Dubai,Moniter,3000,1,3000,300
688,19-Nov-2011,21,Black Friday,Master Card,Kumayl,UAE,Abu Dhabi,Speaker,75,3,225,15
689,20-Nov-2011,18,Chrismas Coupon,Stripe,John,India,Sharjah,Keyboard,100,1,100,10
690,21-Nov-2011,58,Loyalty Coupon,Cheque,Abdullah,Oman,Ajman,Mouse,50,2,100,5
691,22-Nov-2011,25,Black Friday,Cash,David,UAE,RAK,Hard Disk,125,3,375,50
692,23-Nov-2011,70,Chrismas Coupon,Visa Card,Nancy,India,UAQ,Mother Board,4500,3,13500,225
693,24-Nov-2011,21,Loyalty Coupon,Master Card,Raj,Oman,Fujairah,RAM,175,3,525,50
694,25-Nov-2011,39,Black Friday,Stripe,Ramzan,UAE,Dubai,Mobile,1200,3,3600,200
695,26-Nov-2011,42,Chrismas Coupon,Cheque,Kumayl,India,Abu Dhabi,Laptop,4500,3,13500,250
696,27-Nov-2011,59,Loyalty Coupon,Cash,John,Oman,Sharjah,Moniter,3000,3,9000,300
697,28-Nov-2011,28,Black Friday,Visa Card,Abdullah,UAE,Ajman,Speaker,75,3,225,15
698,29-Nov-2011,63,Chrismas Coupon,Master Card,David,India,RAK,Keyboard,100,1,100,10
699,30-Nov-2011,66,Loyalty Coupon,Stripe,Nancy,Oman,UAQ,Mouse,50,3,150,5
700,01-Dec-2011,49,Black Friday,Cheque,Raj,UAE,Fujairah,Hard Disk,125,3,375,50
701,02-Dec-2011,23,Chrismas Coupon,Cash,Ramzan,India,Dubai,Mother Board,4500,1,4500,225
702,03-Dec-2011,61,Loyalty Coupon,Visa Card,Kumayl,Oman,Abu Dhabi,RAM,175,3,525,50
703,04-Dec-2011,42,Black Friday,Master Card,John,UAE,Sharjah,Mobile,1200,1,1200,200
704,05-Dec-2011,25,Chrismas Coupon,Stripe,Abdullah,India,Ajman,Laptop,4500,2,9000,250
705,06-Dec-2011,35,Loyalty Coupon,Cheque,David,Oman,RAK,Moniter,3000,1,3000,300
706,07-Dec-2011,45,Black Friday,Cash,Nancy,UAE,UAQ,Speaker,75,3,225,15
707,08-Dec-2011,20,Chrismas Coupon,Visa Card,Raj,India,Fujairah,Keyboard,100,3,300,10
708,09-Dec-2011,60,Loyalty Coupon,Master Card,Ramzan,Oman,Dubai,Mouse,50,3,150,5
709,10-Dec-2011,65,Black Friday,Stripe,Kumayl,UAE,Abu Dhabi,Hard Disk,125,1,125,50
710,11-Dec-2011,57,Chrismas Coupon,Cheque,John,India,Sharjah,Mother Board,4500,1,4500,225
711,12-Dec-2011,46,Loyalty Coupon,Cash,Abdullah,Oman,Ajman,RAM,175,1,175,50
712,13-Dec-2011,23,Black Friday,Visa Card,David,UAE,RAK,Mobile,1200,2,2400,200
713,14-Dec-2011,22,Chrismas Coupon,Master Card,Nancy,India,UAQ,Laptop,4500,2,9000,250
714,15-Dec-2011,22,Loyalty Coupon,Stripe,Raj,Oman,Fujairah,Moniter,3000,3,9000,300
715,16-Dec-2011,32,Black Friday,Cheque,Ramzan,UAE,Dubai,Speaker,75,3,225,15
716,17-Dec-2011,28,Chrismas Coupon,Cash,Kumayl,India,Abu Dhabi,Keyboard,100,2,200,10
717,18-Dec-2011,51,Loyalty Coupon,Visa Card,John,Oman,Sharjah,Mouse,50,1,50,5
718,19-Dec-2011,55,Black Friday,Master Card,Abdullah,UAE,Ajman,Hard Disk,125,3,375,50
719,20-Dec-2011,42,Chrismas Coupon,Stripe,David,India,RAK,Mother Board,4500,3,13500,225
720,21-Dec-2011,24,Loyalty Coupon,Cheque,Nancy,Oman,UAQ,RAM,175,3,525,50
721,22-Dec-2011,37,Black Friday,Cash,Raj,UAE,Fujairah,Mobile,1200,2,2400,200
722,23-Dec-2011,19,Chrismas Coupon,Visa Card,Ramzan,India,Dubai,Laptop,4500,3,13500,250
723,24-Dec-2011,57,Loyalty Coupon,Master Card,Kumayl,Oman,Abu Dhabi,Moniter,3000,2,6000,300
724,25-Dec-2011,51,Black Friday,Stripe,John,UAE,Sharjah,Speaker,75,2,150,15
725,26-Dec-2011,35,Chrismas Coupon,Cheque,Abdullah,India,Ajman,Keyboard,100,2,200,10
726,27-Dec-2011,18,Loyalty Coupon,Cash,David,Oman,RAK,Mouse,50,2,100,5
727,28-Dec-2011,52,Black Friday,Visa Card,Nancy,UAE,UAQ,Hard Disk,125,3,375,50
728,29-Dec-2011,40,Chrismas Coupon,Master Card,Raj,India,Fujairah,Mother Board,4500,1,4500,225
729,30-Dec-2011,26,Loyalty Coupon,Stripe,Ramzan,Oman,Dubai,RAM,175,1,175,50
730,31-Dec-2011,65,Black Friday,Cheque,Kumayl,UAE,Abu Dhabi,Mobile,1200,3,3600,200
731,01-Jan-2012,68,Chrismas Coupon,Cash,John,India,Sharjah,Laptop,4500,3,13500,250
732,02-Jan-2012,41,Loyalty Coupon,Visa Card,Abdullah,Oman,Ajman,Moniter,3000,2,6000,300
733,03-Jan-2012,70,Black Friday,Master Card,David,UAE,RAK,Speaker,75,3,225,15
734,04-Jan-2012,23,Chrismas Coupon,Stripe,Nancy,India,UAQ,Keyboard,100,2,200,10
735,05-Jan-2012,50,Loyalty Coupon,Cheque,Raj,Oman,Fujairah,Mouse,50,2,100,5
736,06-Jan-2012,39,Black Friday,Cash,Ramzan,UAE,Dubai,Hard Disk,125,1,125,50
737,07-Jan-2012,35,Chrismas Coupon,Visa Card,Kumayl,India,Abu Dhabi,Mother Board,4500,3,13500,225
738,08-Jan-2012,63,Loyalty Coupon,Master Card,John,Oman,Sharjah,RAM,175,2,350,50
739,09-Jan-2012,22,Black Friday,Stripe,Abdullah,UAE,Ajman,Mobile,1200,3,3600,200
740,10-Jan-2012,34,Chrismas Coupon,Cheque,David,India,RAK,Laptop,4500,2,9000,250
741,11-Jan-2012,52,Loyalty Coupon,Cash,Nancy,Oman,UAQ,Moniter,3000,3,9000,300
742,12-Jan-2012,33,Black Friday,Visa Card,Raj,UAE,Fujairah,Speaker,75,3,225,15
743,13-Jan-2012,54,Chrismas Coupon,Master Card,Ramzan,India,Dubai,Keyboard,100,1,100,10
744,14-Jan-2012,26,Loyalty Coupon,Stripe,Kumayl,Oman,Abu Dhabi,Mouse,50,3,150,5
745,15-Jan-2012,68,Black Friday,Cheque,John,UAE,Sharjah,Hard Disk,125,3,375,50
746,16-Jan-2012,59,Chrismas Coupon,Cash,Abdullah,India,Ajman,Mother Board,4500,2,9000,225
747,17-Jan-2012,33,Loyalty Coupon,Visa Card,David,Oman,RAK,RAM,175,3,525,50
748,18-Jan-2012,44,Black Friday,Master Card,Nancy,UAE,UAQ,Mobile,1200,3,3600,200
749,19-Jan-2012,23,Chrismas Coupon,Stripe,Raj,India,Fujairah,Laptop,4500,2,9000,250
750,20-Jan-2012,34,Loyalty Coupon,Cheque,Ramzan,Oman,Dubai,Moniter,3000,2,6000,300
751,21-Jan-2012,60,Black Friday,Cash,Kumayl,UAE,Abu Dhabi,Speaker,75,3,225,15
752,22-Jan-2012,38,Chrismas Coupon,Visa Card,John,India,Sharjah,Keyboard,100,2,200,10
753,23-Jan-2012,35,Loyalty Coupon,Master Card,Abdullah,Oman,Ajman,Mouse,50,2,100,5
754,24-Jan-2012,68,Black Friday,Stripe,David,UAE,RAK,Hard Disk,125,3,375,50
755,25-Jan-2012,32,Chrismas Coupon,Cheque,Nancy,India,UAQ,Mother Board,4500,2,9000,225
756,26-Jan-2012,61,Loyalty Coupon,Cash,Raj,Oman,Fujairah,RAM,175,2,350,50
757,27-Jan-2012,32,Black Friday,Visa Card,Ramzan,UAE,Dubai,Mobile,1200,1,1200,200
758,28-Jan-2012,46,Chrismas Coupon,Master Card,Kumayl,India,Abu Dhabi,Laptop,4500,2,9000,250
759,29-Jan-2012,25,Loyalty Coupon,Stripe,John,Oman,Sharjah,Moniter,3000,2,6000,300
760,30-Jan-2012,44,Black Friday,Cheque,Abdullah,UAE,Ajman,Speaker,75,3,225,15
761,31-Jan-2012,53,Chrismas Coupon,Cash,David,India,RAK,Keyboard,100,2,200,10
762,01-Feb-2012,53,Loyalty Coupon,Visa Card,Nancy,Oman,UAQ,Mouse,50,3,150,5
763,02-Feb-2012,36,Black Friday,Master Card,Raj,UAE,Fujairah,Hard Disk,125,2,250,50
764,03-Feb-2012,44,Chrismas Coupon,Stripe,Ramzan,India,Dubai,Mother Board,4500,3,13500,225
765,04-Feb-2012,25,Loyalty Coupon,Cheque,Kumayl,Oman,Abu Dhabi,RAM,175,2,350,50
766,05-Feb-2012,45,Black Friday,Cash,John,UAE,Sharjah,Mobile,1200,2,2400,200
767,06-Feb-2012,18,Chrismas Coupon,Visa Card,Abdullah,India,Ajman,Laptop,4500,2,9000,250
768,07-Feb-2012,48,Loyalty Coupon,Master Card,David,Oman,RAK,Moniter,3000,1,3000,300
769,08-Feb-2012,53,Black Friday,Stripe,Nancy,UAE,UAQ,Speaker,75,3,225,15
770,09-Feb-2012,46,Chrismas Coupon,Cheque,Raj,India,Fujairah,Keyboard,100,3,300,10
771,10-Feb-2012,31,Loyalty Coupon,Cash,Ramzan,Oman,Dubai,Mouse,50,2,100,5
772,11-Feb-2012,68,Black Friday,Visa Card,Kumayl,UAE,Abu Dhabi,Hard Disk,125,1,125,50
773,12-Feb-2012,39,Chrismas Coupon,Master Card,John,India,Sharjah,Mother Board,4500,2,9000,225
774,13-Feb-2012,21,Loyalty Coupon,Stripe,Abdullah,Oman,Ajman,RAM,175,2,350,50
775,14-Feb-2012,63,Black Friday,Cheque,David,UAE,RAK,Mobile,1200,2,2400,200
776,15-Feb-2012,49,Chrismas Coupon,Cash,Nancy,India,UAQ,Laptop,4500,2,9000,250
777,16-Feb-2012,45,Loyalty Coupon,Visa Card,Raj,Oman,Fujairah,Moniter,3000,1,3000,300
778,17-Feb-2012,29,Black Friday,Master Card,Ramzan,UAE,Dubai,Speaker,75,1,75,15
779,18-Feb-2012,18,Chrismas Coupon,Stripe,Kumayl,India,Abu Dhabi,Keyboard,100,2,200,10
780,19-Feb-2012,41,Loyalty Coupon,Cheque,John,Oman,Sharjah,Mouse,50,2,100,5
781,20-Feb-2012,40,Black Friday,Cash,Abdullah,UAE,Ajman,Hard Disk,125,2,250,50
782,21-Feb-2012,54,Chrismas Coupon,Visa Card,David,India,RAK,Mother Board,4500,2,9000,225
783,22-Feb-2012,51,Loyalty Coupon,Master Card,Nancy,Oman,UAQ,RAM,175,3,525,50
784,23-Feb-2012,49,Black Friday,Stripe,Raj,UAE,Fujairah,Mobile,1200,2,2400,200
785,24-Feb-2012,37,Chrismas Coupon,Cheque,Ramzan,India,Dubai,Laptop,4500,1,4500,250
786,25-Feb-2012,45,Loyalty Coupon,Cash,Kumayl,Oman,Abu Dhabi,Moniter,3000,1,3000,300
787,26-Feb-2012,45,Black Friday,Visa Card,John,UAE,Sharjah,Speaker,75,2,150,15
788,27-Feb-2012,37,Chrismas Coupon,Master Card,Abdullah,India,Ajman,Keyboard,100,1,100,10
789,28-Feb-2012,58,Loyalty Coupon,Stripe,David,Oman,RAK,Mouse,50,2,100,5
790,29-Feb-2012,64,Black Friday,Cheque,Nancy,UAE,UAQ,Hard Disk,125,3,375,50
791,01-Mar-2012,52,Chrismas Coupon,Cash,Raj,India,Fujairah,Mother Board,4500,3,13500,225
792,02-Mar-2012,56,Loyalty Coupon,Visa Card,Ramzan,Oman,Dubai,RAM,175,3,525,50
793,03-Mar-2012,27,Black Friday,Master Card,Kumayl,UAE,Abu Dhabi,Mobile,1200,3,3600,200
794,04-Mar-2012,35,Chrismas Coupon,Stripe,John,India,Sharjah,Laptop,4500,3,13500,250
795,05-Mar-2012,26,Loyalty Coupon,Cheque,Abdullah,Oman,Ajman,Moniter,3000,2,6000,300
796,06-Mar-2012,50,Black Friday,Cash,David,UAE,RAK,Speaker,75,1,75,15
797,07-Mar-2012,19,Chrismas Coupon,Visa Card,Nancy,India,UAQ,Keyboard,100,1,100,10
798,08-Mar-2012,30,Loyalty Coupon,Master Card,Raj,Oman,Fujairah,Mouse,50,2,100,5
799,09-Mar-2012,34,Black Friday,Stripe,Ramzan,UAE,Dubai,Hard Disk,125,3,375,50
800,10-Mar-2012,48,Chrismas Coupon,Cheque,Kumayl,India,Abu Dhabi,Mother Board,4500,2,9000,225
801,11-Mar-2012,66,Loyalty Coupon,Cash,John,Oman,Sharjah,RAM,175,3,525,50
802,12-Mar-2012,50,Black Friday,Visa Card,Abdullah,UAE,Ajman,Mobile,1200,3,3600,200
803,13-Mar-2012,65,Chrismas Coupon,Master Card,David,India,RAK,Laptop,4500,2,9000,250
804,14-Mar-2012,22,Loyalty Coupon,Stripe,Nancy,Oman,UAQ,Moniter,3000,2,6000,300
805,15-Mar-2012,63,Black Friday,Cheque,Raj,UAE,Fujairah,Speaker,75,2,150,15
806,16-Mar-2012,39,Chrismas Coupon,Cash,Ramzan,India,Dubai,Keyboard,100,2,200,10
807,17-Mar-2012,18,Loyalty Coupon,Visa Card,Kumayl,Oman,Abu Dhabi,Mouse,50,2,100,5
808,18-Mar-2012,20,Black Friday,Master Card,John,UAE,Sharjah,Hard Disk,125,1,125,50
809,19-Mar-2012,21,Chrismas Coupon,Stripe,Abdullah,India,Ajman,Mother Board,4500,3,13500,225
810,20-Mar-2012,32,Loyalty Coupon,Cheque,David,Oman,RAK,RAM,175,2,350,50
811,21-Mar-2012,49,Black Friday,Cash,Nancy,UAE,UAQ,Mobile,1200,2,2400,200
812,22-Mar-2012,34,Chrismas Coupon,Visa Card,Raj,India,Fujairah,Laptop,4500,1,4500,250
813,23-Mar-2012,61,Loyalty Coupon,Master Card,Ramzan,Oman,Dubai,Moniter,3000,3,9000,300
814,24-Mar-2012,62,Black Friday,Stripe,Kumayl,UAE,Abu Dhabi,Speaker,75,2,150,15
815,25-Mar-2012,22,Chrismas Coupon,Cheque,John,India,Sharjah,Keyboard,100,2,200,10
816,26-Mar-2012,31,Loyalty Coupon,Cash,Abdullah,Oman,Ajman,Mouse,50,3,150,5
817,27-Mar-2012,23,Black Friday,Visa Card,David,UAE,RAK,Hard Disk,125,1,125,50
818,28-Mar-2012,24,Chrismas Coupon,Master Card,Nancy,India,UAQ,Mother Board,4500,1,4500,225
819,29-Mar-2012,55,Loyalty Coupon,Stripe,Raj,Oman,Fujairah,RAM,175,2,350,50
820,30-Mar-2012,41,Black Friday,Cheque,Ramzan,UAE,Dubai,Mobile,1200,3,3600,200
821,31-Mar-2012,51,Chrismas Coupon,Cash,Kumayl,India,Abu Dhabi,Laptop,4500,1,4500,250
822,01-Apr-2012,27,Loyalty Coupon,Visa Card,John,Oman,Sharjah,Moniter,3000,1,3000,300
823,02-Apr-2012,33,Black Friday,Master Card,Abdullah,UAE,Ajman,Speaker,75,1,75,15
824,03-Apr-2012,64,Chrismas Coupon,Stripe,David,India,RAK,Keyboard,100,2,200,10
825,04-Apr-2012,43,Loyalty Coupon,Cheque,Nancy,Oman,UAQ,Mouse,50,1,50,5
826,05-Apr-2012,36,Black Friday,Cash,Raj,UAE,Fujairah,Hard Disk,125,3,375,50
827,06-Apr-2012,57,Chrismas Coupon,Visa Card,Ramzan,India,Dubai,Mother Board,4500,1,4500,225
828,07-Apr-2012,27,Loyalty Coupon,Master Card,Kumayl,Oman,Abu Dhabi,RAM,175,3,525,50
829,08-Apr-2012,35,Black Friday,Stripe,John,UAE,Sharjah,Mobile,1200,3,3600,200
830,09-Apr-2012,23,Chrismas Coupon,Cheque,Abdullah,India,Ajman,Laptop,4500,2,9000,250
831,10-Apr-2012,47,Loyalty Coupon,Cash,David,Oman,RAK,Moniter,3000,2,6000,300
832,11-Apr-2012,32,Black Friday,Visa Card,Nancy,UAE,UAQ,Speaker,75,2,150,15
833,12-Apr-2012,28,Chrismas Coupon,Master Card,Raj,India,Fujairah,Keyboard,100,2,200,10
834,13-Apr-2012,38,Loyalty Coupon,Stripe,Ramzan,Oman,Dubai,Mouse,50,1,50,5
835,14-Apr-2012,66,Black Friday,Cheque,Kumayl,UAE,Abu Dhabi,Hard Disk,125,3,375,50
836,15-Apr-2012,41,Chrismas Coupon,Cash,John,India,Sharjah,Mother Board,4500,1,4500,225
837,16-Apr-2012,59,Loyalty Coupon,Visa Card,Abdullah,Oman,Ajman,RAM,175,1,175,50
838,17-Apr-2012,50,Black Friday,Master Card,David,UAE,RAK,Mobile,1200,2,2400,200
839,18-Apr-2012,27,Chrismas Coupon,Stripe,Nancy,India,UAQ,Laptop,4500,1,4500,250
840,19-Apr-2012,29,Loyalty Coupon,Cheque,Raj,Oman,Fujairah,Moniter,3000,3,9000,300
841,20-Apr-2012,57,Black Friday,Cash,Ramzan,UAE,Dubai,Speaker,75,3,225,15
842,21-Apr-2012,37,Chrismas Coupon,Visa Card,Kumayl,India,Abu Dhabi,Keyboard,100,1,100,10
843,22-Apr-2012,23,Loyalty Coupon,Master Card,John,Oman,Sharjah,Mouse,50,2,100,5
844,23-Apr-2012,53,Black Friday,Stripe,Abdullah,UAE,Ajman,Hard Disk,125,1,125,50
845,24-Apr-2012,39,Chrismas Coupon,Cheque,David,India,RAK,Mother Board,4500,3,13500,225
846,25-Apr-2012,36,Loyalty Coupon,Cash,Nancy,Oman,UAQ,RAM,175,3,525,50
847,26-Apr-2012,57,Black Friday,Visa Card,Raj,UAE,Fujairah,Mobile,1200,3,3600,200
848,27-Apr-2012,49,Chrismas Coupon,Master Card,Ramzan,India,Dubai,Laptop,4500,3,13500,250
849,28-Apr-2012,29,Loyalty Coupon,Stripe,Kumayl,Oman,Abu Dhabi,Moniter,3000,2,6000,300
850,29-Apr-2012,20,Black Friday,Cheque,John,UAE,Sharjah,Speaker,75,2,150,15
851,30-Apr-2012,29,Chrismas Coupon,Cash,Abdullah,India,Ajman,Keyboard,100,1,100,10
852,01-May-2012,64,Loyalty Coupon,Visa Card,David,Oman,RAK,Mouse,50,2,100,5
853,02-May-2012,52,Black Friday,Master Card,Nancy,UAE,UAQ,Hard Disk,125,2,250,50
854,03-May-2012,61,Chrismas Coupon,Stripe,Raj,India,Fujairah,Mother Board,4500,3,13500,225
855,04-May-2012,45,Loyalty Coupon,Cheque,Ramzan,Oman,Dubai,RAM,175,1,175,50
856,05-May-2012,30,Black Friday,Cash,Kumayl,UAE,Abu Dhabi,Mobile,1200,1,1200,200
857,06-May-2012,28,Chrismas Coupon,Visa Card,John,India,Sharjah,Laptop,4500,3,13500,250
858,07-May-2012,54,Loyalty Coupon,Master Card,Abdullah,Oman,Ajman,Moniter,3000,1,3000,300
859,08-May-2012,38,Black Friday,Stripe,David,UAE,RAK,Speaker,75,2,150,15
860,09-May-2012,45,Chrismas Coupon,Cheque,Nancy,India,UAQ,Keyboard,100,1,100,10
861,10-May-2012,31,Loyalty Coupon,Cash,Raj,Oman,Fujairah,Mouse,50,2,100,5
862,11-May-2012,60,Black Friday,Visa Card,Ramzan,UAE,Dubai,Hard Disk,125,3,375,50
863,12-May-2012,46,Chrismas Coupon,Master Card,Kumayl,India,Abu Dhabi,Mother Board,4500,1,4500,225
864,13-May-2012,56,Loyalty Coupon,Stripe,John,Oman,Sharjah,RAM,175,3,525,50
865,14-May-2012,30,Black Friday,Cheque,Abdullah,UAE,Ajman,Mobile,1200,3,3600,200
866,15-May-2012,27,Chrismas Coupon,Cash,David,India,RAK,Laptop,4500,1,4500,250
867,16-May-2012,53,Loyalty Coupon,Visa Card,Nancy,Oman,UAQ,Moniter,3000,2,6000,300
868,17-May-2012,39,Black Friday,Master Card,Raj,UAE,Fujairah,Speaker,75,1,75,15
869,18-May-2012,34,Chrismas Coupon,Stripe,Ramzan,India,Dubai,Keyboard,100,3,300,10
870,19-May-2012,24,Loyalty Coupon,Cheque,Kumayl,Oman,Abu Dhabi,Mouse,50,2,100,5
871,20-May-2012,41,Black Friday,Cash,John,UAE,Sharjah,Hard Disk,125,2,250,50
872,21-May-2012,22,Chrismas Coupon,Visa Card,Abdullah,India,Ajman,Mother Board,4500,3,13500,225
873,22-May-2012,19,Loyalty Coupon,Master Card,David,Oman,RAK,RAM,175,3,525,50
874,23-May-2012,38,Black Friday,Stripe,Nancy,UAE,UAQ,Mobile,1200,1,1200,200
875,24-May-2012,57,Chrismas Coupon,Cheque,Raj,India,Fujairah,Laptop,4500,3,13500,250
876,25-May-2012,58,Loyalty Coupon,Cash,Ramzan,Oman,Dubai,Moniter,3000,2,6000,300
877,26-May-2012,23,Black Friday,Visa Card,Kumayl,UAE,Abu Dhabi,Speaker,75,1,75,15
878,27-May-2012,30,Chrismas Coupon,Master Card,John,India,Sharjah,Keyboard,100,1,100,10
879,28-May-2012,60,Loyalty Coupon,Stripe,Abdullah,Oman,Ajman,Mouse,50,1,50,5
880,29-May-2012,61,Black Friday,Cheque,David,UAE,RAK,Hard Disk,125,1,125,50
881,30-May-2012,49,Chrismas Coupon,Cash,Nancy,India,UAQ,Mother Board,4500,1,4500,225
882,31-May-2012,36,Loyalty Coupon,Visa Card,Raj,Oman,Fujairah,RAM,175,3,525,50
883,01-Jun-2012,33,Black Friday,Master Card,Ramzan,UAE,Dubai,Mobile,1200,2,2400,200
884,02-Jun-2012,37,Chrismas Coupon,Stripe,Kumayl,India,Abu Dhabi,Laptop,4500,2,9000,250
885,03-Jun-2012,70,Loyalty Coupon,Cheque,John,Oman,Sharjah,Moniter,3000,2,6000,300
886,04-Jun-2012,57,Black Friday,Cash,Abdullah,UAE,Ajman,Speaker,75,1,75,15
887,05-Jun-2012,65,Chrismas Coupon,Visa Card,David,India,RAK,Keyboard,100,3,300,10
888,06-Jun-2012,64,Loyalty Coupon,Master Card,Nancy,Oman,UAQ,Mouse,50,1,50,5
889,07-Jun-2012,63,Black Friday,Stripe,Raj,UAE,Fujairah,Hard Disk,125,3,375,50
890,08-Jun-2012,46,Chrismas Coupon,Cheque,Ramzan,India,Dubai,Mother Board,4500,3,13500,225
891,09-Jun-2012,52,Loyalty Coupon,Cash,Kumayl,Oman,Abu Dhabi,RAM,175,2,350,50
892,10-Jun-2012,69,Black Friday,Visa Card,John,UAE,Sharjah,Mobile,1200,3,3600,200
893,11-Jun-2012,46,Chrismas Coupon,Master Card,Abdullah,India,Ajman,Laptop,4500,1,4500,250
894,12-Jun-2012,18,Loyalty Coupon,Stripe,David,Oman,RAK,Moniter,3000,3,9000,300
895,13-Jun-2012,22,Black Friday,Cheque,Nancy,UAE,UAQ,Speaker,75,2,150,15
896,14-Jun-2012,18,Chrismas Coupon,Cash,Raj,India,Fujairah,Keyboard,100,1,100,10
897,15-Jun-2012,45,Loyalty Coupon,Visa Card,Ramzan,Oman,Dubai,Mouse,50,3,150,5
898,16-Jun-2012,65,Black Friday,Master Card,Kumayl,UAE,Abu Dhabi,Hard Disk,125,2,250,50
899,17-Jun-2012,38,Chrismas Coupon,Stripe,John,India,Sharjah,Mother Board,4500,3,13500,225
900,18-Jun-2012,61,Loyalty Coupon,Cheque,Abdullah,Oman,Ajman,RAM,175,2,350,50
901,19-Jun-2012,33,Black Friday,Cash,David,UAE,RAK,Mobile,1200,2,2400,200
902,20-Jun-2012,41,Chrismas Coupon,Visa Card,Nancy,India,UAQ,Laptop,4500,3,13500,250
903,21-Jun-2012,65,Loyalty Coupon,Master Card,Raj,Oman,Fujairah,Moniter,3000,2,6000,300
904,22-Jun-2012,26,Black Friday,Stripe,Ramzan,UAE,Dubai,Speaker,75,1,75,15
905,23-Jun-2012,29,Chrismas Coupon,Cheque,Kumayl,India,Abu Dhabi,Keyboard,100,3,300,10
906,24-Jun-2012,46,Loyalty Coupon,Cash,John,Oman,Sharjah,Mouse,50,3,150,5
907,25-Jun-2012,31,Black Friday,Visa Card,Abdullah,UAE,Ajman,Hard Disk,125,2,250,50
908,26-Jun-2012,41,Chrismas Coupon,Master Card,David,India,RAK,Mother Board,4500,2,9000,225
909,27-Jun-2012,58,Loyalty Coupon,Stripe,Nancy,Oman,UAQ,RAM,175,2,350,50
910,28-Jun-2012,40,Black Friday,Cheque,Raj,UAE,Fujairah,Mobile,1200,1,1200,200
911,29-Jun-2012,44,Chrismas Coupon,Cash,Ramzan,India,Dubai,Laptop,4500,2,9000,250
912,30-Jun-2012,32,Loyalty Coupon,Visa Card,Kumayl,Oman,Abu Dhabi,Moniter,3000,2,6000,300
913,01-Jul-2012,23,Black Friday,Master Card,John,UAE,Sharjah,Speaker,75,3,225,15
914,02-Jul-2012,50,Chrismas Coupon,Stripe,Abdullah,India,Ajman,Keyboard,100,2,200,10
915,03-Jul-2012,35,Loyalty Coupon,Cheque,David,Oman,RAK,Mouse,50,3,150,5
916,04-Jul-2012,35,Black Friday,Cash,Nancy,UAE,UAQ,Hard Disk,125,1,125,50
917,05-Jul-2012,18,Chrismas Coupon,Visa Card,Raj,India,Fujairah,Mother Board,4500,3,13500,225
918,06-Jul-2012,35,Loyalty Coupon,Master Card,Ramzan,Oman,Dubai,RAM,175,1,175,50
919,07-Jul-2012,61,Black Friday,Stripe,Kumayl,UAE,Abu Dhabi,Mobile,1200,2,2400,200
920,08-Jul-2012,24,Chrismas Coupon,Cheque,John,India,Sharjah,Laptop,4500,2,9000,250
921,09-Jul-2012,63,Loyalty Coupon,Cash,Abdullah,Oman,Ajman,Moniter,3000,3,9000,300
922,10-Jul-2012,41,Black Friday,Visa Card,David,UAE,RAK,Speaker,75,1,75,15
923,11-Jul-2012,63,Chrismas Coupon,Master Card,Nancy,India,UAQ,Keyboard,100,3,300,10
924,12-Jul-2012,19,Loyalty Coupon,Stripe,Raj,Oman,Fujairah,Mouse,50,3,150,5
925,13-Jul-2012,41,Black Friday,Cheque,Ramzan,UAE,Dubai,Hard Disk,125,2,250,50
926,14-Jul-2012,46,Chrismas Coupon,Cash,Kumayl,India,Abu Dhabi,Mother Board,4500,3,13500,225
927,15-Jul-2012,31,Loyalty Coupon,Visa Card,John,Oman,Sharjah,RAM,175,1,175,50
928,16-Jul-2012,54,Black Friday,Master Card,Abdullah,UAE,Ajman,Mobile,1200,3,3600,200
929,17-Jul-2012,66,Chrismas Coupon,Stripe,David,India,RAK,Laptop,4500,1,4500,250
930,18-Jul-2012,45,Loyalty Coupon,Cheque,Nancy,Oman,UAQ,Moniter,3000,3,9000,300
931,19-Jul-2012,21,Black Friday,Cash,Raj,UAE,Fujairah,Speaker,75,1,75,15
932,20-Jul-2012,57,Chrismas Coupon,Visa Card,Ramzan,India,Dubai,Keyboard,100,1,100,10
933,21-Jul-2012,20,Loyalty Coupon,Master Card,Kumayl,Oman,Abu Dhabi,Mouse,50,1,50,5
934,22-Jul-2012,67,Black Friday,Stripe,John,UAE,Sharjah,Hard Disk,125,1,125,50
935,23-Jul-2012,39,Chrismas Coupon,Cheque,Abdullah,India,Ajman,Mother Board,4500,3,13500,225
936,24-Jul-2012,33,Loyalty Coupon,Cash,David,Oman,RAK,RAM,175,1,175,50
937,25-Jul-2012,37,Black Friday,Visa Card,Nancy,UAE,UAQ,Mobile,1200,2,2400,200
938,26-Jul-2012,36,Chrismas Coupon,Master Card,Raj,India,Fujairah,Laptop,4500,1,4500,250
939,27-Jul-2012,25,Loyalty Coupon,Stripe,Ramzan,Oman,Dubai,Moniter,3000,3,9000,300
940,28-Jul-2012,33,Black Friday,Cheque,Kumayl,UAE,Abu Dhabi,Speaker,75,1,75,15
941,29-Jul-2012,48,Chrismas Coupon,Cash,John,India,Sharjah,Keyboard,100,3,300,10
942,30-Jul-2012,50,Loyalty Coupon,Visa Card,Abdullah,Oman,Ajman,Mouse,50,1,50,5
943,31-Jul-2012,20,Black Friday,Master Card,David,UAE,RAK,Hard Disk,125,1,125,50
944,01-Aug-2012,54,Chrismas Coupon,Stripe,Nancy,India,UAQ,Mother Board,4500,2,9000,225
945,02-Aug-2012,69,Loyalty Coupon,Cheque,Raj,Oman,Fujairah,RAM,175,3,525,50
946,03-Aug-2012,43,Black Friday,Cash,Ramzan,UAE,Dubai,Mobile,1200,2,2400,200
947,04-Aug-2012,26,Chrismas Coupon,Visa Card,Kumayl,India,Abu Dhabi,Laptop,4500,2,9000,250
948,05-Aug-2012,24,Loyalty Coupon,Master Card,John,Oman,Sharjah,Moniter,3000,2,6000,300
949,06-Aug-2012,28,Black Friday,Stripe,Abdullah,UAE,Ajman,Speaker,75,3,225,15
950,07-Aug-2012,27,Chrismas Coupon,Cheque,David,India,RAK,Keyboard,100,2,200,10
951,08-Aug-2012,39,Loyalty Coupon,Cash,Nancy,Oman,UAQ,Mouse,50,3,150,5
952,09-Aug-2012,38,Black Friday,Visa Card,Raj,UAE,Fujairah,Hard Disk,125,1,125,50
953,10-Aug-2012,25,Chrismas Coupon,Master Card,Ramzan,India,Dubai,Mother Board,4500,2,9000,225
954,11-Aug-2012,59,Loyalty Coupon,Stripe,Kumayl,Oman,Abu Dhabi,RAM,175,3,525,50
955,12-Aug-2012,43,Black Friday,Cheque,John,UAE,Sharjah,Mobile,1200,2,2400,200
956,13-Aug-2012,35,Chrismas Coupon,Cash,Abdullah,India,Ajman,Laptop,4500,1,4500,250
957,14-Aug-2012,56,Loyalty Coupon,Visa Card,David,Oman,RAK,Moniter,3000,2,6000,300
958,15-Aug-2012,23,Black Friday,Master Card,Nancy,UAE,UAQ,Speaker,75,2,150,15
959,16-Aug-2012,67,Chrismas Coupon,Stripe,Raj,India,Fujairah,Keyboard,100,1,100,10
960,17-Aug-2012,48,Loyalty Coupon,Cheque,Ramzan,Oman,Dubai,Mouse,50,2,100,5
961,18-Aug-2012,70,Black Friday,Cash,Kumayl,UAE,Abu Dhabi,Hard Disk,125,2,250,50
962,19-Aug-2012,18,Chrismas Coupon,Visa Card,John,India,Sharjah,Mother Board,4500,1,4500,225
963,20-Aug-2012,44,Loyalty Coupon,Master Card,Abdullah,Oman,Ajman,RAM,175,1,175,50
964,21-Aug-2012,27,Black Friday,Stripe,David,UAE,RAK,Mobile,1200,3,3600,200
965,22-Aug-2012,31,Chrismas Coupon,Cheque,Nancy,India,UAQ,Laptop,4500,1,4500,250
966,23-Aug-2012,66,Loyalty Coupon,Cash,Raj,Oman,Fujairah,Moniter,3000,3,9000,300
967,24-Aug-2012,46,Black Friday,Visa Card,Ramzan,UAE,Dubai,Speaker,75,3,225,15
968,25-Aug-2012,19,Chrismas Coupon,Master Card,Kumayl,India,Abu Dhabi,Keyboard,100,3,300,10
969,26-Aug-2012,18,Loyalty Coupon,Stripe,John,Oman,Sharjah,Mouse,50,3,150,5
970,27-Aug-2012,29,Black Friday,Cheque,Abdullah,UAE,Ajman,Hard Disk,125,2,250,50
971,28-Aug-2012,23,Chrismas Coupon,Cash,David,India,RAK,Mother Board,4500,3,13500,225
972,29-Aug-2012,70,Loyalty Coupon,Visa Card,Nancy,Oman,UAQ,RAM,175,3,525,50
973,30-Aug-2012,23,Black Friday,Master Card,Raj,UAE,Fujairah,Mobile,1200,3,3600,200
974,31-Aug-2012,42,Chrismas Coupon,Stripe,Ramzan,India,Dubai,Laptop,4500,2,9000,250
975,01-Sep-2012,65,Loyalty Coupon,Cheque,Kumayl,Oman,Abu Dhabi,Moniter,3000,2,6000,300
976,02-Sep-2012,54,Black Friday,Cash,John,UAE,Sharjah,Speaker,75,3,225,15
977,03-Sep-2012,45,Chrismas Coupon,Visa Card,Abdullah,India,Ajman,Keyboard,100,2,200,10
978,04-Sep-2012,31,Loyalty Coupon,Master Card,David,Oman,RAK,Mouse,50,1,50,5
979,05-Sep-2012,45,Black Friday,Stripe,Nancy,UAE,UAQ,Hard Disk,125,3,375,50
980,06-Sep-2012,27,Chrismas Coupon,Cheque,Raj,India,Fujairah,Mother Board,4500,1,4500,225
981,07-Sep-2012,61,Loyalty Coupon,Cash,Ramzan,Oman,Dubai,RAM,175,3,525,50
982,08-Sep-2012,51,Black Friday,Visa Card,Kumayl,UAE,Abu Dhabi,Mobile,1200,3,3600,200
983,09-Sep-2012,45,Chrismas Coupon,Master Card,John,India,Sharjah,Laptop,4500,2,9000,250
984,10-Sep-2012,31,Loyalty Coupon,Stripe,Abdullah,Oman,Ajman,Moniter,3000,1,3000,300
985,11-Sep-2012,53,Black Friday,Cheque,David,UAE,RAK,Speaker,75,3,225,15
986,12-Sep-2012,33,Chrismas Coupon,Cash,Nancy,India,UAQ,Keyboard,100,2,200,10
987,13-Sep-2012,37,Loyalty Coupon,Visa Card,Raj,Oman,Fujairah,Mouse,50,1,50,5
988,14-Sep-2012,47,Black Friday,Master Card,Ramzan,UAE,Dubai,Hard Disk,125,1,125,50
989,15-Sep-2012,55,Chrismas Coupon,Stripe,Kumayl,India,Abu Dhabi,Mother Board,4500,3,13500,225
990,16-Sep-2012,51,Loyalty Coupon,Cheque,John,Oman,Sharjah,RAM,175,3,525,50
991,17-Sep-2012,58,Black Friday,Cash,Abdullah,UAE,Ajman,Mobile,1200,3,3600,200
992,18-Sep-2012,26,Chrismas Coupon,Visa Card,David,India,RAK,Laptop,4500,1,4500,250
993,19-Sep-2012,44,Loyalty Coupon,Master Card,Nancy,Oman,UAQ,Moniter,3000,2,6000,300
994,20-Sep-2012,65,Black Friday,Stripe,Raj,UAE,Fujairah,Speaker,75,2,150,15
995,21-Sep-2012,70,Chrismas Coupon,Cheque,Ramzan,India,Dubai,Keyboard,100,1,100,10
996,22-Sep-2012,23,Loyalty Coupon,Cash,Kumayl,Oman,Abu Dhabi,Mouse,50,3,150,5
997,23-Sep-2012,57,Black Friday,Visa Card,John,UAE,Sharjah,Hard Disk,125,2,250,50
998,24-Sep-2012,55,Chrismas Coupon,Master Card,Abdullah,India,Ajman,Mother Board,4500,1,4500,225
999,25-Sep-2012,49,Loyalty Coupon,Stripe,David,Oman,RAK,RAM,175,1,175,50
1000,26-Sep-2012,68,Black Friday,Cheque,Nancy,UAE,UAQ,Mobile,1200,1,1200,200
1001,27-Sep-2012,24,Chrismas Coupon,Cash,Raj,India,Fujairah,Laptop,4500,1,4500,250
1002,28-Sep-2012,18,Loyalty Coupon,Visa Card,Ramzan,Oman,Dubai,Moniter,3000,1,3000,300
1003,29-Sep-2012,53,Black Friday,Master Card,Kumayl,UAE,Abu Dhabi,Speaker,75,3,225,15
1004,30-Sep-2012,67,Chrismas Coupon,Stripe,John,India,Sharjah,Keyboard,100,1,100,10
1005,01-Oct-2012,26,Loyalty Coupon,Cheque,Abdullah,Oman,Ajman,Mouse,50,3,150,5
1006,02-Oct-2012,33,Black Friday,Cash,David,UAE,RAK,Hard Disk,125,3,375,50
1007,03-Oct-2012,41,Chrismas Coupon,Visa Card,Nancy,India,UAQ,Mother Board,4500,3,13500,225
1008,04-Oct-2012,24,Loyalty Coupon,Master Card,Raj,Oman,Fujairah,RAM,175,1,175,50
1009,05-Oct-2012,28,Black Friday,Stripe,Ramzan,UAE,Dubai,Mobile,1200,2,2400,200
1010,06-Oct-2012,24,Chrismas Coupon,Cheque,Kumayl,India,Abu Dhabi,Laptop,4500,1,4500,250
1011,07-Oct-2012,40,Loyalty Coupon,Cash,John,Oman,Sharjah,Moniter,3000,3,9000,300
1012,08-Oct-2012,34,Black Friday,Visa Card,Abdullah,UAE,Ajman,Speaker,75,2,150,15
1013,09-Oct-2012,22,Chrismas Coupon,Master Card,David,India,RAK,Keyboard,100,3,300,10
1014,10-Oct-2012,57,Loyalty Coupon,Stripe,Nancy,Oman,UAQ,Mouse,50,2,100,5
1015,11-Oct-2012,59,Black Friday,Cheque,Raj,UAE,Fujairah,Hard Disk,125,2,250,50
1016,12-Oct-2012,29,Chrismas Coupon,Cash,Ramzan,India,Dubai,Mother Board,4500,3,13500,225
1017,13-Oct-2012,21,Loyalty Coupon,Visa Card,Kumayl,Oman,Abu Dhabi,RAM,175,2,350,50
1018,14-Oct-2012,18,Black Friday,Master Card,John,UAE,Sharjah,Mobile,1200,3,3600,200
1019,15-Oct-2012,30,Chrismas Coupon,Stripe,Abdullah,India,Ajman,Laptop,4500,1,4500,250
1020,16-Oct-2012,58,Loyalty Coupon,Cheque,David,Oman,RAK,Moniter,3000,1,3000,300
1021,17-Oct-2012,28,Black Friday,Cash,Nancy,UAE,UAQ,Speaker,75,1,75,15
1022,18-Oct-2012,43,Chrismas Coupon,Visa Card,Raj,India,Fujairah,Keyboard,100,1,100,10
1023,19-Oct-2012,60,Loyalty Coupon,Master Card,Ramzan,Oman,Dubai,Mouse,50,3,150,5
1024,20-Oct-2012,22,Black Friday,Stripe,Kumayl,UAE,Abu Dhabi,Hard Disk,125,2,250,50
1025,21-Oct-2012,25,Chrismas Coupon,Cheque,John,India,Sharjah,Mother Board,4500,2,9000,225
1026,22-Oct-2012,23,Loyalty Coupon,Cash,Abdullah,Oman,Ajman,RAM,175,2,350,50
1027,23-Oct-2012,43,Black Friday,Visa Card,David,UAE,RAK,Mobile,1200,3,3600,200
1028,24-Oct-2012,29,Chrismas Coupon,Master Card,Nancy,India,UAQ,Laptop,4500,3,13500,250
1029,25-Oct-2012,22,Loyalty Coupon,Stripe,Raj,Oman,Fujairah,Moniter,3000,1,3000,300
1030,26-Oct-2012,25,Black Friday,Cheque,Ramzan,UAE,Dubai,Speaker,75,3,225,15
1031,27-Oct-2012,27,Chrismas Coupon,Cash,Kumayl,India,Abu Dhabi,Keyboard,100,2,200,10
1032,28-Oct-2012,53,Loyalty Coupon,Visa Card,John,Oman,Sharjah,Mouse,50,1,50,5
1033,29-Oct-2012,59,Black Friday,Master Card,Abdullah,UAE,Ajman,Hard Disk,125,1,125,50
1034,30-Oct-2012,37,Chrismas Coupon,Stripe,David,India,RAK,Mother Board,4500,2,9000,225
1035,31-Oct-2012,44,Loyalty Coupon,Cheque,Nancy,Oman,UAQ,RAM,175,2,350,50
1036,01-Nov-2012,67,Black Friday,Cash,Raj,UAE,Fujairah,Mobile,1200,1,1200,200
1037,02-Nov-2012,70,Chrismas Coupon,Visa Card,Ramzan,India,Dubai,Laptop,4500,2,9000,250
1038,03-Nov-2012,26,Loyalty Coupon,Master Card,Kumayl,Oman,Abu Dhabi,Moniter,3000,3,9000,300
1039,04-Nov-2012,53,Black Friday,Stripe,John,UAE,Sharjah,Speaker,75,2,150,15
1040,05-Nov-2012,34,Chrismas Coupon,Cheque,Abdullah,India,Ajman,Keyboard,100,1,100,10
1041,06-Nov-2012,70,Loyalty Coupon,Cash,David,Oman,RAK,Mouse,50,2,100,5
1042,07-Nov-2012,52,Black Friday,Visa Card,Nancy,UAE,UAQ,Hard Disk,125,2,250,50
1043,08-Nov-2012,40,Chrismas Coupon,Master Card,Raj,India,Fujairah,Mother Board,4500,1,4500,225
1044,09-Nov-2012,32,Loyalty Coupon,Stripe,Ramzan,Oman,Dubai,RAM,175,2,350,50
1045,10-Nov-2012,70,Black Friday,Cheque,Kumayl,UAE,Abu Dhabi,Mobile,1200,1,1200,200
1046,11-Nov-2012,60,Chrismas Coupon,Cash,John,India,Sharjah,Laptop,4500,1,4500,250
1047,12-Nov-2012,35,Loyalty Coupon,Visa Card,Abdullah,Oman,Ajman,Moniter,3000,2,6000,300
1048,13-Nov-2012,60,Black Friday,Master Card,David,UAE,RAK,Speaker,75,2,150,15
1049,14-Nov-2012,32,Chrismas Coupon,Stripe,Nancy,India,UAQ,Keyboard,100,1,100,10
1050,15-Nov-2012,46,Loyalty Coupon,Cheque,Raj,Oman,Fujairah,Mouse,50,2,100,5
1051,16-Nov-2012,34,Black Friday,Cash,Ramzan,UAE,Dubai,Hard Disk,125,2,250,50
1052,17-Nov-2012,36,Chrismas Coupon,Visa Card,Kumayl,India,Abu Dhabi,Mother Board,4500,2,9000,225
1053,18-Nov-2012,46,Loyalty Coupon,Master Card,John,Oman,Sharjah,RAM,175,2,350,50
1054,19-Nov-2012,41,Black Friday,Stripe,Abdullah,UAE,Ajman,Mobile,1200,1,1200,200
1055,20-Nov-2012,23,Chrismas Coupon,Cheque,David,India,RAK,Laptop,4500,3,13500,250
1056,21-Nov-2012,56,Loyalty Coupon,Cash,Nancy,Oman,UAQ,Moniter,3000,3,9000,300
1057,22-Nov-2012,21,Black Friday,Visa Card,Raj,UAE,Fujairah,Speaker,75,1,75,15
1058,23-Nov-2012,41,Chrismas Coupon,Master Card,Ramzan,India,Dubai,Keyboard,100,3,300,10
1059,24-Nov-2012,24,Loyalty Coupon,Stripe,Kumayl,Oman,Abu Dhabi,Mouse,50,2,100,5
1060,25-Nov-2012,62,Black Friday,Cheque,John,UAE,Sharjah,Hard Disk,125,3,375,50
1061,26-Nov-2012,60,Chrismas Coupon,Cash,Abdullah,India,Ajman,Mother Board,4500,1,4500,225
1062,27-Nov-2012,55,Loyalty Coupon,Visa Card,David,Oman,RAK,RAM,175,1,175,50
1063,28-Nov-2012,43,Black Friday,Master Card,Nancy,UAE,UAQ,Mobile,1200,3,3600,200
1064,29-Nov-2012,67,Chrismas Coupon,Stripe,Raj,India,Fujairah,Laptop,4500,2,9000,250
1065,30-Nov-2012,69,Loyalty Coupon,Cheque,Ramzan,Oman,Dubai,Moniter,3000,1,3000,300
1066,01-Dec-2012,64,Black Friday,Cash,Kumayl,UAE,Abu Dhabi,Speaker,75,3,225,15
1067,02-Dec-2012,24,Chrismas Coupon,Visa Card,John,India,Sharjah,Keyboard,100,3,300,10
1068,03-Dec-2012,43,Loyalty Coupon,Master Card,Abdullah,Oman,Ajman,Mouse,50,1,50,5
1069,04-Dec-2012,69,Black Friday,Stripe,David,UAE,RAK,Hard Disk,125,2,250,50
1070,05-Dec-2012,58,Chrismas Coupon,Cheque,Nancy,India,UAQ,Mother Board,4500,1,4500,225
1071,06-Dec-2012,47,Loyalty Coupon,Cash,Raj,Oman,Fujairah,RAM,175,3,525,50
1072,07-Dec-2012,24,Black Friday,Visa Card,Ramzan,UAE,Dubai,Mobile,1200,3,3600,200
1073,08-Dec-2012,46,Chrismas Coupon,Master Card,Kumayl,India,Abu Dhabi,Laptop,4500,3,13500,250
1074,09-Dec-2012,40,Loyalty Coupon,Stripe,John,Oman,Sharjah,Moniter,3000,3,9000,300
1075,10-Dec-2012,56,Black Friday,Cheque,Abdullah,UAE,Ajman,Speaker,75,2,150,15
1076,11-Dec-2012,48,Chrismas Coupon,Cash,David,India,RAK,Keyboard,100,3,300,10
1077,12-Dec-2012,50,Loyalty Coupon,Visa Card,Nancy,Oman,UAQ,Mouse,50,1,50,5
1078,13-Dec-2012,46,Black Friday,Master Card,Raj,UAE,Fujairah,Hard Disk,125,1,125,50
1079,14-Dec-2012,59,Chrismas Coupon,Stripe,Ramzan,India,Dubai,Mother Board,4500,1,4500,225
1080,15-Dec-2012,43,Loyalty Coupon,Cheque,Kumayl,Oman,Abu Dhabi,RAM,175,2,350,50
1081,16-Dec-2012,43,Black Friday,Cash,John,UAE,Sharjah,Mobile,1200,1,1200,200
1082,17-Dec-2012,61,Chrismas Coupon,Visa Card,Abdullah,India,Ajman,Laptop,4500,1,4500,250
1083,18-Dec-2012,51,Loyalty Coupon,Master Card,David,Oman,RAK,Moniter,3000,2,6000,300
1084,19-Dec-2012,41,Black Friday,Stripe,Nancy,UAE,UAQ,Speaker,75,1,75,15
1085,20-Dec-2012,48,Chrismas Coupon,Cheque,Raj,India,Fujairah,Keyboard,100,2,200,10
1086,21-Dec-2012,39,Loyalty Coupon,Cash,Ramzan,Oman,Dubai,Mouse,50,2,100,5
1087,22-Dec-2012,56,Black Friday,Visa Card,Kumayl,UAE,Abu Dhabi,Hard Disk,125,1,125,50
1088,23-Dec-2012,58,Chrismas Coupon,Master Card,John,India,Sharjah,Mother Board,4500,3,13500,225
1089,24-Dec-2012,26,Loyalty Coupon,Stripe,Abdullah,Oman,Ajman,RAM,175,1,175,50
1090,25-Dec-2012,19,Black Friday,Cheque,David,UAE,RAK,Mobile,1200,2,2400,200
1091,26-Dec-2012,59,Chrismas Coupon,Cash,Nancy,India,UAQ,Laptop,4500,1,4500,250
1092,27-Dec-2012,34,Loyalty Coupon,Visa Card,Raj,Oman,Fujairah,Moniter,3000,3,9000,300
1093,28-Dec-2012,56,Black Friday,Master Card,Ramzan,UAE,Dubai,Speaker,75,2,150,15
1094,29-Dec-2012,49,Chrismas Coupon,Stripe,Kumayl,India,Abu Dhabi,Keyboard,100,1,100,10
1095,30-Dec-2012,40,Loyalty Coupon,Cheque,John,Oman,Sharjah,Mouse,50,1,50,5
1096,31-Dec-2012,61,Black Friday,Cash,Abdullah,UAE,Ajman,Hard Disk,125,3,375,50
1097,01-Jan-2013,23,Chrismas Coupon,Visa Card,David,India,RAK,Mother Board,4500,1,4500,225
1098,02-Jan-2013,48,Loyalty Coupon,Master Card,Nancy,Oman,UAQ,RAM,175,3,525,50
1099,03-Jan-2013,55,Black Friday,Stripe,Raj,UAE,Fujairah,Mobile,1200,3,3600,200
1100,04-Jan-2013,57,Chrismas Coupon,Cheque,Ramzan,India,Dubai,Laptop,4500,1,4500,250
1101,05-Jan-2013,23,Loyalty Coupon,Cash,Kumayl,Oman,Abu Dhabi,Moniter,3000,1,3000,300
1102,06-Jan-2013,48,Black Friday,Visa Card,John,UAE,Sharjah,Speaker,75,2,150,15
1103,07-Jan-2013,33,Chrismas Coupon,Master Card,Abdullah,India,Ajman,Keyboard,100,2,200,10
1104,08-Jan-2013,66,Loyalty Coupon,Stripe,David,Oman,RAK,Mouse,50,3,150,5
1105,09-Jan-2013,47,Black Friday,Cheque,Nancy,UAE,UAQ,Hard Disk,125,3,375,50
1106,10-Jan-2013,19,Chrismas Coupon,Cash,Raj,India,Fujairah,Mother Board,4500,2,9000,225
1107,11-Jan-2013,27,Loyalty Coupon,Visa Card,Ramzan,Oman,Dubai,RAM,175,3,525,50
1108,12-Jan-2013,58,Black Friday,Master Card,Kumayl,UAE,Abu Dhabi,Mobile,1200,1,1200,200
1109,13-Jan-2013,47,Chrismas Coupon,Stripe,John,India,Sharjah,Laptop,4500,3,13500,250
1110,14-Jan-2013,46,Loyalty Coupon,Cheque,Abdullah,Oman,Ajman,Moniter,3000,1,3000,300
1111,15-Jan-2013,64,Black Friday,Cash,David,UAE,RAK,Speaker,75,2,150,15
1112,16-Jan-2013,44,Chrismas Coupon,Visa Card,Nancy,India,UAQ,Keyboard,100,2,200,10
1113,17-Jan-2013,57,Loyalty Coupon,Master Card,Raj,Oman,Fujairah,Mouse,50,3,150,5
1114,18-Jan-2013,28,Black Friday,Stripe,Ramzan,UAE,Dubai,Hard Disk,125,1,125,50
1115,19-Jan-2013,52,Chrismas Coupon,Cheque,Kumayl,India,Abu Dhabi,Mother Board,4500,1,4500,225
1116,20-Jan-2013,47,Loyalty Coupon,Cash,John,Oman,Sharjah,RAM,175,2,350,50
1117,21-Jan-2013,52,Black Friday,Visa Card,Abdullah,UAE,Ajman,Mobile,1200,2,2400,200
1118,22-Jan-2013,26,Chrismas Coupon,Master Card,David,India,RAK,Laptop,4500,3,13500,250
1119,23-Jan-2013,70,Loyalty Coupon,Stripe,Nancy,Oman,UAQ,Moniter,3000,3,9000,300
1120,24-Jan-2013,63,Black Friday,Cheque,Raj,UAE,Fujairah,Speaker,75,2,150,15
1121,25-Jan-2013,19,Chrismas Coupon,Cash,Ramzan,India,Dubai,Keyboard,100,2,200,10
1122,26-Jan-2013,23,Loyalty Coupon,Visa Card,Kumayl,Oman,Abu Dhabi,Mouse,50,1,50,5
1123,27-Jan-2013,69,Black Friday,Master Card,John,UAE,Sharjah,Hard Disk,125,3,375,50
1124,28-Jan-2013,49,Chrismas Coupon,Stripe,Abdullah,India,Ajman,Mother Board,4500,1,4500,225
1125,29-Jan-2013,38,Loyalty Coupon,Cheque,David,Oman,RAK,RAM,175,2,350,50
1126,30-Jan-2013,27,Black Friday,Cash,Nancy,UAE,UAQ,Mobile,1200,3,3600,200
1127,31-Jan-2013,32,Chrismas Coupon,Visa Card,Raj,India,Fujairah,Laptop,4500,2,9000,250
1128,01-Feb-2013,32,Loyalty Coupon,Master Card,Ramzan,Oman,Dubai,Moniter,3000,3,9000,300
1129,02-Feb-2013,31,Black Friday,Stripe,Kumayl,UAE,Abu Dhabi,Speaker,75,3,225,15
1130,03-Feb-2013,40,Chrismas Coupon,Cheque,John,India,Sharjah,Keyboard,100,2,200,10
1131,04-Feb-2013,68,Loyalty Coupon,Cash,Abdullah,Oman,Ajman,Mouse,50,3,150,5
1132,05-Feb-2013,33,Black Friday,Visa Card,David,UAE,RAK,Hard Disk,125,1,125,50
1133,06-Feb-2013,67,Chrismas Coupon,Master Card,Nancy,India,UAQ,Mother Board,4500,2,9000,225
1134,07-Feb-2013,20,Loyalty Coupon,Stripe,Raj,Oman,Fujairah,RAM,175,3,525,50
1135,08-Feb-2013,63,Black Friday,Cheque,Ramzan,UAE,Dubai,Mobile,1200,2,2400,200
1136,09-Feb-2013,54,Chrismas Coupon,Cash,Kumayl,India,Abu Dhabi,Laptop,4500,2,9000,250
1137,10-Feb-2013,18,Loyalty Coupon,Visa Card,John,Oman,Sharjah,Moniter,3000,3,9000,300
1138,11-Feb-2013,20,Black Friday,Master Card,Abdullah,UAE,Ajman,Speaker,75,1,75,15
1139,12-Feb-2013,21,Chrismas Coupon,Stripe,David,India,RAK,Keyboard,100,1,100,10
1140,13-Feb-2013,37,Loyalty Coupon,Cheque,Nancy,Oman,UAQ,Mouse,50,2,100,5
1141,14-Feb-2013,26,Black Friday,Cash,Raj,UAE,Fujairah,Hard Disk,125,3,375,50
1142,15-Feb-2013,48,Chrismas Coupon,Visa Card,Ramzan,India,Dubai,Mother Board,4500,2,9000,225
1143,16-Feb-2013,31,Loyalty Coupon,Master Card,Kumayl,Oman,Abu Dhabi,RAM,175,1,175,50
1144,17-Feb-2013,55,Black Friday,Stripe,John,UAE,Sharjah,Mobile,1200,1,1200,200
1145,18-Feb-2013,64,Chrismas Coupon,Cheque,Abdullah,India,Ajman,Laptop,4500,2,9000,250
1146,19-Feb-2013,33,Loyalty Coupon,Cash,David,Oman,RAK,Moniter,3000,3,9000,300
1147,20-Feb-2013,19,Black Friday,Visa Card,Nancy,UAE,UAQ,Speaker,75,2,150,15
1148,21-Feb-2013,46,Chrismas Coupon,Master Card,Raj,India,Fujairah,Keyboard,100,2,200,10
1149,22-Feb-2013,43,Loyalty Coupon,Stripe,Ramzan,Oman,Dubai,Mouse,50,3,150,5
1150,23-Feb-2013,60,Black Friday,Cheque,Kumayl,UAE,Abu Dhabi,Hard Disk,125,2,250,50
1151,24-Feb-2013,39,Chrismas Coupon,Cash,John,India,Sharjah,Mother Board,4500,2,9000,225
1152,25-Feb-2013,60,Loyalty Coupon,Visa Card,Abdullah,Oman,Ajman,RAM,175,3,525,50
1153,26-Feb-2013,22,Black Friday,Master Card,David,UAE,RAK,Mobile,1200,2,2400,200
1154,27-Feb-2013,69,Chrismas Coupon,Stripe,Nancy,India,UAQ,Laptop,4500,2,9000,250
1155,28-Feb-2013,68,Loyalty Coupon,Cheque,Raj,Oman,Fujairah,Moniter,3000,3,9000,300
1156,01-Mar-2013,42,Black Friday,Cash,Ramzan,UAE,Dubai,Speaker,75,1,75,15
1157,02-Mar-2013,41,Chrismas Coupon,Visa Card,Kumayl,India,Abu Dhabi,Keyboard,100,3,300,10
1158,03-Mar-2013,31,Loyalty Coupon,Master Card,John,Oman,Sharjah,Mouse,50,1,50,5
1159,04-Mar-2013,22,Black Friday,Stripe,Abdullah,UAE,Ajman,Hard Disk,125,1,125,50
1160,05-Mar-2013,49,Chrismas Coupon,Cheque,David,India,RAK,Mother Board,4500,1,4500,225
1161,06-Mar-2013,22,Loyalty Coupon,Cash,Nancy,Oman,UAQ,RAM,175,3,525,50
1162,07-Mar-2013,59,Black Friday,Visa Card,Raj,UAE,Fujairah,Mobile,1200,1,1200,200
1163,08-Mar-2013,67,Chrismas Coupon,Master Card,Ramzan,India,Dubai,Laptop,4500,2,9000,250
1164,09-Mar-2013,63,Loyalty Coupon,Stripe,Kumayl,Oman,Abu Dhabi,Moniter,3000,1,3000,300
1165,10-Mar-2013,20,Black Friday,Cheque,John,UAE,Sharjah,Speaker,75,3,225,15
1166,11-Mar-2013,21,Chrismas Coupon,Cash,Abdullah,India,Ajman,Keyboard,100,3,300,10
1167,12-Mar-2013,43,Loyalty Coupon,Visa Card,David,Oman,RAK,Mouse,50,2,100,5
1168,13-Mar-2013,36,Black Friday,Master Card,Nancy,UAE,UAQ,Hard Disk,125,3,375,50
1169,14-Mar-2013,46,Chrismas Coupon,Stripe,Raj,India,Fujairah,Mother Board,4500,3,13500,225
1170,15-Mar-2013,26,Loyalty Coupon,Cheque,Ramzan,Oman,Dubai,RAM,175,3,525,50
1171,16-Mar-2013,59,Black Friday,Cash,Kumayl,UAE,Abu Dhabi,Mobile,1200,2,2400,200
1172,17-Mar-2013,25,Chrismas Coupon,Visa Card,John,India,Sharjah,Laptop,4500,1,4500,250
1173,18-Mar-2013,45,Loyalty Coupon,Master Card,Abdullah,Oman,Ajman,Moniter,3000,2,6000,300
1174,19-Mar-2013,22,Black Friday,Stripe,David,UAE,RAK,Speaker,75,3,225,15
1175,20-Mar-2013,27,Chrismas Coupon,Cheque,Nancy,India,UAQ,Keyboard,100,2,200,10
1176,21-Mar-2013,29,Loyalty Coupon,Cash,Raj,Oman,Dubai,Mouse,50,1,50,5
1177,22-Mar-2013,20,Black Friday,Visa Card,Ramzan,UAE,Ajman,Hard Disk,125,3,375,50
1178,23-Mar-2013,62,Chrismas Coupon,Master Card,Kumayl,India,RAK,Mother Board,4500,3,13500,225
1179,24-Mar-2013,69,Loyalty Coupon,Stripe,John,Oman,UAQ,RAM,175,3,525,50
1180,25-Mar-2013,31,Black Friday,Cheque,Abdullah,UAE,Dubai,Mobile,1200,2,2400,200
1181,26-Mar-2013,23,Chrismas Coupon,Cash,David,India,Ajman,Laptop,4500,3,13500,250
1182,27-Mar-2013,52,Loyalty Coupon,Visa Card,Nancy,Oman,RAK,Moniter,3000,3,9000,300
1183,28-Mar-2013,45,Black Friday,Master Card,Raj,UAE,UAQ,Speaker,75,3,225,15
1184,29-Mar-2013,68,Chrismas Coupon,Stripe,Ramzan,India,Dubai,Keyboard,100,3,300,10
1185,30-Mar-2013,32,Loyalty Coupon,Cheque,Kumayl,Oman,Ajman,Mouse,50,3,150,5
1186,31-Mar-2013,70,Black Friday,Cash,John,UAE,RAK,Hard Disk,125,1,125,50
1187,01-Apr-2013,37,Chrismas Coupon,Visa Card,Abdullah,India,UAQ,Mother Board,4500,1,4500,225
1188,02-Apr-2013,22,Loyalty Coupon,Master Card,David,Oman,Dubai,RAM,175,3,525,50
1189,03-Apr-2013,29,Black Friday,Stripe,Nancy,UAE,Ajman,Mobile,1200,2,2400,200
1190,04-Apr-2013,43,Chrismas Coupon,Cheque,Raj,India,RAK,Laptop,4500,3,13500,250
1191,05-Apr-2013,31,Loyalty Coupon,Cash,Ramzan,Oman,UAQ,Moniter,3000,2,6000,300
1192,06-Apr-2013,68,Black Friday,Visa Card,Kumayl,UAE,Dubai,Speaker,75,3,225,15
1193,07-Apr-2013,42,Chrismas Coupon,Master Card,John,India,Ajman,Keyboard,100,2,200,10
1194,08-Apr-2013,50,Loyalty Coupon,Stripe,Abdullah,Oman,RAK,Mouse,50,1,50,5
1195,09-Apr-2013,31,Black Friday,Cheque,David,UAE,UAQ,Hard Disk,125,2,250,50
1196,10-Apr-2013,63,Chrismas Coupon,Cash,Nancy,India,Dubai,Mother Board,4500,1,4500,225
1197,11-Apr-2013,43,Loyalty Coupon,Visa Card,Raj,Oman,Ajman,RAM,175,1,175,50
1198,12-Apr-2013,55,Black Friday,Master Card,Ramzan,UAE,RAK,Mobile,1200,3,3600,200
1199,13-Apr-2013,43,Chrismas Coupon,Stripe,Kumayl,India,UAQ,Laptop,4500,3,13500,250
1200,14-Apr-2013,28,Loyalty Coupon,Cheque,John,Oman,Dubai,Moniter,3000,2,6000,300
1201,15-Apr-2013,65,Black Friday,Cash,Abdullah,UAE,Ajman,Speaker,75,3,225,15
1202,16-Apr-2013,23,Chrismas Coupon,Visa Card,David,India,RAK,Keyboard,100,2,200,10
1203,17-Apr-2013,56,Loyalty Coupon,Master Card,Nancy,Oman,UAQ,Mouse,50,2,100,5
1204,18-Apr-2013,66,Black Friday,Stripe,Raj,UAE,Dubai,Hard Disk,125,2,250,50
1205,19-Apr-2013,42,Chrismas Coupon,Cheque,Ramzan,India,Ajman,Mother Board,4500,3,13500,225
1206,20-Apr-2013,60,Loyalty Coupon,Cash,Kumayl,Oman,RAK,RAM,175,1,175,50
1207,21-Apr-2013,51,Black Friday,Visa Card,John,UAE,UAQ,Mobile,1200,3,3600,200
1208,22-Apr-2013,52,Chrismas Coupon,Master Card,Abdullah,India,Dubai,Laptop,4500,3,13500,250
1209,23-Apr-2013,22,Loyalty Coupon,Stripe,David,Oman,Ajman,Moniter,3000,2,6000,300
1210,24-Apr-2013,52,Black Friday,Cheque,Nancy,UAE,RAK,Speaker,75,1,75,15
1211,25-Apr-2013,45,Chrismas Coupon,Cash,Raj,India,UAQ,Keyboard,100,1,100,10
1212,26-Apr-2013,49,Loyalty Coupon,Visa Card,Ramzan,Oman,Dubai,Mouse,50,3,150,5
1213,27-Apr-2013,46,Black Friday,Master Card,Kumayl,UAE,Ajman,Hard Disk,125,3,375,50
1214,28-Apr-2013,47,Chrismas Coupon,Stripe,John,India,RAK,Mother Board,4500,3,13500,225
1215,29-Apr-2013,54,Loyalty Coupon,Cheque,Abdullah,Oman,UAQ,RAM,175,3,525,50
1216,30-Apr-2013,43,Black Friday,Cash,David,UAE,Dubai,Mobile,1200,3,3600,200
1217,01-May-2013,47,Chrismas Coupon,Visa Card,Nancy,India,Ajman,Laptop,4500,3,13500,250
1218,02-May-2013,40,Loyalty Coupon,Master Card,Raj,Oman,RAK,Moniter,3000,1,3000,300
1219,03-May-2013,32,Black Friday,Stripe,Ramzan,UAE,UAQ,Speaker,75,2,150,15
1220,04-May-2013,37,Chrismas Coupon,Cheque,Kumayl,India,Dubai,Keyboard,100,1,100,10
1221,05-May-2013,50,Loyalty Coupon,Cash,John,Oman,Ajman,Mouse,50,3,150,5
1222,06-May-2013,56,Black Friday,Visa Card,Abdullah,UAE,RAK,Hard Disk,125,2,250,50
1223,07-May-2013,60,Chrismas Coupon,Master Card,David,India,UAQ,Mother Board,4500,3,13500,225
1224,08-May-2013,58,Loyalty Coupon,Stripe,Nancy,Oman,Dubai,RAM,175,2,350,50
1225,09-May-2013,48,Black Friday,Cheque,Raj,UAE,Ajman,Mobile,1200,1,1200,200
1226,10-May-2013,59,Chrismas Coupon,Cash,Ramzan,India,RAK,Laptop,4500,3,13500,250
1227,11-May-2013,42,Loyalty Coupon,Visa Card,Kumayl,Oman,UAQ,Moniter,3000,1,3000,300
1228,12-May-2013,40,Black Friday,Master Card,John,UAE,Dubai,Speaker,75,2,150,15
1229,13-May-2013,56,Chrismas Coupon,Stripe,Abdullah,India,Ajman,Keyboard,100,1,100,10
1230,14-May-2013,50,Loyalty Coupon,Cheque,David,Oman,RAK,Mouse,50,3,150,5
1231,15-May-2013,69,Black Friday,Cash,Nancy,UAE,UAQ,Hard Disk,125,1,125,50
1232,16-May-2013,55,Chrismas Coupon,Visa Card,Raj,India,Dubai,Mother Board,4500,3,13500,225
1233,17-May-2013,47,Loyalty Coupon,Master Card,Ramzan,Oman,Ajman,RAM,175,1,175,50
1234,18-May-2013,47,Black Friday,Stripe,Kumayl,UAE,RAK,Mobile,1200,3,3600,200
1235,19-May-2013,55,Chrismas Coupon,Cheque,John,India,UAQ,Laptop,4500,1,4500,250
1236,20-May-2013,34,Loyalty Coupon,Cash,Abdullah,Oman,Dubai,Moniter,3000,3,9000,300
1237,21-May-2013,37,Black Friday,Visa Card,David,UAE,Ajman,Speaker,75,2,150,15
1238,22-May-2013,52,Chrismas Coupon,Master Card,Nancy,India,RAK,Keyboard,100,2,200,10
1239,23-May-2013,36,Loyalty Coupon,Stripe,Raj,Oman,UAQ,Mouse,50,2,100,5
1240,24-May-2013,44,Black Friday,Cheque,Ramzan,UAE,Dubai,Hard Disk,125,3,375,50
1241,25-May-2013,31,Chrismas Coupon,Cash,Kumayl,India,Ajman,Mother Board,4500,2,9000,225
1242,26-May-2013,45,Loyalty Coupon,Visa Card,John,Oman,RAK,RAM,175,2,350,50
1243,27-May-2013,54,Black Friday,Master Card,Abdullah,UAE,UAQ,Mobile,1200,2,2400,200
1244,28-May-2013,28,Chrismas Coupon,Stripe,David,India,Dubai,Laptop,4500,3,13500,250
1245,29-May-2013,41,Loyalty Coupon,Cheque,Nancy,Oman,Ajman,Moniter,3000,1,3000,300
1246,30-May-2013,52,Black Friday,Cash,Raj,UAE,RAK,Speaker,75,3,225,15
1247,31-May-2013,39,Chrismas Coupon,Visa Card,Ramzan,India,UAQ,Keyboard,100,3,300,10
1248,01-Jun-2013,36,Loyalty Coupon,Master Card,Kumayl,Oman,Dubai,Mouse,50,2,100,5
1249,02-Jun-2013,36,Black Friday,Stripe,John,UAE,Ajman,Hard Disk,125,3,375,50
1250,03-Jun-2013,47,Chrismas Coupon,Cheque,Abdullah,India,RAK,Mother Board,4500,3,13500,225
1251,04-Jun-2013,42,Loyalty Coupon,Cash,David,Oman,UAQ,RAM,175,1,175,50
1252,05-Jun-2013,59,Black Friday,Visa Card,Nancy,UAE,Dubai,Mobile,1200,1,1200,200
1253,06-Jun-2013,65,Chrismas Coupon,Master Card,Raj,India,Ajman,Laptop,4500,1,4500,250
1254,07-Jun-2013,34,Loyalty Coupon,Stripe,Ramzan,Oman,RAK,Moniter,3000,1,3000,300
1255,08-Jun-2013,52,Black Friday,Cheque,Kumayl,UAE,UAQ,Speaker,75,1,75,15
1256,09-Jun-2013,42,Chrismas Coupon,Cash,John,India,Dubai,Keyboard,100,1,100,10
1257,10-Jun-2013,36,Loyalty Coupon,Visa Card,Abdullah,Oman,Ajman,Mouse,50,1,50,5
1258,11-Jun-2013,24,Black Friday,Master Card,David,UAE,RAK,Hard Disk,125,1,125,50
1259,12-Jun-2013,61,Chrismas Coupon,Stripe,Nancy,India,UAQ,Mother Board,4500,3,13500,225
1260,13-Jun-2013,51,Loyalty Coupon,Cheque,Raj,Oman,Dubai,RAM,175,3,525,50
1261,14-Jun-2013,63,Black Friday,Cash,Ramzan,UAE,Ajman,Mobile,1200,1,1200,200
1262,15-Jun-2013,67,Chrismas Coupon,Visa Card,Kumayl,India,RAK,Laptop,4500,1,4500,250
1263,16-Jun-2013,47,Loyalty Coupon,Master Card,John,Oman,UAQ,Moniter,3000,2,6000,300
1264,17-Jun-2013,21,Black Friday,Stripe,Abdullah,UAE,Dubai,Speaker,75,3,225,15
1265,18-Jun-2013,57,Chrismas Coupon,Cheque,David,India,Ajman,Keyboard,100,2,200,10
1266,19-Jun-2013,50,Loyalty Coupon,Cash,Nancy,Oman,RAK,Mouse,50,3,150,5
1267,20-Jun-2013,60,Black Friday,Visa Card,Raj,UAE,UAQ,Hard Disk,125,2,250,50
1268,21-Jun-2013,48,Chrismas Coupon,Master Card,Ramzan,India,Dubai,Mother Board,4500,2,9000,225
1269,22-Jun-2013,52,Loyalty Coupon,Stripe,Kumayl,Oman,Ajman,RAM,175,2,350,50
1270,23-Jun-2013,56,Black Friday,Cheque,John,UAE,RAK,Mobile,1200,3,3600,200
1271,24-Jun-2013,32,Chrismas Coupon,Cash,Abdullah,India,UAQ,Laptop,4500,2,9000,250
1272,25-Jun-2013,21,Loyalty Coupon,Visa Card,David,Oman,Dubai,Moniter,3000,2,6000,300
1273,26-Jun-2013,19,Black Friday,Master Card,Nancy,UAE,Ajman,Speaker,75,3,225,15
1274,27-Jun-2013,48,Chrismas Coupon,Stripe,Raj,India,RAK,Keyboard,100,3,300,10
1275,28-Jun-2013,58,Loyalty Coupon,Cheque,Ramzan,Oman,UAQ,Mouse,50,3,150,5
1276,29-Jun-2013,44,Black Friday,Cash,Kumayl,UAE,Dubai,Hard Disk,125,3,375,50
1277,30-Jun-2013,28,Chrismas Coupon,Visa Card,John,India,Ajman,Mother Board,4500,3,13500,225
1278,01-Jul-2013,47,Loyalty Coupon,Master Card,Abdullah,Oman,RAK,RAM,175,1,175,50
1279,02-Jul-2013,49,Black Friday,Stripe,David,UAE,UAQ,Mobile,1200,2,2400,200
1280,03-Jul-2013,60,Chrismas Coupon,Cheque,Nancy,India,Dubai,Laptop,4500,3,13500,250
1281,04-Jul-2013,60,Loyalty Coupon,Cash,Raj,Oman,Ajman,Moniter,3000,3,9000,300
1282,05-Jul-2013,56,Black Friday,Visa Card,Ramzan,UAE,RAK,Speaker,75,1,75,15
1283,06-Jul-2013,65,Chrismas Coupon,Master Card,Kumayl,India,UAQ,Keyboard,100,1,100,10
1284,07-Jul-2013,18,Loyalty Coupon,Stripe,John,Oman,Dubai,Mouse,50,1,50,5
1285,08-Jul-2013,34,Black Friday,Cheque,Abdullah,UAE,Ajman,Hard Disk,125,3,375,50
1286,09-Jul-2013,20,Chrismas Coupon,Cash,David,India,RAK,Mother Board,4500,3,13500,225
1287,10-Jul-2013,62,Loyalty Coupon,Visa Card,Nancy,Oman,UAQ,RAM,175,2,350,50
1288,11-Jul-2013,27,Black Friday,Master Card,Raj,UAE,Dubai,Mobile,1200,2,2400,200
1289,12-Jul-2013,26,Chrismas Coupon,Stripe,Ramzan,India,Ajman,Laptop,4500,3,13500,250
1290,13-Jul-2013,26,Loyalty Coupon,Cheque,Kumayl,Oman,RAK,Moniter,3000,2,6000,300
1291,14-Jul-2013,37,Black Friday,Cash,John,UAE,UAQ,Speaker,75,1,75,15
1292,15-Jul-2013,50,Chrismas Coupon,Visa Card,Abdullah,India,Dubai,Keyboard,100,2,200,10
1293,16-Jul-2013,62,Loyalty Coupon,Master Card,David,Oman,Ajman,Mouse,50,3,150,5
1294,17-Jul-2013,33,Black Friday,Stripe,Nancy,UAE,RAK,Hard Disk,125,1,125,50
1295,18-Jul-2013,35,Chrismas Coupon,Cheque,Raj,India,UAQ,Mother Board,4500,3,13500,225
1296,19-Jul-2013,40,Loyalty Coupon,Cash,Ramzan,Oman,Dubai,RAM,175,3,525,50
1297,20-Jul-2013,34,Black Friday,Visa Card,Kumayl,UAE,Ajman,Mobile,1200,1,1200,200
1298,21-Jul-2013,23,Chrismas Coupon,Master Card,John,India,RAK,Laptop,4500,1,4500,250
1299,22-Jul-2013,21,Loyalty Coupon,Stripe,Abdullah,Oman,UAQ,Moniter,3000,3,9000,300
1300,23-Jul-2013,48,Black Friday,Cheque,David,UAE,Dubai,Speaker,75,1,75,15
1301,24-Jul-2013,54,Chrismas Coupon,Cash,Nancy,India,Ajman,Keyboard,100,3,300,10
1302,25-Jul-2013,46,Loyalty Coupon,Visa Card,Raj,Oman,RAK,Mouse,50,2,100,5
1303,26-Jul-2013,60,Black Friday,Master Card,Ramzan,UAE,UAQ,Hard Disk,125,2,250,50
1304,27-Jul-2013,42,Chrismas Coupon,Stripe,Kumayl,India,Dubai,Mother Board,4500,1,4500,225
1305,28-Jul-2013,62,Loyalty Coupon,Cheque,John,Oman,Ajman,RAM,175,3,525,50
1306,29-Jul-2013,59,Black Friday,Cash,Abdullah,UAE,RAK,Mobile,1200,3,3600,200
1307,30-Jul-2013,39,Chrismas Coupon,Visa Card,David,India,UAQ,Laptop,4500,1,4500,250
1308,31-Jul-2013,66,Loyalty Coupon,Master Card,Nancy,Oman,Dubai,Moniter,3000,1,3000,300
1309,01-Aug-2013,22,Black Friday,Stripe,Raj,UAE,Ajman,Speaker,75,2,150,15
1310,02-Aug-2013,56,Chrismas Coupon,Cheque,Ramzan,India,RAK,Keyboard,100,3,300,10
1311,03-Aug-2013,35,Loyalty Coupon,Cash,Kumayl,Oman,UAQ,Mouse,50,3,150,5
1312,04-Aug-2013,52,Black Friday,Visa Card,John,UAE,Dubai,Hard Disk,125,2,250,50
1313,05-Aug-2013,23,Chrismas Coupon,Master Card,Abdullah,India,Ajman,Mother Board,4500,3,13500,225
1314,06-Aug-2013,66,Loyalty Coupon,Stripe,David,Oman,RAK,RAM,175,3,525,50
1315,07-Aug-2013,41,Black Friday,Cheque,Nancy,UAE,UAQ,Mobile,1200,2,2400,200
1316,08-Aug-2013,58,Chrismas Coupon,Cash,Raj,India,Dubai,Laptop,4500,1,4500,250
1317,09-Aug-2013,18,Loyalty Coupon,Visa Card,Ramzan,Oman,Ajman,Moniter,3000,1,3000,300
1318,10-Aug-2013,41,Black Friday,Master Card,Kumayl,UAE,RAK,Speaker,75,1,75,15
1319,11-Aug-2013,23,Chrismas Coupon,Stripe,John,India,UAQ,Keyboard,100,2,200,10
1320,12-Aug-2013,65,Loyalty Coupon,Cheque,Abdullah,Oman,Dubai,Mouse,50,3,150,5
1321,13-Aug-2013,26,Black Friday,Cash,David,UAE,Ajman,Hard Disk,125,2,250,50
1322,14-Aug-2013,58,Chrismas Coupon,Visa Card,Nancy,India,RAK,Mother Board,4500,1,4500,225
1323,15-Aug-2013,22,Loyalty Coupon,Master Card,Raj,Oman,UAQ,RAM,175,1,175,50
1324,16-Aug-2013,69,Black Friday,Stripe,Ramzan,UAE,Dubai,Mobile,1200,3,3600,200
1325,17-Aug-2013,54,Chrismas Coupon,Cheque,Kumayl,India,Ajman,Laptop,4500,1,4500,250
1326,18-Aug-2013,47,Loyalty Coupon,Cash,John,Oman,RAK,Moniter,3000,2,6000,300
1327,19-Aug-2013,48,Black Friday,Visa Card,Abdullah,UAE,UAQ,Speaker,75,2,150,15
1328,20-Aug-2013,40,Chrismas Coupon,Master Card,David,India,Dubai,Keyboard,100,3,300,10
1329,21-Aug-2013,44,Loyalty Coupon,Stripe,Nancy,Oman,Ajman,Mouse,50,2,100,5
1330,22-Aug-2013,53,Black Friday,Cheque,Raj,UAE,RAK,Hard Disk,125,3,375,50
1331,23-Aug-2013,35,Chrismas Coupon,Cash,Ramzan,India,UAQ,Mother Board,4500,3,13500,225
1332,24-Aug-2013,52,Loyalty Coupon,Visa Card,Kumayl,Oman,Dubai,RAM,175,3,525,50
1333,25-Aug-2013,50,Black Friday,Master Card,John,UAE,Ajman,Mobile,1200,1,1200,200
1334,26-Aug-2013,18,Chrismas Coupon,Stripe,Abdullah,India,RAK,Laptop,4500,2,9000,250
1335,27-Aug-2013,62,Loyalty Coupon,Cheque,David,Oman,UAQ,Moniter,3000,1,3000,300
1336,28-Aug-2013,60,Black Friday,Cash,Nancy,UAE,Dubai,Speaker,75,1,75,15
1337,29-Aug-2013,68,Chrismas Coupon,Visa Card,Raj,India,Ajman,Keyboard,100,3,300,10
1338,30-Aug-2013,28,Loyalty Coupon,Master Card,Ramzan,Oman,RAK,Mouse,50,3,150,5
1339,31-Aug-2013,37,Black Friday,Stripe,Kumayl,UAE,UAQ,Hard Disk,125,1,125,50
1340,01-Sep-2013,54,Chrismas Coupon,Cheque,John,India,Dubai,Mother Board,4500,3,13500,225
1341,02-Sep-2013,31,Loyalty Coupon,Cash,Abdullah,Oman,Ajman,RAM,175,1,175,50
1342,03-Sep-2013,26,Black Friday,Visa Card,David,UAE,RAK,Mobile,1200,3,3600,200
1343,04-Sep-2013,52,Chrismas Coupon,Master Card,Nancy,India,UAQ,Laptop,4500,2,9000,250
1344,05-Sep-2013,28,Loyalty Coupon,Stripe,Raj,Oman,Dubai,Moniter,3000,1,3000,300
1345,06-Sep-2013,68,Black Friday,Cheque,Ramzan,UAE,Ajman,Speaker,75,2,150,15
1346,07-Sep-2013,44,Chrismas Coupon,Cash,Kumayl,India,RAK,Keyboard,100,3,300,10
1347,08-Sep-2013,18,Loyalty Coupon,Visa Card,John,Oman,UAQ,Mouse,50,3,150,5
1348,09-Sep-2013,57,Black Friday,Master Card,Abdullah,UAE,Dubai,Hard Disk,125,1,125,50
1349,10-Sep-2013,44,Chrismas Coupon,Stripe,David,India,Ajman,Mother Board,4500,2,9000,225
1350,11-Sep-2013,26,Loyalty Coupon,Cheque,Nancy,Oman,RAK,RAM,175,3,525,50
1351,12-Sep-2013,34,Black Friday,Cash,Raj,UAE,UAQ,Mobile,1200,3,3600,200
1352,13-Sep-2013,57,Chrismas Coupon,Visa Card,Ramzan,India,Dubai,Laptop,4500,3,13500,250
1353,14-Sep-2013,66,Loyalty Coupon,Master Card,Kumayl,Oman,Ajman,Moniter,3000,2,6000,300
1354,15-Sep-2013,60,Black Friday,Stripe,John,UAE,RAK,Speaker,75,1,75,15
1355,16-Sep-2013,61,Chrismas Coupon,Cheque,Abdullah,India,UAQ,Keyboard,100,2,200,10
1356,17-Sep-2013,25,Loyalty Coupon,Cash,David,Oman,Dubai,Mouse,50,2,100,5
1357,18-Sep-2013,30,Black Friday,Visa Card,Nancy,UAE,Ajman,Hard Disk,125,3,375,50
1358,19-Sep-2013,30,Chrismas Coupon,Master Card,Raj,India,RAK,Mother Board,4500,1,4500,225
1359,20-Sep-2013,61,Loyalty Coupon,Stripe,Ramzan,Oman,UAQ,RAM,175,2,350,50
1360,21-Sep-2013,42,Black Friday,Cheque,Kumayl,UAE,Dubai,Mobile,1200,2,2400,200
1361,22-Sep-2013,26,Chrismas Coupon,Cash,John,India,Ajman,Laptop,4500,3,13500,250
1362,23-Sep-2013,21,Loyalty Coupon,Visa Card,Abdullah,Oman,RAK,Moniter,3000,1,3000,300
1363,24-Sep-2013,36,Black Friday,Master Card,David,UAE,UAQ,Speaker,75,1,75,15
1364,25-Sep-2013,23,Chrismas Coupon,Stripe,Nancy,India,Dubai,Keyboard,100,3,300,10
1365,26-Sep-2013,27,Loyalty Coupon,Cheque,Raj,Oman,Ajman,Mouse,50,3,150,5
1366,27-Sep-2013,21,Black Friday,Cash,Ramzan,UAE,RAK,Hard Disk,125,2,250,50
1367,28-Sep-2013,55,Chrismas Coupon,Visa Card,Kumayl,India,UAQ,Mother Board,4500,2,9000,225
1368,29-Sep-2013,51,Loyalty Coupon,Master Card,John,Oman,Dubai,RAM,175,2,350,50
1369,30-Sep-2013,29,Black Friday,Stripe,Abdullah,UAE,Ajman,Mobile,1200,1,1200,200
1370,01-Oct-2013,38,Chrismas Coupon,Cheque,David,India,RAK,Laptop,4500,2,9000,250
1371,02-Oct-2013,55,Loyalty Coupon,Cash,Nancy,Oman,UAQ,Moniter,3000,2,6000,300
1372,03-Oct-2013,67,Black Friday,Visa Card,Raj,UAE,Dubai,Speaker,75,3,225,15
1373,04-Oct-2013,18,Chrismas Coupon,Master Card,Ramzan,India,Ajman,Keyboard,100,1,100,10
1374,05-Oct-2013,48,Loyalty Coupon,Stripe,Kumayl,Oman,RAK,Mouse,50,1,50,5
1375,06-Oct-2013,26,Black Friday,Cheque,John,UAE,UAQ,Hard Disk,125,1,125,50
1376,07-Oct-2013,46,Chrismas Coupon,Cash,Abdullah,India,Dubai,Mother Board,4500,3,13500,225
1377,08-Oct-2013,45,Loyalty Coupon,Visa Card,David,Oman,Ajman,RAM,175,3,525,50
1378,09-Oct-2013,30,Black Friday,Master Card,Nancy,UAE,RAK,Mobile,1200,1,1200,200
1379,10-Oct-2013,65,Chrismas Coupon,Stripe,Raj,India,UAQ,Laptop,4500,3,13500,250
1380,11-Oct-2013,45,Loyalty Coupon,Cheque,Ramzan,Oman,Dubai,Moniter,3000,2,6000,300
1381,12-Oct-2013,70,Black Friday,Cash,Kumayl,UAE,Ajman,Speaker,75,2,150,15
1382,13-Oct-2013,67,Chrismas Coupon,Visa Card,John,India,RAK,Keyboard,100,2,200,10
1383,14-Oct-2013,48,Loyalty Coupon,Master Card,Abdullah,Oman,UAQ,Mouse,50,1,50,5
1384,15-Oct-2013,23,Black Friday,Stripe,David,UAE,Dubai,Hard Disk,125,1,125,50
1385,16-Oct-2013,67,Chrismas Coupon,Cheque,Nancy,India,Ajman,Mother Board,4500,1,4500,225
1386,17-Oct-2013,25,Loyalty Coupon,Cash,Raj,Oman,RAK,RAM,175,2,350,50
1387,18-Oct-2013,28,Black Friday,Visa Card,Ramzan,UAE,UAQ,Mobile,1200,2,2400,200
1388,19-Oct-2013,37,Chrismas Coupon,Master Card,Kumayl,India,Dubai,Laptop,4500,2,9000,250
1389,20-Oct-2013,25,Loyalty Coupon,Stripe,John,Oman,Ajman,Moniter,3000,2,6000,300
1390,21-Oct-2013,31,Black Friday,Cheque,Abdullah,UAE,RAK,Speaker,75,3,225,15
1391,22-Oct-2013,34,Chrismas Coupon,Cash,David,India,UAQ,Keyboard,100,3,300,10
1392,23-Oct-2013,69,Loyalty Coupon,Visa Card,Nancy,Oman,Dubai,Mouse,50,1,50,5
1393,24-Oct-2013,35,Black Friday,Master Card,Raj,UAE,Ajman,Hard Disk,125,1,125,50
1394,25-Oct-2013,22,Chrismas Coupon,Stripe,Ramzan,India,RAK,Mother Board,4500,3,13500,225
1395,26-Oct-2013,25,Loyalty Coupon,Cheque,Kumayl,Oman,UAQ,RAM,175,3,525,50
1396,27-Oct-2013,37,Black Friday,Cash,John,UAE,Dubai,Mobile,1200,1,1200,200
1397,28-Oct-2013,33,Chrismas Coupon,Visa Card,Abdullah,India,Ajman,Laptop,4500,1,4500,250
1398,29-Oct-2013,60,Loyalty Coupon,Master Card,David,Oman,RAK,Moniter,3000,1,3000,300
1399,30-Oct-2013,66,Black Friday,Stripe,Nancy,UAE,UAQ,Speaker,75,1,75,15
1400,31-Oct-2013,67,Chrismas Coupon,Cheque,Raj,India,Dubai,Keyboard,100,3,300,10
1401,01-Nov-2013,63,Loyalty Coupon,Cash,Ramzan,Oman,Ajman,Mouse,50,2,100,5
1402,02-Nov-2013,38,Black Friday,Visa Card,Kumayl,UAE,RAK,Hard Disk,125,3,375,50
1403,03-Nov-2013,35,Chrismas Coupon,Master Card,John,India,UAQ,Mother Board,4500,3,13500,225
1404,04-Nov-2013,53,Loyalty Coupon,Stripe,Abdullah,Oman,Dubai,RAM,175,2,350,50
1405,05-Nov-2013,36,Black Friday,Cheque,David,UAE,Ajman,Mobile,1200,2,2400,200
1406,06-Nov-2013,60,Chrismas Coupon,Cash,Nancy,India,RAK,Laptop,4500,3,13500,250
1407,07-Nov-2013,57,Loyalty Coupon,Visa Card,Raj,Oman,UAQ,Moniter,3000,1,3000,300
1408,08-Nov-2013,50,Black Friday,Master Card,Ramzan,UAE,Dubai,Speaker,75,3,225,15
1409,09-Nov-2013,60,Chrismas Coupon,Stripe,Kumayl,India,Ajman,Keyboard,100,3,300,10
1410,10-Nov-2013,54,Loyalty Coupon,Cheque,John,Oman,RAK,Mouse,50,3,150,5
1411,11-Nov-2013,70,Black Friday,Cash,Abdullah,UAE,UAQ,Hard Disk,125,3,375,50
1412,12-Nov-2013,65,Chrismas Coupon,Visa Card,David,India,Dubai,Mother Board,4500,1,4500,225
1413,13-Nov-2013,21,Loyalty Coupon,Master Card,Nancy,Oman,Ajman,RAM,175,2,350,50
1414,14-Nov-2013,26,Black Friday,Stripe,Raj,UAE,RAK,Mobile,1200,1,1200,200
1415,15-Nov-2013,21,Chrismas Coupon,Cheque,Ramzan,India,UAQ,Laptop,4500,1,4500,250
1416,16-Nov-2013,42,Loyalty Coupon,Cash,Kumayl,Oman,Dubai,Moniter,3000,2,6000,300
1417,17-Nov-2013,38,Black Friday,Visa Card,John,UAE,Ajman,Speaker,75,3,225,15
1418,18-Nov-2013,34,Chrismas Coupon,Master Card,Abdullah,India,RAK,Keyboard,100,3,300,10
1419,19-Nov-2013,58,Loyalty Coupon,Stripe,David,Oman,UAQ,Mouse,50,2,100,5
1420,20-Nov-2013,36,Black Friday,Cheque,Nancy,UAE,Dubai,Hard Disk,125,2,250,50
1421,21-Nov-2013,50,Chrismas Coupon,Cash,Raj,India,Ajman,Mother Board,4500,3,13500,225
1422,22-Nov-2013,54,Loyalty Coupon,Visa Card,Ramzan,Oman,RAK,RAM,175,1,175,50
1423,23-Nov-2013,34,Black Friday,Master Card,Kumayl,UAE,UAQ,Mobile,1200,1,1200,200
1424,24-Nov-2013,23,Chrismas Coupon,Stripe,John,India,Dubai,Laptop,4500,2,9000,250
1425,25-Nov-2013,53,Loyalty Coupon,Cheque,Abdullah,Oman,Ajman,Moniter,3000,2,6000,300
1426,26-Nov-2013,58,Black Friday,Cash,David,UAE,RAK,Speaker,75,1,75,15
1427,27-Nov-2013,64,Chrismas Coupon,Visa Card,Nancy,India,UAQ,Keyboard,100,2,200,10
1428,28-Nov-2013,21,Loyalty Coupon,Master Card,Raj,Oman,Dubai,Mouse,50,1,50,5
1429,29-Nov-2013,56,Black Friday,Stripe,Ramzan,UAE,Ajman,Hard Disk,125,3,375,50
1430,30-Nov-2013,56,Chrismas Coupon,Cheque,Kumayl,India,RAK,Mother Board,4500,3,13500,225
1431,01-Dec-2013,37,Loyalty Coupon,Cash,John,Oman,UAQ,RAM,175,1,175,50
1432,02-Dec-2013,64,Black Friday,Visa Card,Abdullah,UAE,Dubai,Mobile,1200,3,3600,200
1433,03-Dec-2013,27,Chrismas Coupon,Master Card,David,India,Ajman,Laptop,4500,1,4500,250
1434,04-Dec-2013,43,Loyalty Coupon,Stripe,Nancy,Oman,RAK,Moniter,3000,3,9000,300
1435,05-Dec-2013,60,Black Friday,Cheque,Raj,UAE,UAQ,Speaker,75,2,150,15
1436,06-Dec-2013,34,Chrismas Coupon,Cash,Ramzan,India,Dubai,Keyboard,100,1,100,10
1437,07-Dec-2013,43,Loyalty Coupon,Visa Card,Kumayl,Oman,Ajman,Mouse,50,2,100,5
1438,08-Dec-2013,37,Black Friday,Master Card,John,UAE,RAK,Hard Disk,125,1,125,50
1439,09-Dec-2013,41,Chrismas Coupon,Stripe,Abdullah,India,UAQ,Mother Board,4500,1,4500,225
1440,10-Dec-2013,63,Loyalty Coupon,Cheque,David,Oman,Dubai,RAM,175,1,175,50
1441,11-Dec-2013,26,Black Friday,Cash,Nancy,UAE,Ajman,Mobile,1200,3,3600,200
1442,12-Dec-2013,62,Chrismas Coupon,Visa Card,Raj,India,RAK,Laptop,4500,3,13500,250
1443,13-Dec-2013,29,Loyalty Coupon,Master Card,Ramzan,Oman,UAQ,Moniter,3000,1,3000,300
1444,14-Dec-2013,54,Black Friday,Stripe,Kumayl,UAE,Dubai,Speaker,75,3,225,15
1445,15-Dec-2013,47,Chrismas Coupon,Cheque,John,India,Ajman,Keyboard,100,1,100,10
1446,16-Dec-2013,66,Loyalty Coupon,Cash,Abdullah,Oman,RAK,Mouse,50,3,150,5
1447,17-Dec-2013,51,Black Friday,Visa Card,David,UAE,UAQ,Hard Disk,125,2,250,50
1448,18-Dec-2013,33,Chrismas Coupon,Master Card,Nancy,India,Dubai,Mother Board,4500,3,13500,225
1449,19-Dec-2013,41,Loyalty Coupon,Stripe,Raj,Oman,Ajman,RAM,175,2,350,50
1450,20-Dec-2013,58,Black Friday,Cheque,Ramzan,UAE,RAK,Mobile,1200,3,3600,200
1451,21-Dec-2013,25,Chrismas Coupon,Cash,Kumayl,India,UAQ,Laptop,4500,1,4500,250
1452,22-Dec-2013,32,Loyalty Coupon,Visa Card,John,Oman,Dubai,Moniter,3000,1,3000,300
1453,23-Dec-2013,59,Black Friday,Master Card,Abdullah,UAE,Ajman,Speaker,75,1,75,15
1454,24-Dec-2013,70,Chrismas Coupon,Stripe,David,India,RAK,Keyboard,100,3,300,10
1455,25-Dec-2013,34,Loyalty Coupon,Cheque,Nancy,Oman,UAQ,Mouse,50,1,50,5
1456,26-Dec-2013,68,Black Friday,Cash,Raj,UAE,Dubai,Hard Disk,125,3,375,50
1457,27-Dec-2013,69,Chrismas Coupon,Visa Card,Ramzan,India,Ajman,Mother Board,4500,1,4500,225
1458,28-Dec-2013,60,Loyalty Coupon,Master Card,Kumayl,Oman,RAK,RAM,175,3,525,50
1459,29-Dec-2013,23,Black Friday,Stripe,John,UAE,UAQ,Mobile,1200,3,3600,200
1460,30-Dec-2013,57,Chrismas Coupon,Cheque,Abdullah,India,Dubai,Laptop,4500,3,13500,250
1461,31-Dec-2013,19,Loyalty Coupon,Cash,David,Oman,Ajman,Moniter,3000,3,9000,300
1462,01-Jan-2014,70,Black Friday,Visa Card,Nancy,UAE,Mumbai,Speaker,75,1,75,15
1463,02-Jan-2014,46,Chrismas Coupon,Master Card,Raj,India,Pune,Keyboard,100,2,200,10
1464,03-Jan-2014,68,Loyalty Coupon,Stripe,Ramzan,Oman,Chennai,Mouse,50,3,150,5
1465,04-Jan-2014,29,Black Friday,Cheque,Kumayl,UAE,Bangalore,Hard Disk,125,1,125,50
1466,05-Jan-2014,36,Chrismas Coupon,Cash,John,India,Kerala,Mother Board,4500,3,13500,225
1467,06-Jan-2014,58,Loyalty Coupon,Visa Card,Abdullah,Oman,Hyderabad,RAM,175,1,175,50
1468,07-Jan-2014,19,Black Friday,Master Card,David,UAE,Goa,Mobile,1200,2,2400,200
1469,08-Jan-2014,68,Chrismas Coupon,Stripe,Nancy,India,Mumbai,Laptop,4500,2,9000,250
1470,09-Jan-2014,52,Loyalty Coupon,Cheque,Raj,Oman,Pune,Moniter,3000,1,3000,300
1471,10-Jan-2014,41,Black Friday,Cash,Ramzan,UAE,Chennai,Speaker,75,2,150,15
1472,11-Jan-2014,35,Chrismas Coupon,Visa Card,Kumayl,India,Bangalore,Keyboard,100,1,100,10
1473,12-Jan-2014,33,Loyalty Coupon,Master Card,John,Oman,Kerala,Mouse,50,2,100,5
1474,13-Jan-2014,59,Black Friday,Stripe,Abdullah,UAE,Hyderabad,Hard Disk,125,3,375,50
1475,14-Jan-2014,30,Chrismas Coupon,Cheque,David,India,Goa,Mother Board,4500,2,9000,225
1476,15-Jan-2014,68,Loyalty Coupon,Cash,Nancy,Oman,Mumbai,RAM,175,2,350,50
1477,16-Jan-2014,60,Black Friday,Visa Card,Raj,UAE,Pune,Mobile,1200,2,2400,200
1478,17-Jan-2014,65,Chrismas Coupon,Master Card,Ramzan,India,Chennai,Laptop,4500,2,9000,250
1479,18-Jan-2014,26,Loyalty Coupon,Stripe,Kumayl,Oman,Bangalore,Moniter,3000,3,9000,300
1480,19-Jan-2014,28,Black Friday,Cheque,John,UAE,Kerala,Speaker,75,3,225,15
1481,20-Jan-2014,56,Chrismas Coupon,Cash,Abdullah,India,Hyderabad,Keyboard,100,1,100,10
1482,21-Jan-2014,49,Loyalty Coupon,Visa Card,David,Oman,Goa,Mouse,50,3,150,5
1483,22-Jan-2014,20,Black Friday,Master Card,Nancy,UAE,Mumbai,Hard Disk,125,3,375,50
1484,23-Jan-2014,18,Chrismas Coupon,Stripe,Raj,India,Pune,Mother Board,4500,2,9000,225
1485,24-Jan-2014,64,Loyalty Coupon,Cheque,Ramzan,Oman,Chennai,RAM,175,1,175,50
1486,25-Jan-2014,42,Black Friday,Cash,Kumayl,UAE,Bangalore,Mobile,1200,2,2400,200
1487,26-Jan-2014,23,Chrismas Coupon,Visa Card,John,India,Kerala,Laptop,4500,3,13500,250
1488,27-Jan-2014,30,Loyalty Coupon,Master Card,Abdullah,Oman,Hyderabad,Moniter,3000,1,3000,300
1489,28-Jan-2014,34,Black Friday,Stripe,David,UAE,Goa,Speaker,75,2,150,15
1490,29-Jan-2014,36,Chrismas Coupon,Cheque,Nancy,India,Mumbai,Keyboard,100,1,100,10
1491,30-Jan-2014,54,Loyalty Coupon,Cash,Raj,Oman,Pune,Mouse,50,2,100,5
1492,31-Jan-2014,64,Black Friday,Visa Card,Ramzan,UAE,Chennai,Hard Disk,125,3,375,50
1493,01-Feb-2014,32,Chrismas Coupon,Master Card,Kumayl,India,Bangalore,Mother Board,4500,2,9000,225
1494,02-Feb-2014,31,Loyalty Coupon,Stripe,John,Oman,Kerala,RAM,175,1,175,50
1495,03-Feb-2014,22,Black Friday,Cheque,Abdullah,UAE,Hyderabad,Mobile,1200,3,3600,200
1496,04-Feb-2014,18,Chrismas Coupon,Cash,David,India,Goa,Laptop,4500,3,13500,250
1497,05-Feb-2014,51,Loyalty Coupon,Visa Card,Nancy,Oman,Mumbai,Moniter,3000,2,6000,300
1498,06-Feb-2014,55,Black Friday,Master Card,Raj,UAE,Pune,Speaker,75,1,75,15
1499,07-Feb-2014,25,Chrismas Coupon,Stripe,Ramzan,India,Chennai,Keyboard,100,1,100,10
1500,08-Feb-2014,67,Loyalty Coupon,Cheque,Kumayl,Oman,Bangalore,Mouse,50,1,50,5
1501,09-Feb-2014,32,Black Friday,Cash,John,UAE,Kerala,Hard Disk,125,3,375,50
1502,10-Feb-2014,21,Chrismas Coupon,Visa Card,Abdullah,India,Hyderabad,Mother Board,4500,2,9000,225
1503,11-Feb-2014,60,Loyalty Coupon,Master Card,David,Oman,Goa,RAM,175,1,175,50
1504,12-Feb-2014,36,Black Friday,Stripe,Nancy,UAE,Mumbai,Mobile,1200,1,1200,200
1505,13-Feb-2014,43,Chrismas Coupon,Cheque,Raj,India,Pune,Laptop,4500,2,9000,250
1506,14-Feb-2014,33,Loyalty Coupon,Cash,Ramzan,Oman,Chennai,Moniter,3000,2,6000,300
1507,15-Feb-2014,54,Black Friday,Visa Card,Kumayl,UAE,Bangalore,Speaker,75,2,150,15
1508,16-Feb-2014,58,Chrismas Coupon,Master Card,John,India,Kerala,Keyboard,100,1,100,10
1509,17-Feb-2014,70,Loyalty Coupon,Stripe,Abdullah,Oman,Hyderabad,Mouse,50,3,150,5
1510,18-Feb-2014,60,Black Friday,Cheque,David,UAE,Goa,Hard Disk,125,1,125,50
1511,19-Feb-2014,28,Chrismas Coupon,Cash,Nancy,India,Mumbai,Mother Board,4500,3,13500,225
1512,20-Feb-2014,20,Loyalty Coupon,Visa Card,Raj,Oman,Pune,RAM,175,3,525,50
1513,21-Feb-2014,44,Black Friday,Master Card,Ramzan,UAE,Chennai,Mobile,1200,1,1200,200
1514,22-Feb-2014,26,Chrismas Coupon,Stripe,Kumayl,India,Bangalore,Laptop,4500,3,13500,250
1515,23-Feb-2014,41,Loyalty Coupon,Cheque,John,Oman,Kerala,Moniter,3000,3,9000,300
1516,24-Feb-2014,68,Black Friday,Cash,Abdullah,UAE,Hyderabad,Speaker,75,1,75,15
1517,25-Feb-2014,55,Chrismas Coupon,Visa Card,David,India,Goa,Keyboard,100,3,300,10
1518,26-Feb-2014,59,Loyalty Coupon,Master Card,Nancy,Oman,Mumbai,Mouse,50,1,50,5
1519,27-Feb-2014,34,Black Friday,Stripe,Raj,UAE,Pune,Hard Disk,125,2,250,50
1520,28-Feb-2014,54,Chrismas Coupon,Cheque,Ramzan,India,Chennai,Mother Board,4500,2,9000,225
1521,01-Mar-2014,52,Loyalty Coupon,Cash,Kumayl,Oman,Bangalore,RAM,175,2,350,50
1522,02-Mar-2014,37,Black Friday,Visa Card,John,UAE,Kerala,Mobile,1200,2,2400,200
1523,03-Mar-2014,59,Chrismas Coupon,Master Card,Abdullah,India,Hyderabad,Laptop,4500,1,4500,250
1524,04-Mar-2014,27,Loyalty Coupon,Stripe,David,Oman,Goa,Moniter,3000,2,6000,300
1525,05-Mar-2014,57,Black Friday,Cheque,Nancy,UAE,Mumbai,Speaker,75,3,225,15
1526,06-Mar-2014,48,Chrismas Coupon,Cash,Raj,India,Pune,Keyboard,100,3,300,10
1527,07-Mar-2014,41,Loyalty Coupon,Visa Card,Ramzan,Oman,Chennai,Mouse,50,3,150,5
1528,08-Mar-2014,45,Black Friday,Master Card,Kumayl,UAE,Bangalore,Hard Disk,125,1,125,50
1529,09-Mar-2014,22,Chrismas Coupon,Stripe,John,India,Kerala,Mother Board,4500,1,4500,225
1530,10-Mar-2014,55,Loyalty Coupon,Cheque,Abdullah,Oman,Hyderabad,RAM,175,3,525,50
1531,11-Mar-2014,47,Black Friday,Cash,David,UAE,Goa,Mobile,1200,3,3600,200
1532,12-Mar-2014,47,Chrismas Coupon,Visa Card,Nancy,India,Mumbai,Laptop,4500,2,9000,250
1533,13-Mar-2014,25,Loyalty Coupon,Master Card,Raj,Oman,Pune,Moniter,3000,3,9000,300
1534,14-Mar-2014,51,Black Friday,Stripe,Ramzan,UAE,Chennai,Speaker,75,3,225,15
1535,15-Mar-2014,55,Chrismas Coupon,Cheque,Kumayl,India,Bangalore,Keyboard,100,1,100,10
1536,16-Mar-2014,68,Loyalty Coupon,Cash,John,Oman,Kerala,Mouse,50,1,50,5
1537,17-Mar-2014,30,Black Friday,Visa Card,Abdullah,UAE,Hyderabad,Hard Disk,125,1,125,50
1538,18-Mar-2014,41,Chrismas Coupon,Master Card,David,India,Goa,Mother Board,4500,1,4500,225
1539,19-Mar-2014,43,Loyalty Coupon,Stripe,Nancy,Oman,Mumbai,RAM,175,2,350,50
1540,20-Mar-2014,51,Black Friday,Cheque,Raj,UAE,Pune,Mobile,1200,2,2400,200
1541,21-Mar-2014,27,Chrismas Coupon,Cash,Ramzan,India,Chennai,Laptop,4500,2,9000,250
1542,22-Mar-2014,41,Loyalty Coupon,Visa Card,Kumayl,Oman,Bangalore,Moniter,3000,1,3000,300
1543,23-Mar-2014,19,Black Friday,Master Card,John,UAE,Kerala,Speaker,75,3,225,15
1544,24-Mar-2014,36,Chrismas Coupon,Stripe,Abdullah,India,Hyderabad,Keyboard,100,2,200,10
1545,25-Mar-2014,28,Loyalty Coupon,Cheque,David,Oman,Goa,Mouse,50,2,100,5
1546,26-Mar-2014,21,Black Friday,Cash,Nancy,UAE,Mumbai,Hard Disk,125,2,250,50
1547,27-Mar-2014,65,Chrismas Coupon,Visa Card,Raj,India,Pune,Mother Board,4500,1,4500,225
1548,28-Mar-2014,22,Loyalty Coupon,Master Card,Ramzan,Oman,Chennai,RAM,175,1,175,50
1549,29-Mar-2014,51,Black Friday,Stripe,Kumayl,UAE,Bangalore,Mobile,1200,1,1200,200
1550,30-Mar-2014,43,Chrismas Coupon,Cheque,John,India,Kerala,Laptop,4500,1,4500,250
1551,31-Mar-2014,30,Loyalty Coupon,Cash,Abdullah,Oman,Hyderabad,Moniter,3000,3,9000,300
1552,01-Apr-2014,34,Black Friday,Visa Card,David,UAE,Goa,Speaker,75,2,150,15
1553,02-Apr-2014,19,Chrismas Coupon,Master Card,Nancy,India,Mumbai,Keyboard,100,3,300,10
1554,03-Apr-2014,45,Loyalty Coupon,Stripe,Raj,Oman,Pune,Mouse,50,1,50,5
1555,04-Apr-2014,35,Black Friday,Cheque,Ramzan,UAE,Chennai,Hard Disk,125,2,250,50
1556,05-Apr-2014,57,Chrismas Coupon,Cash,Kumayl,India,Bangalore,Mother Board,4500,1,4500,225
1557,06-Apr-2014,29,Loyalty Coupon,Visa Card,John,Oman,Kerala,RAM,175,1,175,50
1558,07-Apr-2014,41,Black Friday,Master Card,Abdullah,UAE,Hyderabad,Mobile,1200,2,2400,200
1559,08-Apr-2014,48,Chrismas Coupon,Stripe,David,India,Goa,Laptop,4500,1,4500,250
1560,09-Apr-2014,35,Loyalty Coupon,Cheque,Nancy,Oman,Mumbai,Moniter,3000,1,3000,300
1561,10-Apr-2014,34,Black Friday,Cash,Raj,UAE,Pune,Speaker,75,3,225,15
1562,11-Apr-2014,22,Chrismas Coupon,Visa Card,Ramzan,India,Chennai,Keyboard,100,1,100,10
1563,12-Apr-2014,29,Loyalty Coupon,Master Card,Kumayl,Oman,Bangalore,Mouse,50,3,150,5
1564,13-Apr-2014,58,Black Friday,Stripe,John,UAE,Kerala,Hard Disk,125,2,250,50
1565,14-Apr-2014,21,Chrismas Coupon,Cheque,Abdullah,India,Hyderabad,Mother Board,4500,2,9000,225
1566,15-Apr-2014,20,Loyalty Coupon,Cash,David,Oman,Goa,RAM,175,3,525,50
1567,16-Apr-2014,23,Black Friday,Visa Card,Nancy,UAE,Mumbai,Mobile,1200,1,1200,200
1568,17-Apr-2014,63,Chrismas Coupon,Master Card,Raj,India,Pune,Laptop,4500,2,9000,250
1569,18-Apr-2014,48,Loyalty Coupon,Stripe,Ramzan,Oman,Chennai,Moniter,3000,2,6000,300
1570,19-Apr-2014,33,Black Friday,Cheque,Kumayl,UAE,Bangalore,Speaker,75,1,75,15
1571,20-Apr-2014,24,Chrismas Coupon,Cash,John,India,Kerala,Keyboard,100,2,200,10
1572,21-Apr-2014,46,Loyalty Coupon,Visa Card,Abdullah,Oman,Hyderabad,Mouse,50,1,50,5
1573,22-Apr-2014,67,Black Friday,Master Card,David,UAE,Goa,Hard Disk,125,2,250,50
1574,23-Apr-2014,48,Chrismas Coupon,Stripe,Nancy,India,Mumbai,Mother Board,4500,3,13500,225
1575,24-Apr-2014,62,Loyalty Coupon,Cheque,Raj,Oman,Pune,RAM,175,2,350,50
1576,25-Apr-2014,67,Black Friday,Cash,Ramzan,UAE,Chennai,Mobile,1200,1,1200,200
1577,26-Apr-2014,22,Chrismas Coupon,Visa Card,Kumayl,India,Bangalore,Laptop,4500,1,4500,250
1578,27-Apr-2014,43,Loyalty Coupon,Master Card,John,Oman,Kerala,Moniter,3000,2,6000,300
1579,28-Apr-2014,44,Black Friday,Stripe,Abdullah,UAE,Hyderabad,Speaker,75,3,225,15
1580,29-Apr-2014,24,Chrismas Coupon,Cheque,David,India,Goa,Keyboard,100,3,300,10
1581,30-Apr-2014,33,Loyalty Coupon,Cash,Nancy,Oman,Mumbai,Mouse,50,3,150,5
1582,01-May-2014,36,Black Friday,Visa Card,Raj,UAE,Pune,Hard Disk,125,3,375,50
1583,02-May-2014,29,Chrismas Coupon,Master Card,Ramzan,India,Chennai,Mother Board,4500,2,9000,225
1584,03-May-2014,53,Loyalty Coupon,Stripe,Kumayl,Oman,Bangalore,RAM,175,2,350,50
1585,04-May-2014,19,Black Friday,Cheque,John,UAE,Kerala,Mobile,1200,2,2400,200
1586,05-May-2014,56,Chrismas Coupon,Cash,Abdullah,India,Hyderabad,Laptop,4500,3,13500,250
1587,06-May-2014,68,Loyalty Coupon,Visa Card,David,Oman,Goa,Moniter,3000,1,3000,300
1588,07-May-2014,62,Black Friday,Master Card,Nancy,UAE,Mumbai,Speaker,75,2,150,15
1589,08-May-2014,38,Chrismas Coupon,Stripe,Raj,India,Pune,Keyboard,100,3,300,10
1590,09-May-2014,56,Loyalty Coupon,Cheque,Ramzan,Oman,Chennai,Mouse,50,1,50,5
1591,10-May-2014,55,Black Friday,Cash,Kumayl,UAE,Bangalore,Hard Disk,125,2,250,50
1592,11-May-2014,63,Chrismas Coupon,Visa Card,John,India,Kerala,Mother Board,4500,3,13500,225
1593,12-May-2014,21,Loyalty Coupon,Master Card,Abdullah,Oman,Hyderabad,RAM,175,3,525,50
1594,13-May-2014,30,Black Friday,Stripe,David,UAE,Goa,Mobile,1200,1,1200,200
1595,14-May-2014,65,Chrismas Coupon,Cheque,Nancy,India,Mumbai,Laptop,4500,1,4500,250
1596,15-May-2014,55,Loyalty Coupon,Cash,Raj,Oman,Pune,Moniter,3000,3,9000,300
1597,16-May-2014,64,Black Friday,Visa Card,Ramzan,UAE,Chennai,Speaker,75,2,150,15
1598,17-May-2014,21,Chrismas Coupon,Master Card,Kumayl,India,Bangalore,Keyboard,100,1,100,10
1599,18-May-2014,59,Loyalty Coupon,Stripe,John,Oman,Kerala,Mouse,50,1,50,5
1600,19-May-2014,64,Black Friday,Cheque,Abdullah,UAE,Hyderabad,Hard Disk,125,2,250,50
1601,20-May-2014,57,Chrismas Coupon,Cash,David,India,Goa,Mother Board,4500,2,9000,225
1602,21-May-2014,67,Loyalty Coupon,Visa Card,Nancy,Oman,Mumbai,RAM,175,1,175,50
1603,22-May-2014,60,Black Friday,Master Card,Raj,UAE,Pune,Mobile,1200,2,2400,200
1604,23-May-2014,59,Chrismas Coupon,Stripe,Ramzan,India,Chennai,Laptop,4500,2,9000,250
1605,24-May-2014,59,Loyalty Coupon,Cheque,Kumayl,Oman,Bangalore,Moniter,3000,2,6000,300
1606,25-May-2014,35,Black Friday,Cash,John,UAE,Kerala,Speaker,75,2,150,15
1607,26-May-2014,36,Chrismas Coupon,Visa Card,Abdullah,India,Hyderabad,Keyboard,100,1,100,10
1608,27-May-2014,46,Loyalty Coupon,Master Card,David,Oman,Goa,Mouse,50,1,50,5
1609,28-May-2014,22,Black Friday,Stripe,Nancy,UAE,Mumbai,Hard Disk,125,2,250,50
1610,29-May-2014,68,Chrismas Coupon,Cheque,Raj,India,Pune,Mother Board,4500,1,4500,225
1611,30-May-2014,18,Loyalty Coupon,Cash,Ramzan,Oman,Chennai,RAM,175,2,350,50
1612,31-May-2014,27,Black Friday,Visa Card,Kumayl,UAE,Bangalore,Mobile,1200,2,2400,200
1613,01-Jun-2014,40,Chrismas Coupon,Master Card,John,India,Kerala,Laptop,4500,3,13500,250
1614,02-Jun-2014,19,Loyalty Coupon,Stripe,Abdullah,Oman,Hyderabad,Moniter,3000,1,3000,300
1615,03-Jun-2014,69,Black Friday,Cheque,David,UAE,Goa,Speaker,75,2,150,15
1616,04-Jun-2014,61,Chrismas Coupon,Cash,Nancy,India,Mumbai,Keyboard,100,3,300,10
1617,05-Jun-2014,43,Loyalty Coupon,Visa Card,Raj,Oman,Pune,Mouse,50,2,100,5
1618,06-Jun-2014,63,Black Friday,Master Card,Ramzan,UAE,Chennai,Hard Disk,125,2,250,50
1619,07-Jun-2014,65,Chrismas Coupon,Stripe,Kumayl,India,Bangalore,Mother Board,4500,2,9000,225
1620,08-Jun-2014,25,Loyalty Coupon,Cheque,John,Oman,Kerala,RAM,175,2,350,50
1621,09-Jun-2014,68,Black Friday,Cash,Abdullah,UAE,Hyderabad,Mobile,1200,3,3600,200
1622,10-Jun-2014,55,Chrismas Coupon,Visa Card,David,India,Goa,Laptop,4500,2,9000,250
1623,11-Jun-2014,38,Loyalty Coupon,Master Card,Nancy,Oman,Mumbai,Moniter,3000,2,6000,300
1624,12-Jun-2014,68,Black Friday,Stripe,Raj,UAE,Pune,Speaker,75,2,150,15
1625,13-Jun-2014,26,Chrismas Coupon,Cheque,Ramzan,India,Chennai,Keyboard,100,3,300,10
1626,14-Jun-2014,44,Loyalty Coupon,Cash,Kumayl,Oman,Bangalore,Mouse,50,3,150,5
1627,15-Jun-2014,35,Black Friday,Visa Card,John,UAE,Kerala,Hard Disk,125,1,125,50
1628,16-Jun-2014,67,Chrismas Coupon,Master Card,Abdullah,India,Hyderabad,Mother Board,4500,2,9000,225
1629,17-Jun-2014,68,Loyalty Coupon,Stripe,David,Oman,Goa,RAM,175,2,350,50
1630,18-Jun-2014,53,Black Friday,Cheque,Nancy,UAE,Mumbai,Mobile,1200,2,2400,200
1631,19-Jun-2014,46,Chrismas Coupon,Cash,Raj,India,Pune,Laptop,4500,3,13500,250
1632,20-Jun-2014,35,Loyalty Coupon,Visa Card,Ramzan,Oman,Chennai,Moniter,3000,3,9000,300
1633,21-Jun-2014,54,Black Friday,Master Card,Kumayl,UAE,Bangalore,Speaker,75,3,225,15
1634,22-Jun-2014,68,Chrismas Coupon,Stripe,John,India,Kerala,Keyboard,100,1,100,10
1635,23-Jun-2014,64,Loyalty Coupon,Cheque,Abdullah,Oman,Hyderabad,Mouse,50,2,100,5
1636,24-Jun-2014,36,Black Friday,Cash,David,UAE,Goa,Hard Disk,125,2,250,50
1637,25-Jun-2014,27,Chrismas Coupon,Visa Card,Nancy,India,Mumbai,Mother Board,4500,1,4500,225
1638,26-Jun-2014,48,Loyalty Coupon,Master Card,Raj,Oman,Pune,RAM,175,2,350,50
1639,27-Jun-2014,30,Black Friday,Stripe,Ramzan,UAE,Chennai,Mobile,1200,3,3600,200
1640,28-Jun-2014,66,Chrismas Coupon,Cheque,Kumayl,India,Bangalore,Laptop,4500,1,4500,250
1641,29-Jun-2014,43,Loyalty Coupon,Cash,John,Oman,Kerala,Moniter,3000,3,9000,300
1642,30-Jun-2014,42,Black Friday,Visa Card,Abdullah,UAE,Hyderabad,Speaker,75,1,75,15
1643,01-Jul-2014,24,Chrismas Coupon,Master Card,David,India,Goa,Keyboard,100,2,200,10
1644,02-Jul-2014,32,Loyalty Coupon,Stripe,Nancy,Oman,Mumbai,Mouse,50,1,50,5
1645,03-Jul-2014,23,Black Friday,Cheque,Raj,UAE,Pune,Hard Disk,125,2,250,50
1646,04-Jul-2014,48,Chrismas Coupon,Cash,Ramzan,India,Chennai,Mother Board,4500,3,13500,225
1647,05-Jul-2014,24,Loyalty Coupon,Visa Card,Kumayl,Oman,Bangalore,RAM,175,3,525,50
1648,06-Jul-2014,26,Black Friday,Master Card,John,UAE,Kerala,Mobile,1200,1,1200,200
1649,07-Jul-2014,62,Chrismas Coupon,Stripe,Abdullah,India,Hyderabad,Laptop,4500,1,4500,250
1650,08-Jul-2014,36,Loyalty Coupon,Cheque,David,Oman,Goa,Moniter,3000,3,9000,300
1651,09-Jul-2014,29,Black Friday,Cash,Nancy,UAE,Mumbai,Speaker,75,2,150,15
1652,10-Jul-2014,43,Chrismas Coupon,Visa Card,Raj,India,Pune,Keyboard,100,1,100,10
1653,11-Jul-2014,70,Loyalty Coupon,Master Card,Ramzan,Oman,Chennai,Mouse,50,1,50,5
1654,12-Jul-2014,49,Black Friday,Stripe,Kumayl,UAE,Bangalore,Hard Disk,125,1,125,50
1655,13-Jul-2014,43,Chrismas Coupon,Cheque,John,India,Kerala,Mother Board,4500,3,13500,225
1656,14-Jul-2014,70,Loyalty Coupon,Cash,Abdullah,Oman,Hyderabad,RAM,175,3,525,50
1657,15-Jul-2014,59,Black Friday,Visa Card,David,UAE,Goa,Mobile,1200,1,1200,200
1658,16-Jul-2014,66,Chrismas Coupon,Master Card,Nancy,India,Mumbai,Laptop,4500,3,13500,250
1659,17-Jul-2014,55,Loyalty Coupon,Stripe,Raj,Oman,Pune,Moniter,3000,2,6000,300
1660,18-Jul-2014,47,Black Friday,Cheque,Ramzan,UAE,Chennai,Speaker,75,1,75,15
1661,19-Jul-2014,69,Chrismas Coupon,Cash,Kumayl,India,Bangalore,Keyboard,100,2,200,10
1662,20-Jul-2014,69,Loyalty Coupon,Visa Card,John,Oman,Kerala,Mouse,50,1,50,5
1663,21-Jul-2014,54,Black Friday,Master Card,Abdullah,UAE,Hyderabad,Hard Disk,125,1,125,50
1664,22-Jul-2014,34,Chrismas Coupon,Stripe,David,India,Goa,Mother Board,4500,1,4500,225
1665,23-Jul-2014,34,Loyalty Coupon,Cheque,Nancy,Oman,Mumbai,RAM,175,1,175,50
1666,24-Jul-2014,26,Black Friday,Cash,Raj,UAE,Pune,Mobile,1200,3,3600,200
1667,25-Jul-2014,61,Chrismas Coupon,Visa Card,Ramzan,India,Chennai,Laptop,4500,2,9000,250
1668,26-Jul-2014,58,Loyalty Coupon,Master Card,Kumayl,Oman,Bangalore,Moniter,3000,1,3000,300
1669,27-Jul-2014,29,Black Friday,Stripe,John,UAE,Kerala,Speaker,75,3,225,15
1670,28-Jul-2014,60,Chrismas Coupon,Cheque,Abdullah,India,Hyderabad,Keyboard,100,1,100,10
1671,29-Jul-2014,56,Loyalty Coupon,Cash,David,Oman,Goa,Mouse,50,2,100,5
1672,30-Jul-2014,60,Black Friday,Visa Card,Nancy,UAE,Mumbai,Hard Disk,125,2,250,50
1673,31-Jul-2014,53,Chrismas Coupon,Master Card,Raj,India,Pune,Mother Board,4500,3,13500,225
1674,01-Aug-2014,33,Loyalty Coupon,Stripe,Ramzan,Oman,Chennai,RAM,175,2,350,50
1675,02-Aug-2014,49,Black Friday,Cheque,Kumayl,UAE,Bangalore,Mobile,1200,1,1200,200
1676,03-Aug-2014,45,Chrismas Coupon,Cash,John,India,Kerala,Laptop,4500,1,4500,250
1677,04-Aug-2014,57,Loyalty Coupon,Visa Card,Abdullah,Oman,Hyderabad,Moniter,3000,3,9000,300
1678,05-Aug-2014,52,Black Friday,Master Card,David,UAE,Goa,Speaker,75,2,150,15
1679,06-Aug-2014,29,Chrismas Coupon,Stripe,Nancy,India,Mumbai,Keyboard,100,3,300,10
1680,07-Aug-2014,22,Loyalty Coupon,Cheque,Raj,Oman,Pune,Mouse,50,3,150,5
1681,08-Aug-2014,19,Black Friday,Cash,Ramzan,UAE,Chennai,Hard Disk,125,2,250,50
1682,09-Aug-2014,69,Chrismas Coupon,Visa Card,Kumayl,India,Bangalore,Mother Board,4500,2,9000,225
1683,10-Aug-2014,20,Loyalty Coupon,Master Card,John,Oman,Kerala,RAM,175,3,525,50
1684,11-Aug-2014,18,Black Friday,Stripe,Abdullah,UAE,Hyderabad,Mobile,1200,3,3600,200
1685,12-Aug-2014,53,Chrismas Coupon,Cheque,David,India,Goa,Laptop,4500,1,4500,250
1686,13-Aug-2014,25,Loyalty Coupon,Cash,Nancy,Oman,Mumbai,Moniter,3000,3,9000,300
1687,14-Aug-2014,58,Black Friday,Visa Card,Raj,UAE,Pune,Speaker,75,3,225,15
1688,15-Aug-2014,25,Chrismas Coupon,Master Card,Ramzan,India,Chennai,Keyboard,100,1,100,10
1689,16-Aug-2014,25,Loyalty Coupon,Stripe,Kumayl,Oman,Bangalore,Mouse,50,3,150,5
1690,17-Aug-2014,23,Black Friday,Cheque,John,UAE,Kerala,Hard Disk,125,3,375,50
1691,18-Aug-2014,48,Chrismas Coupon,Cash,Abdullah,India,Hyderabad,Mother Board,4500,2,9000,225
1692,19-Aug-2014,57,Loyalty Coupon,Visa Card,David,Oman,Goa,RAM,175,1,175,50
1693,20-Aug-2014,43,Black Friday,Master Card,Nancy,UAE,Mumbai,Mobile,1200,2,2400,200
1694,21-Aug-2014,24,Chrismas Coupon,Stripe,Raj,India,Pune,Laptop,4500,1,4500,250
1695,22-Aug-2014,58,Loyalty Coupon,Cheque,Ramzan,Oman,Chennai,Moniter,3000,3,9000,300
1696,23-Aug-2014,41,Black Friday,Cash,Kumayl,UAE,Bangalore,Speaker,75,3,225,15
1697,24-Aug-2014,47,Chrismas Coupon,Visa Card,John,India,Kerala,Keyboard,100,2,200,10
1698,25-Aug-2014,26,Loyalty Coupon,Master Card,Abdullah,Oman,Hyderabad,Mouse,50,1,50,5
1699,26-Aug-2014,60,Black Friday,Stripe,David,UAE,Goa,Hard Disk,125,1,125,50
1700,27-Aug-2014,31,Chrismas Coupon,Cheque,Nancy,India,Mumbai,Mother Board,4500,2,9000,225
1701,28-Aug-2014,57,Loyalty Coupon,Cash,Raj,Oman,Pune,RAM,175,3,525,50
1702,29-Aug-2014,51,Black Friday,Visa Card,Ramzan,UAE,Chennai,Mobile,1200,1,1200,200
1703,30-Aug-2014,70,Chrismas Coupon,Master Card,Kumayl,India,Bangalore,Laptop,4500,2,9000,250
1704,31-Aug-2014,35,Loyalty Coupon,Stripe,John,Oman,Kerala,Moniter,3000,2,6000,300
1705,01-Sep-2014,66,Black Friday,Cheque,Abdullah,UAE,Hyderabad,Speaker,75,1,75,15
1706,02-Sep-2014,25,Chrismas Coupon,Cash,David,India,Goa,Keyboard,100,3,300,10
1707,03-Sep-2014,18,Loyalty Coupon,Visa Card,Nancy,Oman,Mumbai,Mouse,50,2,100,5
1708,04-Sep-2014,67,Black Friday,Master Card,Raj,UAE,Pune,Hard Disk,125,1,125,50
1709,05-Sep-2014,20,Chrismas Coupon,Stripe,Ramzan,India,Chennai,Mother Board,4500,1,4500,225
1710,06-Sep-2014,66,Loyalty Coupon,Cheque,Kumayl,Oman,Bangalore,RAM,175,1,175,50
1711,07-Sep-2014,31,Black Friday,Cash,John,UAE,Kerala,Mobile,1200,2,2400,200
1712,08-Sep-2014,32,Chrismas Coupon,Visa Card,Abdullah,India,Hyderabad,Laptop,4500,2,9000,250
1713,09-Sep-2014,31,Loyalty Coupon,Master Card,David,Oman,Goa,Moniter,3000,3,9000,300
1714,10-Sep-2014,20,Black Friday,Stripe,Nancy,UAE,Mumbai,Speaker,75,2,150,15
1715,11-Sep-2014,21,Chrismas Coupon,Cheque,Raj,India,Pune,Keyboard,100,2,200,10
1716,12-Sep-2014,25,Loyalty Coupon,Cash,Ramzan,Oman,Chennai,Mouse,50,2,100,5
1717,13-Sep-2014,52,Black Friday,Visa Card,Kumayl,UAE,Bangalore,Hard Disk,125,1,125,50
1718,14-Sep-2014,49,Chrismas Coupon,Master Card,John,India,Kerala,Mother Board,4500,2,9000,225
1719,15-Sep-2014,26,Loyalty Coupon,Stripe,Abdullah,Oman,Hyderabad,RAM,175,3,525,50
1720,16-Sep-2014,49,Black Friday,Cheque,David,UAE,Goa,Mobile,1200,3,3600,200
1721,17-Sep-2014,38,Chrismas Coupon,Cash,Nancy,India,Mumbai,Laptop,4500,2,9000,250
1722,18-Sep-2014,27,Loyalty Coupon,Visa Card,Raj,Oman,Pune,Moniter,3000,1,3000,300
1723,19-Sep-2014,46,Black Friday,Master Card,Ramzan,UAE,Chennai,Speaker,75,2,150,15
1724,20-Sep-2014,70,Chrismas Coupon,Stripe,Kumayl,India,Bangalore,Keyboard,100,2,200,10
1725,21-Sep-2014,34,Loyalty Coupon,Cheque,John,Oman,Kerala,Mouse,50,3,150,5
1726,22-Sep-2014,53,Black Friday,Cash,Abdullah,UAE,Hyderabad,Hard Disk,125,3,375,50
1727,23-Sep-2014,40,Chrismas Coupon,Visa Card,David,India,Goa,Mother Board,4500,2,9000,225
1728,24-Sep-2014,57,Loyalty Coupon,Master Card,Nancy,Oman,Mumbai,RAM,175,1,175,50
1729,25-Sep-2014,37,Black Friday,Stripe,Raj,UAE,Pune,Mobile,1200,2,2400,200
1730,26-Sep-2014,65,Chrismas Coupon,Cheque,Ramzan,India,Chennai,Laptop,4500,1,4500,250
1731,27-Sep-2014,54,Loyalty Coupon,Cash,Kumayl,Oman,Bangalore,Moniter,3000,2,6000,300
1732,28-Sep-2014,40,Black Friday,Visa Card,John,UAE,Kerala,Speaker,75,1,75,15
1733,29-Sep-2014,20,Chrismas Coupon,Master Card,Abdullah,India,Hyderabad,Keyboard,100,2,200,10
1734,30-Sep-2014,22,Loyalty Coupon,Stripe,David,Oman,Goa,Mouse,50,1,50,5
1735,01-Oct-2014,47,Black Friday,Cheque,Nancy,UAE,Mumbai,Hard Disk,125,1,125,50
1736,02-Oct-2014,40,Chrismas Coupon,Cash,Raj,India,Pune,Mother Board,4500,1,4500,225
1737,03-Oct-2014,44,Loyalty Coupon,Visa Card,Ramzan,Oman,Chennai,RAM,175,2,350,50
1738,04-Oct-2014,64,Black Friday,Master Card,Kumayl,UAE,Bangalore,Mobile,1200,1,1200,200
1739,05-Oct-2014,45,Chrismas Coupon,Stripe,John,India,Kerala,Laptop,4500,3,13500,250
1740,06-Oct-2014,27,Loyalty Coupon,Cheque,Abdullah,Oman,Hyderabad,Moniter,3000,1,3000,300
1741,07-Oct-2014,60,Black Friday,Cash,David,UAE,Goa,Speaker,75,2,150,15
1742,08-Oct-2014,51,Chrismas Coupon,Visa Card,Nancy,India,Mumbai,Keyboard,100,3,300,10
1743,09-Oct-2014,47,Loyalty Coupon,Master Card,Raj,Oman,Pune,Mouse,50,1,50,5
1744,10-Oct-2014,53,Black Friday,Stripe,Ramzan,UAE,Chennai,Hard Disk,125,1,125,50
1745,11-Oct-2014,46,Chrismas Coupon,Cheque,Kumayl,India,Bangalore,Mother Board,4500,3,13500,225
1746,12-Oct-2014,34,Loyalty Coupon,Cash,John,Oman,Kerala,RAM,175,3,525,50
1747,13-Oct-2014,20,Black Friday,Visa Card,Abdullah,UAE,Hyderabad,Mobile,1200,3,3600,200
1748,14-Oct-2014,34,Chrismas Coupon,Master Card,David,India,Goa,Laptop,4500,2,9000,250
1749,15-Oct-2014,18,Loyalty Coupon,Stripe,Nancy,Oman,Mumbai,Moniter,3000,2,6000,300
1750,16-Oct-2014,34,Black Friday,Cheque,Raj,UAE,Pune,Speaker,75,2,150,15
1751,17-Oct-2014,24,Chrismas Coupon,Cash,Ramzan,India,Chennai,Keyboard,100,3,300,10
1752,18-Oct-2014,47,Loyalty Coupon,Visa Card,Kumayl,Oman,Bangalore,Mouse,50,1,50,5
1753,19-Oct-2014,26,Black Friday,Master Card,John,UAE,Kerala,Hard Disk,125,2,250,50
1754,20-Oct-2014,47,Chrismas Coupon,Stripe,Abdullah,India,Hyderabad,Mother Board,4500,3,13500,225
1755,21-Oct-2014,43,Loyalty Coupon,Cheque,David,Oman,Goa,RAM,175,2,350,50
1756,22-Oct-2014,38,Black Friday,Cash,Nancy,UAE,Mumbai,Mobile,1200,1,1200,200
1757,23-Oct-2014,57,Chrismas Coupon,Visa Card,Raj,India,Pune,Laptop,4500,1,4500,250
1758,24-Oct-2014,42,Loyalty Coupon,Master Card,Ramzan,Oman,Chennai,Moniter,3000,2,6000,300
1759,25-Oct-2014,38,Black Friday,Stripe,Kumayl,UAE,Bangalore,Speaker,75,1,75,15
1760,26-Oct-2014,24,Chrismas Coupon,Cheque,John,India,Kerala,Keyboard,100,3,300,10
1761,27-Oct-2014,22,Loyalty Coupon,Cash,Abdullah,Oman,Hyderabad,Mouse,50,3,150,5
1762,28-Oct-2014,33,Black Friday,Visa Card,David,UAE,Goa,Hard Disk,125,2,250,50
1763,29-Oct-2014,65,Chrismas Coupon,Master Card,Nancy,India,Mumbai,Mother Board,4500,1,4500,225
1764,30-Oct-2014,25,Loyalty Coupon,Stripe,Raj,Oman,Pune,RAM,175,2,350,50
1765,31-Oct-2014,41,Black Friday,Cheque,Ramzan,UAE,Chennai,Mobile,1200,1,1200,200
1766,01-Nov-2014,44,Chrismas Coupon,Cash,Kumayl,India,Bangalore,Laptop,4500,3,13500,250
1767,02-Nov-2014,34,Loyalty Coupon,Visa Card,John,Oman,Kerala,Moniter,3000,3,9000,300
1768,03-Nov-2014,52,Black Friday,Master Card,Abdullah,UAE,Hyderabad,Speaker,75,3,225,15
1769,04-Nov-2014,59,Chrismas Coupon,Stripe,David,India,Goa,Keyboard,100,2,200,10
1770,05-Nov-2014,29,Loyalty Coupon,Cheque,Nancy,Oman,Mumbai,Mouse,50,1,50,5
1771,06-Nov-2014,18,Black Friday,Cash,Raj,UAE,Pune,Hard Disk,125,3,375,50
1772,07-Nov-2014,53,Chrismas Coupon,Visa Card,Ramzan,India,Chennai,Mother Board,4500,2,9000,225
1773,08-Nov-2014,33,Loyalty Coupon,Master Card,Kumayl,Oman,Bangalore,RAM,175,2,350,50
1774,09-Nov-2014,54,Black Friday,Stripe,John,UAE,Kerala,Mobile,1200,3,3600,200
1775,10-Nov-2014,63,Chrismas Coupon,Cheque,Abdullah,India,Hyderabad,Laptop,4500,3,13500,250
1776,11-Nov-2014,60,Loyalty Coupon,Cash,David,Oman,Goa,Moniter,3000,2,6000,300
1777,12-Nov-2014,29,Black Friday,Visa Card,Nancy,UAE,Mumbai,Speaker,75,2,150,15
1778,13-Nov-2014,62,Chrismas Coupon,Master Card,Raj,India,Pune,Keyboard,100,3,300,10
1779,14-Nov-2014,47,Loyalty Coupon,Stripe,Ramzan,Oman,Chennai,Mouse,50,3,150,5
1780,15-Nov-2014,68,Black Friday,Cheque,Kumayl,UAE,Bangalore,Hard Disk,125,2,250,50
1781,16-Nov-2014,26,Chrismas Coupon,Cash,John,India,Kerala,Mother Board,4500,1,4500,225
1782,17-Nov-2014,26,Loyalty Coupon,Visa Card,Abdullah,Oman,Hyderabad,RAM,175,3,525,50
1783,18-Nov-2014,46,Black Friday,Master Card,David,UAE,Goa,Mobile,1200,3,3600,200
1784,19-Nov-2014,29,Chrismas Coupon,Stripe,Nancy,India,Mumbai,Laptop,4500,2,9000,250
1785,20-Nov-2014,61,Loyalty Coupon,Cheque,Raj,Oman,Pune,Moniter,3000,2,6000,300
1786,21-Nov-2014,67,Black Friday,Cash,Ramzan,UAE,Chennai,Speaker,75,3,225,15
1787,22-Nov-2014,52,Chrismas Coupon,Visa Card,Kumayl,India,Bangalore,Keyboard,100,2,200,10
1788,23-Nov-2014,50,Loyalty Coupon,Master Card,John,Oman,Kerala,Mouse,50,2,100,5
1789,24-Nov-2014,42,Black Friday,Stripe,Abdullah,UAE,Hyderabad,Hard Disk,125,2,250,50
1790,25-Nov-2014,30,Chrismas Coupon,Cheque,David,India,Goa,Mother Board,4500,2,9000,225
1791,26-Nov-2014,24,Loyalty Coupon,Cash,Nancy,Oman,Mumbai,RAM,175,3,525,50
1792,27-Nov-2014,19,Black Friday,Visa Card,Raj,UAE,Pune,Mobile,1200,3,3600,200
1793,28-Nov-2014,44,Chrismas Coupon,Master Card,Ramzan,India,Chennai,Laptop,4500,3,13500,250
1794,29-Nov-2014,69,Loyalty Coupon,Stripe,Kumayl,Oman,Bangalore,Moniter,3000,1,3000,300
1795,30-Nov-2014,61,Black Friday,Cheque,John,UAE,Kerala,Speaker,75,1,75,15
1796,01-Dec-2014,57,Chrismas Coupon,Cash,Abdullah,India,Hyderabad,Keyboard,100,1,100,10
1797,02-Dec-2014,25,Loyalty Coupon,Visa Card,David,Oman,Goa,Mouse,50,2,100,5
1798,03-Dec-2014,35,Black Friday,Master Card,Nancy,UAE,Mumbai,Hard Disk,125,1,125,50
1799,04-Dec-2014,69,Chrismas Coupon,Stripe,Raj,India,Pune,Mother Board,4500,2,9000,225
1800,05-Dec-2014,67,Loyalty Coupon,Cheque,Ramzan,Oman,Chennai,RAM,175,3,525,50
1801,06-Dec-2014,36,Black Friday,Cash,Kumayl,UAE,Bangalore,Mobile,1200,3,3600,200
1802,07-Dec-2014,48,Chrismas Coupon,Visa Card,John,India,Kerala,Laptop,4500,3,13500,250
1803,08-Dec-2014,52,Loyalty Coupon,Master Card,Abdullah,Oman,Hyderabad,Moniter,3000,1,3000,300
1804,09-Dec-2014,66,Black Friday,Stripe,David,UAE,Goa,Speaker,75,3,225,15
1805,10-Dec-2014,51,Chrismas Coupon,Cheque,Nancy,India,Mumbai,Keyboard,100,3,300,10
1806,11-Dec-2014,29,Loyalty Coupon,Cash,Raj,Oman,Pune,Mouse,50,2,100,5
1807,12-Dec-2014,62,Black Friday,Visa Card,Ramzan,UAE,Chennai,Hard Disk,125,3,375,50
1808,13-Dec-2014,37,Chrismas Coupon,Master Card,Kumayl,India,Bangalore,Mother Board,4500,3,13500,225
1809,14-Dec-2014,30,Loyalty Coupon,Stripe,John,Oman,Kerala,RAM,175,1,175,50
1810,15-Dec-2014,26,Black Friday,Cheque,Abdullah,UAE,Hyderabad,Mobile,1200,3,3600,200
1811,16-Dec-2014,36,Chrismas Coupon,Cash,David,India,Goa,Laptop,4500,2,9000,250
1812,17-Dec-2014,52,Loyalty Coupon,Visa Card,Nancy,Oman,Mumbai,Moniter,3000,3,9000,300
1813,18-Dec-2014,29,Black Friday,Master Card,Raj,UAE,Pune,Speaker,75,1,75,15
1814,19-Dec-2014,54,Chrismas Coupon,Stripe,Ramzan,India,Chennai,Keyboard,100,1,100,10
1815,20-Dec-2014,45,Loyalty Coupon,Cheque,Kumayl,Oman,Bangalore,Mouse,50,3,150,5
1816,21-Dec-2014,39,Black Friday,Cash,John,UAE,Kerala,Hard Disk,125,2,250,50
1817,22-Dec-2014,22,Chrismas Coupon,Visa Card,Abdullah,India,Hyderabad,Mother Board,4500,1,4500,225
1818,23-Dec-2014,51,Loyalty Coupon,Master Card,David,Oman,Goa,RAM,175,1,175,50
1819,24-Dec-2014,52,Black Friday,Stripe,Nancy,UAE,Mumbai,Mobile,1200,3,3600,200
1820,25-Dec-2014,21,Chrismas Coupon,Cheque,Raj,India,Pune,Laptop,4500,1,4500,250
1821,26-Dec-2014,25,Loyalty Coupon,Cash,Ramzan,Oman,Chennai,Moniter,3000,3,9000,300
1822,27-Dec-2014,69,Black Friday,Visa Card,Kumayl,UAE,Bangalore,Speaker,75,2,150,15
1823,28-Dec-2014,50,Chrismas Coupon,Master Card,John,India,Kerala,Keyboard,100,2,200,10
1824,29-Dec-2014,54,Loyalty Coupon,Stripe,Abdullah,Oman,Hyderabad,Mouse,50,1,50,5
1825,30-Dec-2014,36,Black Friday,Cheque,David,UAE,Goa,Hard Disk,125,1,125,50
1826,31-Dec-2014,21,Chrismas Coupon,Cash,Nancy,India,Mumbai,Mother Board,4500,2,9000,225
1827,01-Jan-2015,26,Loyalty Coupon,Visa Card,Raj,Oman,Pune,RAM,175,1,175,50
1828,02-Jan-2015,27,Black Friday,Master Card,Ramzan,UAE,Chennai,Mobile,1200,1,1200,200
1829,03-Jan-2015,24,Chrismas Coupon,Stripe,Kumayl,India,Bangalore,Laptop,4500,1,4500,250
1830,04-Jan-2015,65,Loyalty Coupon,Cheque,John,Oman,Kerala,Moniter,3000,2,6000,300
1831,05-Jan-2015,43,Black Friday,Cash,Abdullah,UAE,Hyderabad,Speaker,75,1,75,15
1832,06-Jan-2015,47,Chrismas Coupon,Visa Card,David,India,Goa,Keyboard,100,1,100,10
1833,07-Jan-2015,67,Loyalty Coupon,Master Card,Nancy,Oman,Mumbai,Mouse,50,2,100,5
1834,08-Jan-2015,21,Black Friday,Stripe,Raj,UAE,Pune,Hard Disk,125,2,250,50
1835,09-Jan-2015,66,Chrismas Coupon,Cheque,Ramzan,India,Chennai,Mother Board,4500,1,4500,225
1836,10-Jan-2015,42,Loyalty Coupon,Cash,Kumayl,Oman,Bangalore,RAM,175,1,175,50
1837,11-Jan-2015,53,Black Friday,Visa Card,John,UAE,Kerala,Mobile,1200,1,1200,200
1838,12-Jan-2015,34,Chrismas Coupon,Master Card,Abdullah,India,Hyderabad,Laptop,4500,1,4500,250
1839,13-Jan-2015,44,Loyalty Coupon,Stripe,David,Oman,Goa,Moniter,3000,3,9000,300
1840,14-Jan-2015,58,Black Friday,Cheque,Nancy,UAE,Mumbai,Speaker,75,2,150,15
1841,15-Jan-2015,54,Chrismas Coupon,Cash,Raj,India,Pune,Keyboard,100,1,100,10
1842,16-Jan-2015,43,Loyalty Coupon,Visa Card,Ramzan,Oman,Chennai,Mouse,50,2,100,5
1843,17-Jan-2015,56,Black Friday,Master Card,Kumayl,UAE,Bangalore,Hard Disk,125,1,125,50
1844,18-Jan-2015,35,Chrismas Coupon,Stripe,John,India,Kerala,Mother Board,4500,2,9000,225
1845,19-Jan-2015,53,Loyalty Coupon,Cheque,Abdullah,Oman,Hyderabad,RAM,175,2,350,50
1846,20-Jan-2015,21,Black Friday,Cash,David,UAE,Goa,Mobile,1200,1,1200,200
1847,21-Jan-2015,36,Chrismas Coupon,Visa Card,Nancy,India,Mumbai,Laptop,4500,1,4500,250
1848,22-Jan-2015,34,Loyalty Coupon,Master Card,Raj,Oman,Pune,Moniter,3000,1,3000,300
1849,23-Jan-2015,39,Black Friday,Stripe,Ramzan,UAE,Chennai,Speaker,75,2,150,15
1850,24-Jan-2015,25,Chrismas Coupon,Cheque,Kumayl,India,Bangalore,Keyboard,100,3,300,10
1851,25-Jan-2015,27,Loyalty Coupon,Cash,John,Oman,Kerala,Mouse,50,2,100,5
1852,26-Jan-2015,46,Black Friday,Visa Card,Abdullah,UAE,Hyderabad,Hard Disk,125,1,125,50
1853,27-Jan-2015,70,Chrismas Coupon,Master Card,David,India,Goa,Mother Board,4500,2,9000,225
1854,28-Jan-2015,38,Loyalty Coupon,Stripe,Nancy,Oman,Mumbai,RAM,175,1,175,50
1855,29-Jan-2015,30,Black Friday,Cheque,Raj,UAE,Pune,Mobile,1200,1,1200,200
1856,30-Jan-2015,65,Chrismas Coupon,Cash,Ramzan,India,Chennai,Laptop,4500,1,4500,250
1857,31-Jan-2015,54,Loyalty Coupon,Visa Card,Kumayl,Oman,Bangalore,Moniter,3000,2,6000,300
1858,01-Feb-2015,51,Black Friday,Master Card,John,UAE,Kerala,Speaker,75,3,225,15
1859,02-Feb-2015,36,Chrismas Coupon,Stripe,Abdullah,India,Hyderabad,Keyboard,100,3,300,10
1860,03-Feb-2015,64,Loyalty Coupon,Cheque,David,Oman,Goa,Mouse,50,2,100,5
1861,04-Feb-2015,59,Black Friday,Cash,Nancy,UAE,Mumbai,Hard Disk,125,1,125,50
1862,05-Feb-2015,69,Chrismas Coupon,Visa Card,Raj,India,Pune,Mother Board,4500,2,9000,225
1863,06-Feb-2015,32,Loyalty Coupon,Master Card,Ramzan,Oman,Chennai,RAM,175,3,525,50
1864,07-Feb-2015,35,Black Friday,Stripe,Kumayl,UAE,Bangalore,Mobile,1200,1,1200,200
1865,08-Feb-2015,50,Chrismas Coupon,Cheque,John,India,Kerala,Laptop,4500,3,13500,250
1866,09-Feb-2015,60,Loyalty Coupon,Cash,Abdullah,Oman,Hyderabad,Moniter,3000,3,9000,300
1867,10-Feb-2015,22,Black Friday,Visa Card,David,UAE,Goa,Speaker,75,2,150,15
1868,11-Feb-2015,25,Chrismas Coupon,Master Card,Nancy,India,Mumbai,Keyboard,100,3,300,10
1869,12-Feb-2015,63,Loyalty Coupon,Stripe,Raj,Oman,Pune,Mouse,50,3,150,5
1870,13-Feb-2015,70,Black Friday,Cheque,Ramzan,UAE,Chennai,Hard Disk,125,2,250,50
1871,14-Feb-2015,52,Chrismas Coupon,Cash,Kumayl,India,Bangalore,Mother Board,4500,2,9000,225
1872,15-Feb-2015,54,Loyalty Coupon,Visa Card,John,Oman,Kerala,RAM,175,3,525,50
1873,16-Feb-2015,50,Black Friday,Master Card,Abdullah,UAE,Hyderabad,Mobile,1200,2,2400,200
1874,17-Feb-2015,62,Chrismas Coupon,Stripe,David,India,Goa,Laptop,4500,3,13500,250
1875,18-Feb-2015,62,Loyalty Coupon,Cheque,Nancy,Oman,Mumbai,Moniter,3000,2,6000,300
1876,19-Feb-2015,41,Black Friday,Cash,Raj,UAE,Pune,Speaker,75,3,225,15
1877,20-Feb-2015,46,Chrismas Coupon,Visa Card,Ramzan,India,Chennai,Keyboard,100,1,100,10
1878,21-Feb-2015,64,Loyalty Coupon,Master Card,Kumayl,Oman,Bangalore,Mouse,50,2,100,5
1879,22-Feb-2015,66,Black Friday,Stripe,John,UAE,Kerala,Hard Disk,125,2,250,50
1880,23-Feb-2015,45,Chrismas Coupon,Cheque,Abdullah,India,Hyderabad,Mother Board,4500,1,4500,225
1881,24-Feb-2015,19,Loyalty Coupon,Cash,David,Oman,Goa,RAM,175,3,525,50
1882,25-Feb-2015,21,Black Friday,Visa Card,Nancy,UAE,Mumbai,Mobile,1200,2,2400,200
1883,26-Feb-2015,45,Chrismas Coupon,Master Card,Raj,India,Pune,Laptop,4500,3,13500,250
1884,27-Feb-2015,53,Loyalty Coupon,Stripe,Ramzan,Oman,Chennai,Moniter,3000,2,6000,300
1885,28-Feb-2015,48,Black Friday,Cheque,Kumayl,UAE,Bangalore,Speaker,75,1,75,15
1886,01-Mar-2015,59,Chrismas Coupon,Cash,John,India,Kerala,Keyboard,100,1,100,10
1887,02-Mar-2015,50,Loyalty Coupon,Visa Card,Abdullah,Oman,Hyderabad,Mouse,50,1,50,5
1888,03-Mar-2015,49,Black Friday,Master Card,David,UAE,Goa,Hard Disk,125,1,125,50
1889,04-Mar-2015,68,Chrismas Coupon,Stripe,Nancy,India,Mumbai,Mother Board,4500,1,4500,225
1890,05-Mar-2015,18,Loyalty Coupon,Cheque,Raj,Oman,Pune,RAM,175,1,175,50
1891,06-Mar-2015,63,Black Friday,Cash,Ramzan,UAE,Chennai,Mobile,1200,3,3600,200
1892,07-Mar-2015,20,Chrismas Coupon,Visa Card,Kumayl,India,Bangalore,Laptop,4500,3,13500,250
1893,08-Mar-2015,61,Loyalty Coupon,Master Card,John,Oman,Kerala,Moniter,3000,3,9000,300
1894,09-Mar-2015,43,Black Friday,Stripe,Abdullah,UAE,Hyderabad,Speaker,75,1,75,15
1895,10-Mar-2015,45,Chrismas Coupon,Cheque,David,India,Goa,Keyboard,100,3,300,10
1896,11-Mar-2015,53,Loyalty Coupon,Cash,Nancy,Oman,Mumbai,Mouse,50,3,150,5
1897,12-Mar-2015,53,Black Friday,Visa Card,Raj,UAE,Pune,Hard Disk,125,2,250,50
1898,13-Mar-2015,32,Chrismas Coupon,Master Card,Ramzan,India,Chennai,Mother Board,4500,2,9000,225
1899,14-Mar-2015,47,Loyalty Coupon,Stripe,Kumayl,Oman,Bangalore,RAM,175,3,525,50
1900,15-Mar-2015,47,Black Friday,Cheque,John,UAE,Kerala,Mobile,1200,1,1200,200
1901,16-Mar-2015,29,Chrismas Coupon,Cash,Abdullah,India,Hyderabad,Laptop,4500,1,4500,250
1902,17-Mar-2015,31,Loyalty Coupon,Visa Card,David,Oman,Goa,Moniter,3000,1,3000,300
1903,18-Mar-2015,20,Black Friday,Master Card,Nancy,UAE,Mumbai,Speaker,75,1,75,15
1904,19-Mar-2015,56,Chrismas Coupon,Stripe,Raj,India,Pune,Keyboard,100,2,200,10
1905,20-Mar-2015,36,Loyalty Coupon,Cheque,Ramzan,Oman,Chennai,Mouse,50,2,100,5
1906,21-Mar-2015,64,Black Friday,Cash,Kumayl,UAE,Bangalore,Hard Disk,125,2,250,50
1907,22-Mar-2015,21,Chrismas Coupon,Visa Card,John,India,Kerala,Mother Board,4500,3,13500,225
1908,23-Mar-2015,25,Loyalty Coupon,Master Card,Abdullah,Oman,Hyderabad,RAM,175,2,350,50
1909,24-Mar-2015,21,Black Friday,Stripe,David,UAE,Goa,Mobile,1200,2,2400,200
1910,25-Mar-2015,22,Chrismas Coupon,Cheque,Nancy,India,Mumbai,Laptop,4500,2,9000,250
1911,26-Mar-2015,36,Loyalty Coupon,Cash,Raj,Oman,Pune,Moniter,3000,3,9000,300
1912,27-Mar-2015,47,Black Friday,Visa Card,Ramzan,UAE,Chennai,Speaker,75,2,150,15
1913,28-Mar-2015,47,Chrismas Coupon,Master Card,Kumayl,India,Bangalore,Keyboard,100,2,200,10
1914,29-Mar-2015,61,Loyalty Coupon,Stripe,John,Oman,Kerala,Mouse,50,3,150,5
1915,30-Mar-2015,52,Black Friday,Cheque,Abdullah,UAE,Hyderabad,Hard Disk,125,2,250,50
1916,31-Mar-2015,56,Chrismas Coupon,Cash,David,India,Goa,Mother Board,4500,2,9000,225
1917,01-Apr-2015,49,Loyalty Coupon,Visa Card,Nancy,Oman,Mumbai,RAM,175,3,525,50
1918,02-Apr-2015,38,Black Friday,Master Card,Raj,UAE,Pune,Mobile,1200,1,1200,200
1919,03-Apr-2015,18,Chrismas Coupon,Stripe,Ramzan,India,Chennai,Laptop,4500,3,13500,250
1920,04-Apr-2015,37,Loyalty Coupon,Cheque,Kumayl,Oman,Bangalore,Moniter,3000,1,3000,300
1921,05-Apr-2015,70,Black Friday,Cash,John,UAE,Kerala,Speaker,75,1,75,15
1922,06-Apr-2015,28,Chrismas Coupon,Visa Card,Abdullah,India,Hyderabad,Keyboard,100,3,300,10
1923,07-Apr-2015,30,Loyalty Coupon,Master Card,David,Oman,Goa,Mouse,50,1,50,5
1924,08-Apr-2015,70,Black Friday,Stripe,Nancy,UAE,Mumbai,Hard Disk,125,1,125,50
1925,09-Apr-2015,36,Chrismas Coupon,Cheque,Raj,India,Pune,Mother Board,4500,2,9000,225
1926,10-Apr-2015,24,Loyalty Coupon,Cash,Ramzan,Oman,Chennai,RAM,175,1,175,50
1927,11-Apr-2015,65,Black Friday,Visa Card,Kumayl,UAE,Bangalore,Mobile,1200,2,2400,200
1928,12-Apr-2015,69,Chrismas Coupon,Master Card,John,India,Kerala,Laptop,4500,2,9000,250
1929,13-Apr-2015,33,Loyalty Coupon,Stripe,Abdullah,Oman,Hyderabad,Moniter,3000,3,9000,300
1930,14-Apr-2015,42,Black Friday,Cheque,David,UAE,Goa,Speaker,75,2,150,15
1931,15-Apr-2015,22,Chrismas Coupon,Cash,Nancy,India,Mumbai,Keyboard,100,3,300,10
1932,16-Apr-2015,38,Loyalty Coupon,Visa Card,Raj,Oman,Pune,Mouse,50,2,100,5
1933,17-Apr-2015,58,Black Friday,Master Card,Ramzan,UAE,Chennai,Hard Disk,125,1,125,50
1934,18-Apr-2015,52,Chrismas Coupon,Stripe,Kumayl,India,Bangalore,Mother Board,4500,2,9000,225
1935,19-Apr-2015,29,Loyalty Coupon,Cheque,John,Oman,Kerala,RAM,175,3,525,50
1936,20-Apr-2015,67,Black Friday,Cash,Abdullah,UAE,Hyderabad,Mobile,1200,3,3600,200
1937,21-Apr-2015,28,Chrismas Coupon,Visa Card,David,India,Goa,Laptop,4500,1,4500,250
1938,22-Apr-2015,54,Loyalty Coupon,Master Card,Nancy,Oman,Mumbai,Moniter,3000,1,3000,300
1939,23-Apr-2015,35,Black Friday,Stripe,Raj,UAE,Pune,Speaker,75,3,225,15
1940,24-Apr-2015,42,Chrismas Coupon,Cheque,Ramzan,India,Chennai,Keyboard,100,3,300,10
1941,25-Apr-2015,57,Loyalty Coupon,Cash,Kumayl,Oman,Bangalore,Mouse,50,1,50,5
1942,26-Apr-2015,30,Black Friday,Visa Card,John,UAE,Kerala,Hard Disk,125,2,250,50
1943,27-Apr-2015,20,Chrismas Coupon,Master Card,Abdullah,India,Hyderabad,Mother Board,4500,1,4500,225
1944,28-Apr-2015,68,Loyalty Coupon,Stripe,David,Oman,Goa,RAM,175,2,350,50
1945,29-Apr-2015,34,Black Friday,Cheque,Nancy,UAE,Mumbai,Mobile,1200,1,1200,200
1946,30-Apr-2015,68,Chrismas Coupon,Cash,Raj,India,Pune,Laptop,4500,2,9000,250
1947,01-May-2015,32,Loyalty Coupon,Visa Card,Ramzan,Oman,Chennai,Moniter,3000,2,6000,300
1948,02-May-2015,57,Black Friday,Master Card,Kumayl,UAE,Bangalore,Speaker,75,1,75,15
1949,03-May-2015,42,Chrismas Coupon,Stripe,John,India,Kerala,Keyboard,100,1,100,10
1950,04-May-2015,35,Loyalty Coupon,Cheque,Abdullah,Oman,Hyderabad,Mouse,50,3,150,5
1951,05-May-2015,21,Black Friday,Cash,David,UAE,Goa,Hard Disk,125,1,125,50
1952,06-May-2015,19,Chrismas Coupon,Visa Card,Nancy,India,Mumbai,Mother Board,4500,3,13500,225
1953,07-May-2015,65,Loyalty Coupon,Master Card,Raj,Oman,Pune,RAM,175,2,350,50
1954,08-May-2015,21,Black Friday,Stripe,Ramzan,UAE,Chennai,Mobile,1200,3,3600,200
1955,09-May-2015,62,Chrismas Coupon,Cheque,Kumayl,India,Bangalore,Laptop,4500,1,4500,250
1956,10-May-2015,55,Loyalty Coupon,Cash,John,Oman,Kerala,Moniter,3000,3,9000,300
1957,11-May-2015,55,Black Friday,Visa Card,Abdullah,UAE,Hyderabad,Speaker,75,2,150,15
1958,12-May-2015,41,Chrismas Coupon,Master Card,David,India,Goa,Keyboard,100,1,100,10
1959,13-May-2015,24,Loyalty Coupon,Stripe,Nancy,Oman,Mumbai,Mouse,50,1,50,5
1960,14-May-2015,31,Black Friday,Cheque,Raj,UAE,Pune,Hard Disk,125,1,125,50
1961,15-May-2015,33,Chrismas Coupon,Cash,Ramzan,India,Chennai,Mother Board,4500,3,13500,225
1962,16-May-2015,48,Loyalty Coupon,Visa Card,Kumayl,Oman,Bangalore,RAM,175,2,350,50
1963,17-May-2015,49,Black Friday,Master Card,John,UAE,Kerala,Mobile,1200,1,1200,200
1964,18-May-2015,46,Chrismas Coupon,Stripe,Abdullah,India,Hyderabad,Laptop,4500,1,4500,250
1965,19-May-2015,58,Loyalty Coupon,Cheque,David,Oman,Goa,Moniter,3000,2,6000,300
1966,20-May-2015,43,Black Friday,Cash,Nancy,UAE,Mumbai,Speaker,75,3,225,15
1967,21-May-2015,35,Chrismas Coupon,Visa Card,Raj,India,Pune,Keyboard,100,1,100,10
1968,22-May-2015,37,Loyalty Coupon,Master Card,Ramzan,Oman,Chennai,Mouse,50,2,100,5
1969,23-May-2015,19,Black Friday,Stripe,Kumayl,UAE,Bangalore,Hard Disk,125,1,125,50
1970,24-May-2015,63,Chrismas Coupon,Cheque,John,India,Kerala,Mother Board,4500,3,13500,225
1971,25-May-2015,66,Loyalty Coupon,Cash,Abdullah,Oman,Hyderabad,RAM,175,1,175,50
1972,26-May-2015,60,Black Friday,Visa Card,David,UAE,Goa,Mobile,1200,2,2400,200
1973,27-May-2015,50,Chrismas Coupon,Master Card,Nancy,India,Mumbai,Laptop,4500,1,4500,250
1974,28-May-2015,30,Loyalty Coupon,Stripe,Raj,Oman,Pune,Moniter,3000,2,6000,300
1975,29-May-2015,65,Black Friday,Cheque,Ramzan,UAE,Chennai,Speaker,75,1,75,15
1976,30-May-2015,38,Chrismas Coupon,Cash,Kumayl,India,Bangalore,Keyboard,100,1,100,10
1977,31-May-2015,54,Loyalty Coupon,Visa Card,John,Oman,Kerala,Mouse,50,2,100,5
1978,01-Jun-2015,60,Black Friday,Master Card,Abdullah,UAE,Hyderabad,Hard Disk,125,3,375,50
1979,02-Jun-2015,26,Chrismas Coupon,Stripe,David,India,Goa,Mother Board,4500,2,9000,225
1980,03-Jun-2015,24,Loyalty Coupon,Cheque,Nancy,Oman,Mumbai,RAM,175,2,350,50
1981,04-Jun-2015,32,Black Friday,Cash,Raj,UAE,Pune,Mobile,1200,2,2400,200
1982,05-Jun-2015,50,Chrismas Coupon,Visa Card,Ramzan,India,Chennai,Laptop,4500,1,4500,250
1983,06-Jun-2015,64,Loyalty Coupon,Master Card,Kumayl,Oman,Bangalore,Moniter,3000,2,6000,300
1984,07-Jun-2015,58,Black Friday,Stripe,John,UAE,Kerala,Speaker,75,1,75,15
1985,08-Jun-2015,35,Chrismas Coupon,Cheque,Abdullah,India,Hyderabad,Keyboard,100,2,200,10
1986,09-Jun-2015,32,Loyalty Coupon,Cash,David,Oman,Goa,Mouse,50,2,100,5
1987,10-Jun-2015,70,Black Friday,Visa Card,Nancy,UAE,Mumbai,Hard Disk,125,1,125,50
1988,11-Jun-2015,45,Chrismas Coupon,Master Card,Raj,India,Pune,Mother Board,4500,1,4500,225
1989,12-Jun-2015,21,Loyalty Coupon,Stripe,Ramzan,Oman,Chennai,RAM,175,3,525,50
1990,13-Jun-2015,49,Black Friday,Cheque,Kumayl,UAE,Bangalore,Mobile,1200,3,3600,200
1991,14-Jun-2015,67,Chrismas Coupon,Cash,John,India,Kerala,Laptop,4500,2,9000,250
1992,15-Jun-2015,21,Loyalty Coupon,Visa Card,Abdullah,Oman,Hyderabad,Moniter,3000,1,3000,300
1993,16-Jun-2015,64,Black Friday,Master Card,David,UAE,Goa,Speaker,75,3,225,15
1994,17-Jun-2015,62,Chrismas Coupon,Stripe,Nancy,India,Mumbai,Keyboard,100,3,300,10
1995,18-Jun-2015,18,Loyalty Coupon,Cheque,Raj,Oman,Pune,Mouse,50,2,100,5
1996,19-Jun-2015,36,Black Friday,Cash,Ramzan,UAE,Chennai,Hard Disk,125,2,250,50
1997,20-Jun-2015,62,Chrismas Coupon,Visa Card,Kumayl,India,Bangalore,Mother Board,4500,2,9000,225
1998,21-Jun-2015,48,Loyalty Coupon,Master Card,John,Oman,Kerala,RAM,175,3,525,50
1999,22-Jun-2015,38,Black Friday,Stripe,Abdullah,UAE,Hyderabad,Mobile,1200,3,3600,200
2000,23-Jun-2015,38,Chrismas Coupon,Cheque,David,India,Goa,Laptop,4500,2,9000,250
2001,24-Jun-2015,31,Loyalty Coupon,Cash,Nancy,Oman,Mumbai,Moniter,3000,2,6000,300
2002,25-Jun-2015,43,Black Friday,Visa Card,Raj,UAE,Pune,Speaker,75,3,225,15
2003,26-Jun-2015,38,Chrismas Coupon,Master Card,Ramzan,India,Chennai,Keyboard,100,3,300,10
2004,27-Jun-2015,62,Loyalty Coupon,Stripe,Kumayl,Oman,Bangalore,Mouse,50,2,100,5
2005,28-Jun-2015,57,Black Friday,Cheque,John,UAE,Kerala,Hard Disk,125,2,250,50
2006,29-Jun-2015,25,Chrismas Coupon,Cash,Abdullah,India,Hyderabad,Mother Board,4500,3,13500,225
2007,30-Jun-2015,65,Loyalty Coupon,Visa Card,David,Oman,Goa,RAM,175,1,175,50
2008,01-Jul-2015,38,Black Friday,Master Card,Nancy,UAE,Mumbai,Mobile,1200,2,2400,200
2009,02-Jul-2015,46,Chrismas Coupon,Stripe,Raj,India,Pune,Laptop,4500,3,13500,250
2010,03-Jul-2015,31,Loyalty Coupon,Cheque,Ramzan,Oman,Chennai,Moniter,3000,1,3000,300
2011,04-Jul-2015,62,Black Friday,Cash,Kumayl,UAE,Bangalore,Speaker,75,2,150,15
2012,05-Jul-2015,32,Chrismas Coupon,Visa Card,John,India,Kerala,Keyboard,100,2,200,10
2013,06-Jul-2015,48,Loyalty Coupon,Master Card,Abdullah,Oman,Hyderabad,Mouse,50,2,100,5
2014,07-Jul-2015,53,Black Friday,Stripe,David,UAE,Goa,Hard Disk,125,3,375,50
2015,08-Jul-2015,53,Chrismas Coupon,Cheque,Nancy,India,Mumbai,Mother Board,4500,1,4500,225
2016,09-Jul-2015,19,Loyalty Coupon,Cash,Raj,Oman,Pune,RAM,175,2,350,50
2017,10-Jul-2015,55,Black Friday,Visa Card,Ramzan,UAE,Chennai,Mobile,1200,3,3600,200
2018,11-Jul-2015,25,Chrismas Coupon,Master Card,Kumayl,India,Bangalore,Laptop,4500,1,4500,250
2019,12-Jul-2015,27,Loyalty Coupon,Stripe,John,Oman,Kerala,Moniter,3000,2,6000,300
2020,13-Jul-2015,63,Black Friday,Cheque,Abdullah,UAE,Hyderabad,Speaker,75,1,75,15
2021,14-Jul-2015,62,Chrismas Coupon,Cash,David,India,Goa,Keyboard,100,3,300,10
2022,15-Jul-2015,24,Loyalty Coupon,Visa Card,Nancy,Oman,Mumbai,Mouse,50,2,100,5
2023,16-Jul-2015,34,Black Friday,Master Card,Raj,UAE,Pune,Hard Disk,125,3,375,50
2024,17-Jul-2015,68,Chrismas Coupon,Stripe,Ramzan,India,Chennai,Mother Board,4500,2,9000,225
2025,18-Jul-2015,39,Loyalty Coupon,Cheque,Kumayl,Oman,Bangalore,RAM,175,3,525,50
2026,19-Jul-2015,33,Black Friday,Cash,John,UAE,Kerala,Mobile,1200,3,3600,200
2027,20-Jul-2015,50,Chrismas Coupon,Visa Card,Abdullah,India,Hyderabad,Laptop,4500,3,13500,250
2028,21-Jul-2015,28,Loyalty Coupon,Master Card,David,Oman,Goa,Moniter,3000,1,3000,300
2029,22-Jul-2015,68,Black Friday,Stripe,Nancy,UAE,Mumbai,Speaker,75,3,225,15
2030,23-Jul-2015,18,Chrismas Coupon,Cheque,Raj,India,Pune,Keyboard,100,1,100,10
2031,24-Jul-2015,39,Loyalty Coupon,Cash,Ramzan,Oman,Chennai,Mouse,50,3,150,5
2032,25-Jul-2015,46,Black Friday,Visa Card,Kumayl,UAE,Bangalore,Hard Disk,125,1,125,50
2033,26-Jul-2015,64,Chrismas Coupon,Master Card,John,India,Kerala,Mother Board,4500,2,9000,225
2034,27-Jul-2015,21,Loyalty Coupon,Stripe,Abdullah,Oman,Hyderabad,RAM,175,3,525,50
2035,28-Jul-2015,42,Black Friday,Cheque,David,UAE,Goa,Mobile,1200,3,3600,200
2036,29-Jul-2015,58,Chrismas Coupon,Cash,Nancy,India,Mumbai,Laptop,4500,1,4500,250
2037,30-Jul-2015,33,Loyalty Coupon,Visa Card,Raj,Oman,Pune,Moniter,3000,3,9000,300
2038,31-Jul-2015,26,Black Friday,Master Card,Ramzan,UAE,Chennai,Speaker,75,1,75,15
2039,01-Aug-2015,21,Chrismas Coupon,Stripe,Kumayl,India,Bangalore,Keyboard,100,1,100,10
2040,02-Aug-2015,33,Loyalty Coupon,Cheque,John,Oman,Kerala,Mouse,50,1,50,5
2041,03-Aug-2015,54,Black Friday,Cash,Abdullah,UAE,Hyderabad,Hard Disk,125,3,375,50
2042,04-Aug-2015,42,Chrismas Coupon,Visa Card,David,India,Goa,Mother Board,4500,1,4500,225
2043,05-Aug-2015,56,Loyalty Coupon,Master Card,Nancy,Oman,Mumbai,RAM,175,2,350,50
2044,06-Aug-2015,27,Black Friday,Stripe,Raj,UAE,Pune,Mobile,1200,3,3600,200
2045,07-Aug-2015,53,Chrismas Coupon,Cheque,Ramzan,India,Chennai,Laptop,4500,1,4500,250
2046,08-Aug-2015,43,Loyalty Coupon,Cash,Kumayl,Oman,Bangalore,Moniter,3000,1,3000,300
2047,09-Aug-2015,68,Black Friday,Visa Card,John,UAE,Kerala,Speaker,75,2,150,15
2048,10-Aug-2015,22,Chrismas Coupon,Master Card,Abdullah,India,Hyderabad,Keyboard,100,1,100,10
2049,11-Aug-2015,49,Loyalty Coupon,Stripe,David,Oman,Goa,Mouse,50,3,150,5
2050,12-Aug-2015,46,Black Friday,Cheque,Nancy,UAE,Mumbai,Hard Disk,125,2,250,50
2051,13-Aug-2015,53,Chrismas Coupon,Cash,Raj,India,Pune,Mother Board,4500,2,9000,225
2052,14-Aug-2015,35,Loyalty Coupon,Visa Card,Ramzan,Oman,Chennai,RAM,175,2,350,50
2053,15-Aug-2015,69,Black Friday,Master Card,Kumayl,UAE,Bangalore,Mobile,1200,3,3600,200
2054,16-Aug-2015,56,Chrismas Coupon,Stripe,John,India,Kerala,Laptop,4500,3,13500,250
2055,17-Aug-2015,67,Loyalty Coupon,Cheque,Abdullah,Oman,Hyderabad,Moniter,3000,1,3000,300
2056,18-Aug-2015,40,Black Friday,Cash,David,UAE,Goa,Speaker,75,1,75,15
2057,19-Aug-2015,33,Chrismas Coupon,Visa Card,Nancy,India,Mumbai,Keyboard,100,1,100,10
2058,20-Aug-2015,66,Loyalty Coupon,Master Card,Raj,Oman,Pune,Mouse,50,3,150,5
2059,21-Aug-2015,68,Black Friday,Stripe,Ramzan,UAE,Chennai,Hard Disk,125,1,125,50
2060,22-Aug-2015,64,Chrismas Coupon,Cheque,Kumayl,India,Bangalore,Mother Board,4500,2,9000,225
2061,23-Aug-2015,58,Loyalty Coupon,Cash,John,Oman,Kerala,RAM,175,3,525,50
2062,24-Aug-2015,20,Black Friday,Visa Card,Abdullah,UAE,Hyderabad,Mobile,1200,2,2400,200
2063,25-Aug-2015,19,Chrismas Coupon,Master Card,David,India,Goa,Laptop,4500,1,4500,250
2064,26-Aug-2015,43,Loyalty Coupon,Stripe,Nancy,Oman,Mumbai,Moniter,3000,1,3000,300
2065,27-Aug-2015,57,Black Friday,Cheque,Raj,UAE,Pune,Speaker,75,3,225,15
2066,28-Aug-2015,19,Chrismas Coupon,Cash,Ramzan,India,Chennai,Keyboard,100,3,300,10
2067,29-Aug-2015,33,Loyalty Coupon,Visa Card,Kumayl,Oman,Bangalore,Mouse,50,2,100,5
2068,30-Aug-2015,19,Black Friday,Master Card,John,UAE,Kerala,Hard Disk,125,2,250,50
2069,31-Aug-2015,38,Chrismas Coupon,Stripe,Abdullah,India,Hyderabad,Mother Board,4500,2,9000,225
2070,01-Sep-2015,58,Loyalty Coupon,Cheque,David,Oman,Goa,RAM,175,2,350,50
2071,02-Sep-2015,59,Black Friday,Cash,Nancy,UAE,Mumbai,Mobile,1200,3,3600,200
2072,03-Sep-2015,29,Chrismas Coupon,Visa Card,Raj,India,Pune,Laptop,4500,3,13500,250
2073,04-Sep-2015,31,Loyalty Coupon,Master Card,Ramzan,Oman,Chennai,Moniter,3000,2,6000,300
2074,05-Sep-2015,22,Black Friday,Stripe,Kumayl,UAE,Bangalore,Speaker,75,2,150,15
2075,06-Sep-2015,23,Chrismas Coupon,Cheque,John,India,Kerala,Keyboard,100,2,200,10
2076,07-Sep-2015,35,Loyalty Coupon,Cash,Abdullah,Oman,Hyderabad,Mouse,50,3,150,5
2077,08-Sep-2015,58,Black Friday,Visa Card,David,UAE,Goa,Hard Disk,125,3,375,50
2078,09-Sep-2015,58,Chrismas Coupon,Master Card,Nancy,India,Mumbai,Mother Board,4500,1,4500,225
2079,10-Sep-2015,47,Loyalty Coupon,Stripe,Raj,Oman,Pune,RAM,175,1,175,50
2080,11-Sep-2015,69,Black Friday,Cheque,Ramzan,UAE,Chennai,Mobile,1200,2,2400,200
2081,12-Sep-2015,33,Chrismas Coupon,Cash,Kumayl,India,Bangalore,Laptop,4500,1,4500,250
2082,13-Sep-2015,33,Loyalty Coupon,Visa Card,John,Oman,Kerala,Moniter,3000,1,3000,300
2083,14-Sep-2015,48,Black Friday,Master Card,Abdullah,UAE,Hyderabad,Speaker,75,1,75,15
2084,15-Sep-2015,18,Chrismas Coupon,Stripe,David,India,Goa,Keyboard,100,2,200,10
2085,16-Sep-2015,36,Loyalty Coupon,Cheque,Nancy,Oman,Mumbai,Mouse,50,3,150,5
2086,17-Sep-2015,55,Black Friday,Cash,Raj,UAE,Pune,Hard Disk,125,2,250,50
2087,18-Sep-2015,65,Chrismas Coupon,Visa Card,Ramzan,India,Chennai,Mother Board,4500,3,13500,225
2088,19-Sep-2015,70,Loyalty Coupon,Master Card,Kumayl,Oman,Bangalore,RAM,175,1,175,50
2089,20-Sep-2015,44,Black Friday,Stripe,John,UAE,Kerala,Mobile,1200,3,3600,200
2090,21-Sep-2015,29,Chrismas Coupon,Cheque,Abdullah,India,Hyderabad,Laptop,4500,2,9000,250
2091,22-Sep-2015,29,Loyalty Coupon,Cash,David,Oman,Goa,Moniter,3000,3,9000,300
2092,23-Sep-2015,57,Black Friday,Visa Card,Nancy,UAE,Mumbai,Speaker,75,3,225,15
2093,24-Sep-2015,28,Chrismas Coupon,Master Card,Raj,India,Pune,Keyboard,100,2,200,10
2094,25-Sep-2015,23,Loyalty Coupon,Stripe,Ramzan,Oman,Chennai,Mouse,50,1,50,5
2095,26-Sep-2015,27,Black Friday,Cheque,Kumayl,UAE,Bangalore,Hard Disk,125,2,250,50
2096,27-Sep-2015,31,Chrismas Coupon,Cash,John,India,Kerala,Mother Board,4500,1,4500,225
2097,28-Sep-2015,21,Loyalty Coupon,Visa Card,Abdullah,Oman,Hyderabad,RAM,175,1,175,50
2098,29-Sep-2015,36,Black Friday,Master Card,David,UAE,Goa,Mobile,1200,3,3600,200
2099,30-Sep-2015,48,Chrismas Coupon,Stripe,Nancy,India,Mumbai,Laptop,4500,3,13500,250
2100,01-Oct-2015,23,Loyalty Coupon,Cheque,Raj,Oman,Pune,Moniter,3000,3,9000,300
2101,02-Oct-2015,43,Black Friday,Cash,Ramzan,UAE,Chennai,Speaker,75,3,225,15
2102,03-Oct-2015,46,Chrismas Coupon,Visa Card,Kumayl,India,Bangalore,Keyboard,100,3,300,10
2103,04-Oct-2015,37,Loyalty Coupon,Master Card,John,Oman,Kerala,Mouse,50,3,150,5
2104,05-Oct-2015,45,Black Friday,Stripe,Abdullah,UAE,Hyderabad,Hard Disk,125,1,125,50
2105,06-Oct-2015,67,Chrismas Coupon,Cheque,David,India,Goa,Mother Board,4500,3,13500,225
2106,07-Oct-2015,53,Loyalty Coupon,Cash,Nancy,Oman,Mumbai,RAM,175,2,350,50
2107,08-Oct-2015,51,Black Friday,Visa Card,Raj,UAE,Pune,Mobile,1200,1,1200,200
2108,09-Oct-2015,56,Chrismas Coupon,Master Card,Ramzan,India,Chennai,Laptop,4500,2,9000,250
2109,10-Oct-2015,67,Loyalty Coupon,Stripe,Kumayl,Oman,Bangalore,Moniter,3000,3,9000,300
2110,11-Oct-2015,43,Black Friday,Cheque,John,UAE,Kerala,Speaker,75,3,225,15
2111,12-Oct-2015,21,Chrismas Coupon,Cash,Abdullah,India,Hyderabad,Keyboard,100,2,200,10
2112,13-Oct-2015,63,Loyalty Coupon,Visa Card,David,Oman,Goa,Mouse,50,1,50,5
2113,14-Oct-2015,36,Black Friday,Master Card,Nancy,UAE,Mumbai,Hard Disk,125,3,375,50
2114,15-Oct-2015,64,Chrismas Coupon,Stripe,Raj,India,Pune,Mother Board,4500,3,13500,225
2115,16-Oct-2015,32,Loyalty Coupon,Cheque,Ramzan,Oman,Chennai,RAM,175,2,350,50
2116,17-Oct-2015,48,Black Friday,Cash,Kumayl,UAE,Bangalore,Mobile,1200,2,2400,200
2117,18-Oct-2015,43,Chrismas Coupon,Visa Card,John,India,Kerala,Laptop,4500,1,4500,250
2118,19-Oct-2015,26,Loyalty Coupon,Master Card,Abdullah,Oman,Hyderabad,Moniter,3000,3,9000,300
2119,20-Oct-2015,58,Black Friday,Stripe,David,UAE,Goa,Speaker,75,2,150,15
2120,21-Oct-2015,35,Chrismas Coupon,Cheque,Nancy,India,Mumbai,Keyboard,100,1,100,10
2121,22-Oct-2015,68,Loyalty Coupon,Cash,Raj,Oman,Pune,Mouse,50,1,50,5
2122,23-Oct-2015,67,Black Friday,Visa Card,Ramzan,UAE,Chennai,Hard Disk,125,3,375,50
2123,24-Oct-2015,69,Chrismas Coupon,Master Card,Kumayl,India,Bangalore,Mother Board,4500,3,13500,225
2124,25-Oct-2015,64,Loyalty Coupon,Stripe,John,Oman,Kerala,RAM,175,3,525,50
2125,26-Oct-2015,54,Black Friday,Cheque,Abdullah,UAE,Hyderabad,Mobile,1200,1,1200,200
2126,27-Oct-2015,33,Chrismas Coupon,Cash,David,India,Goa,Laptop,4500,1,4500,250
2127,28-Oct-2015,58,Loyalty Coupon,Visa Card,Nancy,Oman,Mumbai,Moniter,3000,1,3000,300
2128,29-Oct-2015,32,Black Friday,Master Card,Raj,UAE,Pune,Speaker,75,3,225,15
2129,30-Oct-2015,29,Chrismas Coupon,Stripe,Ramzan,India,Chennai,Keyboard,100,3,300,10
2130,31-Oct-2015,47,Loyalty Coupon,Cheque,Kumayl,Oman,Bangalore,Mouse,50,1,50,5
2131,01-Nov-2015,35,Black Friday,Cash,John,UAE,Kerala,Hard Disk,125,3,375,50
2132,02-Nov-2015,21,Chrismas Coupon,Visa Card,Abdullah,India,Hyderabad,Mother Board,4500,2,9000,225
2133,03-Nov-2015,51,Loyalty Coupon,Master Card,David,Oman,Goa,RAM,175,2,350,50
2134,04-Nov-2015,47,Black Friday,Stripe,Nancy,UAE,Mumbai,Mobile,1200,1,1200,200
2135,05-Nov-2015,50,Chrismas Coupon,Cheque,Raj,India,Pune,Laptop,4500,1,4500,250
2136,06-Nov-2015,37,Loyalty Coupon,Cash,Ramzan,Oman,Chennai,Moniter,3000,3,9000,300
2137,07-Nov-2015,70,Black Friday,Visa Card,Kumayl,UAE,Bangalore,Speaker,75,2,150,15
2138,08-Nov-2015,55,Chrismas Coupon,Master Card,John,India,Kerala,Keyboard,100,2,200,10
2139,09-Nov-2015,54,Loyalty Coupon,Stripe,Abdullah,Oman,Hyderabad,Mouse,50,2,100,5
2140,10-Nov-2015,27,Black Friday,Cheque,David,UAE,Goa,Hard Disk,125,3,375,50
2141,11-Nov-2015,62,Chrismas Coupon,Cash,Nancy,India,Mumbai,Mother Board,4500,2,9000,225
2142,12-Nov-2015,33,Loyalty Coupon,Visa Card,Raj,Oman,Pune,RAM,175,3,525,50
2143,13-Nov-2015,24,Black Friday,Master Card,Ramzan,UAE,Chennai,Mobile,1200,1,1200,200
2144,14-Nov-2015,20,Chrismas Coupon,Stripe,Kumayl,India,Bangalore,Laptop,4500,2,9000,250
2145,15-Nov-2015,46,Loyalty Coupon,Cheque,John,Oman,Kerala,Moniter,3000,1,3000,300
2146,16-Nov-2015,34,Black Friday,Cash,Abdullah,UAE,Hyderabad,Speaker,75,2,150,15
2147,17-Nov-2015,43,Chrismas Coupon,Visa Card,David,India,Goa,Keyboard,100,3,300,10
2148,18-Nov-2015,44,Loyalty Coupon,Master Card,Nancy,Oman,Mumbai,Mouse,50,1,50,5
2149,19-Nov-2015,22,Black Friday,Stripe,Raj,UAE,Pune,Hard Disk,125,1,125,50
2150,20-Nov-2015,63,Chrismas Coupon,Cheque,Ramzan,India,Chennai,Mother Board,4500,1,4500,225
2151,21-Nov-2015,44,Loyalty Coupon,Cash,Kumayl,Oman,Bangalore,RAM,175,1,175,50
2152,22-Nov-2015,70,Black Friday,Visa Card,John,UAE,Kerala,Mobile,1200,2,2400,200
2153,23-Nov-2015,55,Chrismas Coupon,Master Card,Abdullah,India,Hyderabad,Laptop,4500,2,9000,250
2154,24-Nov-2015,46,Loyalty Coupon,Stripe,David,Oman,Goa,Moniter,3000,1,3000,300
2155,25-Nov-2015,65,Black Friday,Cheque,Nancy,UAE,Mumbai,Speaker,75,1,75,15
2156,26-Nov-2015,59,Chrismas Coupon,Cash,Raj,India,Pune,Keyboard,100,1,100,10
2157,27-Nov-2015,25,Loyalty Coupon,Visa Card,Ramzan,Oman,Chennai,Mouse,50,3,150,5
2158,28-Nov-2015,47,Black Friday,Master Card,Kumayl,UAE,Bangalore,Hard Disk,125,2,250,50
2159,29-Nov-2015,52,Chrismas Coupon,Stripe,John,India,Kerala,Mother Board,4500,1,4500,225
2160,30-Nov-2015,31,Loyalty Coupon,Cheque,Abdullah,Oman,Hyderabad,RAM,175,3,525,50
2161,01-Dec-2015,54,Black Friday,Cash,David,UAE,Goa,Mobile,1200,3,3600,200
2162,02-Dec-2015,47,Chrismas Coupon,Visa Card,Nancy,India,Mumbai,Laptop,4500,2,9000,250
2163,03-Dec-2015,27,Loyalty Coupon,Master Card,Raj,Oman,Pune,Moniter,3000,1,3000,300
2164,04-Dec-2015,28,Black Friday,Stripe,Ramzan,UAE,Chennai,Speaker,75,2,150,15
2165,05-Dec-2015,27,Chrismas Coupon,Cheque,Kumayl,India,Bangalore,Keyboard,100,3,300,10
2166,06-Dec-2015,70,Loyalty Coupon,Cash,John,Oman,Kerala,Mouse,50,1,50,5
2167,07-Dec-2015,52,Black Friday,Visa Card,Abdullah,UAE,Hyderabad,Hard Disk,125,2,250,50
2168,08-Dec-2015,37,Chrismas Coupon,Master Card,David,India,Goa,Mother Board,4500,1,4500,225
2169,09-Dec-2015,35,Loyalty Coupon,Stripe,Nancy,Oman,Mumbai,RAM,175,1,175,50
2170,10-Dec-2015,30,Black Friday,Cheque,Raj,UAE,Pune,Mobile,1200,1,1200,200
2171,11-Dec-2015,50,Chrismas Coupon,Cash,Ramzan,India,Chennai,Laptop,4500,1,4500,250
2172,12-Dec-2015,54,Loyalty Coupon,Visa Card,Kumayl,Oman,Bangalore,Moniter,3000,1,3000,300
2173,13-Dec-2015,52,Black Friday,Master Card,John,UAE,Kerala,Speaker,75,2,150,15
2174,14-Dec-2015,52,Chrismas Coupon,Stripe,Abdullah,India,Hyderabad,Keyboard,100,2,200,10
2175,15-Dec-2015,65,Loyalty Coupon,Cheque,David,Oman,Goa,Mouse,50,1,50,5
2176,16-Dec-2015,54,Black Friday,Cash,Nancy,UAE,Mumbai,Hard Disk,125,1,125,50
2177,17-Dec-2015,48,Chrismas Coupon,Visa Card,Raj,India,Pune,Mother Board,4500,1,4500,225
2178,18-Dec-2015,66,Loyalty Coupon,Master Card,Ramzan,Oman,Chennai,RAM,175,1,175,50
2179,19-Dec-2015,32,Black Friday,Stripe,Kumayl,UAE,Bangalore,Mobile,1200,3,3600,200
2180,20-Dec-2015,48,Chrismas Coupon,Cheque,John,India,Kerala,Laptop,4500,2,9000,250
2181,21-Dec-2015,20,Loyalty Coupon,Cash,Abdullah,Oman,Hyderabad,Moniter,3000,2,6000,300
2182,22-Dec-2015,67,Black Friday,Visa Card,David,UAE,Goa,Speaker,75,1,75,15
2183,23-Dec-2015,63,Chrismas Coupon,Master Card,Nancy,India,Mumbai,Keyboard,100,2,200,10
2184,24-Dec-2015,65,Loyalty Coupon,Stripe,Raj,Oman,Pune,Mouse,50,3,150,5
2185,25-Dec-2015,64,Black Friday,Cheque,Ramzan,UAE,Chennai,Hard Disk,125,3,375,50
2186,26-Dec-2015,48,Chrismas Coupon,Cash,Kumayl,India,Bangalore,Mother Board,4500,3,13500,225
2187,27-Dec-2015,32,Loyalty Coupon,Visa Card,John,Oman,Kerala,RAM,175,2,350,50
2188,28-Dec-2015,56,Black Friday,Master Card,Abdullah,UAE,Hyderabad,Mobile,1200,3,3600,200
2189,29-Dec-2015,19,Chrismas Coupon,Stripe,David,India,Goa,Laptop,4500,2,9000,250
2190,30-Dec-2015,52,Loyalty Coupon,Cheque,Nancy,Oman,Mumbai,Moniter,3000,2,6000,300
2191,31-Dec-2015,23,Black Friday,Cash,Raj,UAE,Pune,Speaker,75,3,225,15
2192,01-Jan-2016,28,Chrismas Coupon,Visa Card,Ramzan,India,Chennai,Keyboard,100,1,100,10
2193,02-Jan-2016,23,Loyalty Coupon,Master Card,Kumayl,Oman,Bangalore,Mouse,50,1,50,5
2194,03-Jan-2016,23,Black Friday,Stripe,John,UAE,Kerala,Hard Disk,125,1,125,50
2195,04-Jan-2016,55,Chrismas Coupon,Cheque,Abdullah,India,Hyderabad,Mother Board,4500,1,4500,225
2196,05-Jan-2016,57,Loyalty Coupon,Cash,David,Oman,Goa,RAM,175,1,175,50
2197,06-Jan-2016,20,Black Friday,Visa Card,Nancy,UAE,Mumbai,Mobile,1200,1,1200,200
2198,07-Jan-2016,31,Chrismas Coupon,Master Card,Raj,India,Pune,Laptop,4500,1,4500,250
2199,08-Jan-2016,54,Loyalty Coupon,Stripe,Ramzan,Oman,Chennai,Moniter,3000,1,3000,300
2200,09-Jan-2016,26,Black Friday,Cheque,Kumayl,UAE,Bangalore,Speaker,75,1,75,15
2201,10-Jan-2016,38,Chrismas Coupon,Cash,John,India,Kerala,Keyboard,100,1,100,10
2202,11-Jan-2016,27,Loyalty Coupon,Visa Card,Abdullah,Oman,Hyderabad,Mouse,50,1,50,5
2203,12-Jan-2016,53,Black Friday,Master Card,David,UAE,Goa,Hard Disk,125,1,125,50
2204,13-Jan-2016,67,Chrismas Coupon,Stripe,Nancy,India,Mumbai,Mother Board,4500,1,4500,225
2205,14-Jan-2016,41,Loyalty Coupon,Cheque,Raj,Oman,Pune,RAM,175,1,175,50
2206,15-Jan-2016,68,Black Friday,Cash,Ramzan,UAE,Chennai,Mobile,1200,1,1200,200
2207,16-Jan-2016,58,Chrismas Coupon,Visa Card,Kumayl,India,Bangalore,Laptop,4500,1,4500,250
2208,17-Jan-2016,50,Loyalty Coupon,Master Card,John,Oman,Kerala,Moniter,3000,1,3000,300
2209,18-Jan-2016,18,Black Friday,Stripe,Abdullah,UAE,Hyderabad,Speaker,75,1,75,15
2210,19-Jan-2016,49,Chrismas Coupon,Cheque,David,India,Goa,Keyboard,100,1,100,10
2211,20-Jan-2016,47,Loyalty Coupon,Cash,Nancy,Oman,Mumbai,Mouse,50,1,50,5
2212,21-Jan-2016,44,Black Friday,Visa Card,Raj,UAE,Pune,Hard Disk,125,1,125,50
2213,22-Jan-2016,20,Chrismas Coupon,Master Card,Ramzan,India,Chennai,Mother Board,4500,1,4500,225
2214,23-Jan-2016,59,Loyalty Coupon,Stripe,Kumayl,Oman,Bangalore,RAM,175,1,175,50
2215,24-Jan-2016,61,Black Friday,Cheque,John,UAE,Kerala,Mobile,1200,1,1200,200
2216,25-Jan-2016,61,Chrismas Coupon,Cash,Abdullah,India,Hyderabad,Laptop,4500,1,4500,250
2217,26-Jan-2016,30,Loyalty Coupon,Visa Card,David,Oman,Goa,Moniter,3000,1,3000,300
2218,27-Jan-2016,36,Black Friday,Master Card,Nancy,UAE,Mumbai,Speaker,75,1,75,15
2219,28-Jan-2016,52,Chrismas Coupon,Stripe,Raj,India,Pune,Keyboard,100,1,100,10
2220,29-Jan-2016,35,Loyalty Coupon,Cheque,Ramzan,Oman,Chennai,Mouse,50,1,50,5
2221,30-Jan-2016,25,Black Friday,Cash,Kumayl,UAE,Bangalore,Hard Disk,125,1,125,50
2222,31-Jan-2016,19,Chrismas Coupon,Visa Card,John,India,Kerala,Mother Board,4500,1,4500,225
2223,01-Feb-2016,48,Loyalty Coupon,Master Card,Abdullah,Oman,Hyderabad,RAM,175,1,175,50
2224,02-Feb-2016,27,Black Friday,Stripe,David,UAE,Goa,Mobile,1200,1,1200,200
2225,03-Feb-2016,66,Chrismas Coupon,Cheque,Nancy,India,Mumbai,Laptop,4500,1,4500,250
2226,04-Feb-2016,45,Loyalty Coupon,Cash,Raj,Oman,Pune,Moniter,3000,1,3000,300
2227,05-Feb-2016,22,Black Friday,Visa Card,Ramzan,UAE,Chennai,Speaker,75,1,75,15
2228,06-Feb-2016,48,Chrismas Coupon,Master Card,Kumayl,India,Bangalore,Keyboard,100,1,100,10
2229,07-Feb-2016,35,Loyalty Coupon,Stripe,John,Oman,Kerala,Mouse,50,1,50,5
2230,08-Feb-2016,60,Black Friday,Cheque,Abdullah,UAE,Hyderabad,Hard Disk,125,1,125,50
2231,09-Feb-2016,56,Chrismas Coupon,Cash,David,India,Goa,Mother Board,4500,1,4500,225
2232,10-Feb-2016,21,Loyalty Coupon,Visa Card,Nancy,Oman,Mumbai,RAM,175,1,175,50
2233,11-Feb-2016,41,Black Friday,Master Card,Raj,UAE,Pune,Mobile,1200,1,1200,200
2234,12-Feb-2016,39,Chrismas Coupon,Stripe,Ramzan,India,Chennai,Laptop,4500,1,4500,250
2235,13-Feb-2016,67,Loyalty Coupon,Cheque,Kumayl,Oman,Bangalore,Moniter,3000,1,3000,300
2236,14-Feb-2016,66,Black Friday,Cash,John,UAE,Kerala,Speaker,75,1,75,15
2237,15-Feb-2016,55,Chrismas Coupon,Visa Card,Abdullah,India,Hyderabad,Keyboard,100,1,100,10
2238,16-Feb-2016,30,Loyalty Coupon,Master Card,David,Oman,Goa,Mouse,50,1,50,5
2239,17-Feb-2016,19,Black Friday,Stripe,Nancy,UAE,Mumbai,Hard Disk,125,1,125,50
2240,18-Feb-2016,41,Chrismas Coupon,Cheque,Raj,India,Pune,Mother Board,4500,1,4500,225
2241,19-Feb-2016,55,Loyalty Coupon,Cash,Ramzan,Oman,Chennai,RAM,175,1,175,50
2242,20-Feb-2016,32,Black Friday,Visa Card,Kumayl,UAE,Bangalore,Mobile,1200,1,1200,200
2243,21-Feb-2016,37,Chrismas Coupon,Master Card,John,India,Kerala,Laptop,4500,1,4500,250
2244,22-Feb-2016,58,Loyalty Coupon,Stripe,Abdullah,Oman,Hyderabad,Moniter,3000,1,3000,300
2245,23-Feb-2016,40,Black Friday,Cheque,David,UAE,Goa,Speaker,75,1,75,15
2246,24-Feb-2016,69,Chrismas Coupon,Cash,Nancy,India,Mumbai,Keyboard,100,1,100,10
2247,25-Feb-2016,64,Loyalty Coupon,Visa Card,Raj,Oman,Pune,Mouse,50,1,50,5
2248,26-Feb-2016,19,Black Friday,Master Card,Ramzan,UAE,Chennai,Hard Disk,125,1,125,50
2249,27-Feb-2016,41,Chrismas Coupon,Stripe,Kumayl,India,Bangalore,Mother Board,4500,1,4500,225
2250,28-Feb-2016,19,Loyalty Coupon,Cheque,John,Oman,Kerala,RAM,175,1,175,50
2251,29-Feb-2016,42,Black Friday,Cash,Abdullah,UAE,Hyderabad,Mobile,1200,1,1200,200
2252,01-Mar-2016,30,Chrismas Coupon,Visa Card,David,India,Goa,Laptop,4500,1,4500,250
2253,02-Mar-2016,47,Loyalty Coupon,Master Card,Nancy,Oman,Mumbai,Moniter,3000,1,3000,300
2254,03-Mar-2016,28,Black Friday,Stripe,Raj,UAE,Pune,Speaker,75,1,75,15
2255,04-Mar-2016,68,Chrismas Coupon,Cheque,Ramzan,India,Chennai,Keyboard,100,1,100,10
2256,05-Mar-2016,56,Loyalty Coupon,Cash,Kumayl,Oman,Bangalore,Mouse,50,1,50,5
2257,06-Mar-2016,42,Black Friday,Visa Card,John,UAE,Kerala,Hard Disk,125,1,125,50
2258,07-Mar-2016,34,Chrismas Coupon,Master Card,Abdullah,India,Hyderabad,Mother Board,4500,1,4500,225
2259,08-Mar-2016,69,Loyalty Coupon,Stripe,David,Oman,Goa,RAM,175,1,175,50
2260,09-Mar-2016,41,Black Friday,Cheque,Nancy,UAE,Mumbai,Mobile,1200,1,1200,200
2261,10-Mar-2016,31,Chrismas Coupon,Cash,Raj,India,Pune,Laptop,4500,1,4500,250
2262,11-Mar-2016,54,Loyalty Coupon,Visa Card,Ramzan,Oman,Chennai,Moniter,3000,1,3000,300
2263,12-Mar-2016,28,Black Friday,Master Card,Kumayl,UAE,Bangalore,Speaker,75,1,75,15
2264,13-Mar-2016,52,Chrismas Coupon,Stripe,John,India,Kerala,Keyboard,100,1,100,10
2265,14-Mar-2016,38,Loyalty Coupon,Cheque,Abdullah,Oman,Hyderabad,Mouse,50,1,50,5
2266,15-Mar-2016,55,Black Friday,Cash,David,UAE,Goa,Hard Disk,125,1,125,50
2267,16-Mar-2016,64,Chrismas Coupon,Visa Card,Nancy,India,Mumbai,Mother Board,4500,1,4500,225
2268,17-Mar-2016,22,Loyalty Coupon,Master Card,Raj,Oman,Pune,RAM,175,1,175,50
2269,18-Mar-2016,33,Black Friday,Stripe,Ramzan,UAE,Chennai,Mobile,1200,1,1200,200
2270,19-Mar-2016,53,Chrismas Coupon,Cheque,Kumayl,India,Bangalore,Laptop,4500,1,4500,250
2271,20-Mar-2016,46,Loyalty Coupon,Cash,John,Oman,Kerala,Moniter,3000,1,3000,300
2272,21-Mar-2016,34,Black Friday,Visa Card,Abdullah,UAE,Hyderabad,Speaker,75,1,75,15
2273,22-Mar-2016,34,Chrismas Coupon,Master Card,David,India,Goa,Keyboard,100,1,100,10
2274,23-Mar-2016,55,Loyalty Coupon,Stripe,Nancy,Oman,Mumbai,Mouse,50,1,50,5
2275,24-Mar-2016,31,Black Friday,Cheque,Raj,UAE,Pune,Hard Disk,125,1,125,50
2276,25-Mar-2016,18,Chrismas Coupon,Cash,Ramzan,India,Chennai,Mother Board,4500,1,4500,225
2277,26-Mar-2016,52,Loyalty Coupon,Visa Card,Kumayl,Oman,Bangalore,RAM,175,1,175,50
2278,27-Mar-2016,61,Black Friday,Master Card,John,UAE,Kerala,Mobile,1200,1,1200,200
2279,28-Mar-2016,62,Chrismas Coupon,Stripe,Abdullah,India,Hyderabad,Laptop,4500,1,4500,250
2280,29-Mar-2016,44,Loyalty Coupon,Cheque,David,Oman,Goa,Moniter,3000,1,3000,300
2281,30-Mar-2016,60,Black Friday,Cash,Nancy,UAE,Mumbai,Speaker,75,1,75,15
2282,31-Mar-2016,29,Chrismas Coupon,Visa Card,Raj,India,Pune,Keyboard,100,1,100,10
2283,01-Apr-2016,47,Loyalty Coupon,Master Card,Ramzan,Oman,Chennai,Mouse,50,1,50,5
2284,02-Apr-2016,31,Black Friday,Stripe,Kumayl,UAE,Bangalore,Hard Disk,125,1,125,50
2285,03-Apr-2016,53,Chrismas Coupon,Cheque,John,India,Kerala,Mother Board,4500,1,4500,225
2286,04-Apr-2016,34,Loyalty Coupon,Cash,Abdullah,Oman,Hyderabad,RAM,175,1,175,50
2287,05-Apr-2016,47,Black Friday,Visa Card,David,UAE,Goa,Mobile,1200,1,1200,200
2288,06-Apr-2016,51,Chrismas Coupon,Master Card,Nancy,India,Mumbai,Laptop,4500,1,4500,250
2289,07-Apr-2016,65,Loyalty Coupon,Stripe,Raj,Oman,Pune,Moniter,3000,1,3000,300
2290,08-Apr-2016,20,Black Friday,Cheque,Ramzan,UAE,Chennai,Speaker,75,1,75,15
2291,09-Apr-2016,64,Chrismas Coupon,Cash,Kumayl,India,Bangalore,Keyboard,100,1,100,10
2292,10-Apr-2016,39,Loyalty Coupon,Visa Card,John,Oman,Kerala,Mouse,50,1,50,5
2293,11-Apr-2016,37,Black Friday,Master Card,Abdullah,UAE,Hyderabad,Hard Disk,125,1,125,50
2294,12-Apr-2016,18,Chrismas Coupon,Stripe,David,India,Goa,Mother Board,4500,1,4500,225
2295,13-Apr-2016,70,Loyalty Coupon,Cheque,Nancy,Oman,Mumbai,RAM,175,1,175,50
2296,14-Apr-2016,36,Black Friday,Cash,Raj,UAE,Pune,Mobile,1200,1,1200,200
2297,15-Apr-2016,26,Chrismas Coupon,Visa Card,Ramzan,India,Chennai,Laptop,4500,1,4500,250
2298,16-Apr-2016,32,Loyalty Coupon,Master Card,Kumayl,Oman,Bangalore,Moniter,3000,1,3000,300
2299,17-Apr-2016,68,Black Friday,Stripe,John,UAE,Kerala,Speaker,75,1,75,15
2300,18-Apr-2016,19,Chrismas Coupon,Cheque,Abdullah,India,Hyderabad,Keyboard,100,1,100,10
2301,19-Apr-2016,54,Loyalty Coupon,Cash,David,Oman,Goa,Mouse,50,1,50,5
2302,20-Apr-2016,58,Black Friday,Visa Card,Nancy,UAE,Mumbai,Hard Disk,125,1,125,50
2303,21-Apr-2016,40,Chrismas Coupon,Master Card,Raj,India,Pune,Mother Board,4500,1,4500,225
2304,22-Apr-2016,54,Loyalty Coupon,Stripe,Ramzan,Oman,Chennai,RAM,175,1,175,50
2305,23-Apr-2016,33,Black Friday,Cheque,Kumayl,UAE,Bangalore,Mobile,1200,1,1200,200
2306,24-Apr-2016,32,Chrismas Coupon,Cash,John,India,Kerala,Laptop,4500,1,4500,250
2307,25-Apr-2016,35,Loyalty Coupon,Visa Card,Abdullah,Oman,Hyderabad,Moniter,3000,1,3000,300
2308,26-Apr-2016,68,Black Friday,Master Card,David,UAE,Goa,Speaker,75,1,75,15
2309,27-Apr-2016,30,Chrismas Coupon,Stripe,Nancy,India,Mumbai,Keyboard,100,1,100,10
2310,28-Apr-2016,20,Loyalty Coupon,Cheque,Raj,Oman,Pune,Mouse,50,1,50,5
2311,29-Apr-2016,23,Black Friday,Cash,Ramzan,UAE,Chennai,Hard Disk,125,1,125,50
2312,30-Apr-2016,47,Chrismas Coupon,Visa Card,Kumayl,India,Bangalore,Mother Board,4500,1,4500,225
2313,01-May-2016,55,Loyalty Coupon,Master Card,John,Oman,Kerala,RAM,175,1,175,50
2314,02-May-2016,41,Black Friday,Stripe,Abdullah,UAE,Hyderabad,Mobile,1200,1,1200,200
2315,03-May-2016,55,Chrismas Coupon,Cheque,David,India,Goa,Laptop,4500,1,4500,250
2316,04-May-2016,50,Loyalty Coupon,Cash,Nancy,Oman,Mumbai,Moniter,3000,1,3000,300
2317,05-May-2016,68,Black Friday,Visa Card,Raj,UAE,Pune,Speaker,75,1,75,15
2318,06-May-2016,50,Chrismas Coupon,Master Card,Ramzan,India,Chennai,Keyboard,100,1,100,10
2319,07-May-2016,69,Loyalty Coupon,Stripe,Kumayl,Oman,Bangalore,Mouse,50,1,50,5
2320,08-May-2016,70,Black Friday,Cheque,John,UAE,Kerala,Hard Disk,125,1,125,50
2321,09-May-2016,33,Chrismas Coupon,Cash,Abdullah,India,Hyderabad,Mother Board,4500,1,4500,225
2322,10-May-2016,57,Loyalty Coupon,Visa Card,David,Oman,Goa,RAM,175,1,175,50
2323,11-May-2016,38,Black Friday,Master Card,Nancy,UAE,Mumbai,Mobile,1200,1,1200,200
2324,12-May-2016,37,Chrismas Coupon,Stripe,Raj,India,Pune,Laptop,4500,1,4500,250
2325,13-May-2016,31,Loyalty Coupon,Cheque,Ramzan,Oman,Chennai,Moniter,3000,1,3000,300
2326,14-May-2016,64,Black Friday,Cash,Kumayl,UAE,Bangalore,Speaker,75,1,75,15
2327,15-May-2016,34,Chrismas Coupon,Visa Card,John,India,Kerala,Keyboard,100,1,100,10
2328,16-May-2016,68,Loyalty Coupon,Master Card,Abdullah,Oman,Hyderabad,Mouse,50,1,50,5
2329,17-May-2016,31,Black Friday,Stripe,David,UAE,Goa,Hard Disk,125,1,125,50
2330,18-May-2016,43,Chrismas Coupon,Cheque,Nancy,India,Mumbai,Mother Board,4500,1,4500,225
2331,19-May-2016,32,Loyalty Coupon,Cash,Raj,Oman,Pune,RAM,175,1,175,50
2332,20-May-2016,24,Black Friday,Visa Card,Ramzan,UAE,Chennai,Mobile,1200,1,1200,200
2333,21-May-2016,58,Chrismas Coupon,Master Card,Kumayl,India,Bangalore,Laptop,4500,1,4500,250
2334,22-May-2016,59,Loyalty Coupon,Stripe,John,Oman,Kerala,Moniter,3000,1,3000,300
2335,23-May-2016,70,Black Friday,Cheque,Abdullah,UAE,Hyderabad,Speaker,75,1,75,15
2336,24-May-2016,35,Chrismas Coupon,Cash,David,India,Goa,Keyboard,100,1,100,10
2337,25-May-2016,51,Loyalty Coupon,Visa Card,Nancy,Oman,Mumbai,Mouse,50,1,50,5
2338,26-May-2016,29,Black Friday,Master Card,Raj,UAE,Pune,Hard Disk,125,1,125,50
2339,27-May-2016,55,Chrismas Coupon,Stripe,Ramzan,India,Chennai,Mother Board,4500,1,4500,225
2340,28-May-2016,57,Loyalty Coupon,Cheque,Kumayl,Oman,Bangalore,RAM,175,1,175,50
2341,29-May-2016,29,Black Friday,Cash,John,UAE,Kerala,Mobile,1200,1,1200,200
2342,30-May-2016,37,Chrismas Coupon,Visa Card,Abdullah,India,Hyderabad,Laptop,4500,1,4500,250
2343,31-May-2016,66,Loyalty Coupon,Master Card,David,Oman,Goa,Moniter,3000,1,3000,300
2344,01-Jun-2016,57,Black Friday,Stripe,Nancy,UAE,Mumbai,Speaker,75,1,75,15
2345,02-Jun-2016,67,Chrismas Coupon,Cheque,Raj,India,Pune,Keyboard,100,1,100,10
2346,03-Jun-2016,63,Loyalty Coupon,Cash,Ramzan,Oman,Chennai,Mouse,50,1,50,5
2347,04-Jun-2016,66,Black Friday,Visa Card,Kumayl,UAE,Bangalore,Hard Disk,125,1,125,50
2348,05-Jun-2016,33,Chrismas Coupon,Master Card,John,India,Kerala,Mother Board,4500,1,4500,225
2349,06-Jun-2016,45,Loyalty Coupon,Stripe,Abdullah,Oman,Hyderabad,RAM,175,1,175,50
2350,07-Jun-2016,45,Black Friday,Cheque,David,UAE,Goa,Mobile,1200,1,1200,200
2351,08-Jun-2016,59,Chrismas Coupon,Cash,Nancy,India,Mumbai,Laptop,4500,1,4500,250
2352,09-Jun-2016,42,Loyalty Coupon,Visa Card,Raj,Oman,Pune,Moniter,3000,1,3000,300
2353,10-Jun-2016,46,Black Friday,Master Card,Ramzan,UAE,Chennai,Speaker,75,1,75,15
2354,11-Jun-2016,44,Chrismas Coupon,Stripe,Kumayl,India,Bangalore,Keyboard,100,1,100,10
2355,12-Jun-2016,56,Loyalty Coupon,Cheque,John,Oman,Kerala,Mouse,50,1,50,5
2356,13-Jun-2016,24,Black Friday,Cash,Abdullah,UAE,Hyderabad,Hard Disk,125,1,125,50
2357,14-Jun-2016,60,Chrismas Coupon,Visa Card,David,India,Goa,Mother Board,4500,1,4500,225
2358,15-Jun-2016,44,Loyalty Coupon,Master Card,Nancy,Oman,Mumbai,RAM,175,1,175,50
2359,16-Jun-2016,36,Black Friday,Stripe,Raj,UAE,Pune,Mobile,1200,1,1200,200
2360,17-Jun-2016,61,Chrismas Coupon,Cheque,Ramzan,India,Chennai,Laptop,4500,1,4500,250
2361,18-Jun-2016,43,Loyalty Coupon,Cash,Kumayl,Oman,Bangalore,Moniter,3000,1,3000,300
2362,19-Jun-2016,62,Black Friday,Visa Card,John,UAE,Kerala,Speaker,75,1,75,15
2363,20-Jun-2016,35,Chrismas Coupon,Master Card,Abdullah,India,Hyderabad,Keyboard,100,1,100,10
2364,21-Jun-2016,18,Loyalty Coupon,Stripe,David,Oman,Goa,Mouse,50,1,50,5
2365,22-Jun-2016,38,Black Friday,Cheque,Nancy,UAE,Mumbai,Hard Disk,125,1,125,50
2366,23-Jun-2016,50,Chrismas Coupon,Cash,Raj,India,Pune,Mother Board,4500,1,4500,225
2367,24-Jun-2016,68,Loyalty Coupon,Visa Card,Ramzan,Oman,Chennai,RAM,175,1,175,50
2368,25-Jun-2016,34,Black Friday,Master Card,Kumayl,UAE,Bangalore,Mobile,1200,1,1200,200
2369,26-Jun-2016,56,Chrismas Coupon,Stripe,John,India,Kerala,Laptop,4500,1,4500,250
2370,27-Jun-2016,49,Loyalty Coupon,Cheque,Abdullah,Oman,Hyderabad,Moniter,3000,1,3000,300
2371,28-Jun-2016,52,Black Friday,Cash,David,UAE,Goa,Speaker,75,1,75,15
2372,29-Jun-2016,30,Chrismas Coupon,Visa Card,Nancy,India,Mumbai,Keyboard,100,1,100,10
2373,30-Jun-2016,41,Loyalty Coupon,Master Card,Raj,Oman,Pune,Mouse,50,1,50,5
2374,01-Jul-2016,52,Black Friday,Stripe,Ramzan,UAE,Chennai,Hard Disk,125,1,125,50
2375,02-Jul-2016,59,Chrismas Coupon,Cheque,Kumayl,India,Bangalore,Mother Board,4500,1,4500,225
2376,03-Jul-2016,30,Loyalty Coupon,Cash,John,Oman,Kerala,RAM,175,1,175,50
2377,04-Jul-2016,34,Black Friday,Visa Card,Abdullah,UAE,Hyderabad,Mobile,1200,1,1200,200
2378,05-Jul-2016,18,Chrismas Coupon,Master Card,David,India,Goa,Laptop,4500,1,4500,250
2379,06-Jul-2016,64,Loyalty Coupon,Stripe,Nancy,Oman,Mumbai,Moniter,3000,1,3000,300
2380,07-Jul-2016,45,Black Friday,Cheque,Raj,UAE,Pune,Speaker,75,1,75,15
2381,08-Jul-2016,60,Chrismas Coupon,Cash,Ramzan,India,Chennai,Keyboard,100,1,100,10
2382,09-Jul-2016,62,Loyalty Coupon,Visa Card,Kumayl,Oman,Bangalore,Mouse,50,1,50,5
2383,10-Jul-2016,47,Black Friday,Master Card,John,UAE,Kerala,Hard Disk,125,1,125,50
2384,11-Jul-2016,64,Chrismas Coupon,Stripe,Abdullah,India,Hyderabad,Mother Board,4500,1,4500,225
2385,12-Jul-2016,20,Loyalty Coupon,Cheque,David,Oman,Goa,RAM,175,1,175,50
2386,13-Jul-2016,58,Black Friday,Cash,Nancy,UAE,Mumbai,Mobile,1200,1,1200,200
2387,14-Jul-2016,27,Chrismas Coupon,Visa Card,Raj,India,Pune,Laptop,4500,1,4500,250
2388,15-Jul-2016,66,Loyalty Coupon,Master Card,Ramzan,Oman,Chennai,Moniter,3000,1,3000,300
2389,16-Jul-2016,35,Black Friday,Stripe,Kumayl,UAE,Bangalore,Speaker,75,1,75,15
2390,17-Jul-2016,62,Chrismas Coupon,Cheque,John,India,Kerala,Keyboard,100,1,100,10
2391,18-Jul-2016,37,Loyalty Coupon,Cash,Abdullah,Oman,Hyderabad,Mouse,50,1,50,5
2392,19-Jul-2016,22,Black Friday,Visa Card,David,UAE,Goa,Hard Disk,125,1,125,50
2393,20-Jul-2016,44,Chrismas Coupon,Master Card,Nancy,India,Mumbai,Mother Board,4500,1,4500,225
2394,21-Jul-2016,28,Loyalty Coupon,Stripe,Raj,Oman,Pune,RAM,175,1,175,50
2395,22-Jul-2016,66,Black Friday,Cheque,Ramzan,UAE,Chennai,Mobile,1200,1,1200,200
2396,23-Jul-2016,59,Chrismas Coupon,Cash,Kumayl,India,Bangalore,Laptop,4500,1,4500,250
2397,24-Jul-2016,48,Loyalty Coupon,Visa Card,John,Oman,Kerala,Moniter,3000,1,3000,300
2398,25-Jul-2016,36,Black Friday,Master Card,Abdullah,UAE,Hyderabad,Speaker,75,1,75,15
2399,26-Jul-2016,23,Chrismas Coupon,Stripe,David,India,Goa,Keyboard,100,1,100,10
2400,27-Jul-2016,57,Loyalty Coupon,Cheque,Nancy,Oman,Mumbai,Mouse,50,1,50,5
2401,28-Jul-2016,60,Black Friday,Cash,Raj,UAE,Pune,Hard Disk,125,1,125,50
2402,29-Jul-2016,56,Chrismas Coupon,Visa Card,Ramzan,India,Chennai,Mother Board,4500,1,4500,225
2403,30-Jul-2016,37,Loyalty Coupon,Master Card,Kumayl,Oman,Bangalore,RAM,175,1,175,50
2404,31-Jul-2016,34,Black Friday,Stripe,John,UAE,Kerala,Mobile,1200,1,1200,200
2405,01-Aug-2016,52,Chrismas Coupon,Cheque,Abdullah,India,Hyderabad,Laptop,4500,1,4500,250
2406,02-Aug-2016,58,Loyalty Coupon,Cash,David,Oman,Goa,Moniter,3000,1,3000,300
2407,03-Aug-2016,65,Black Friday,Visa Card,Nancy,UAE,Mumbai,Speaker,75,1,75,15
2408,04-Aug-2016,47,Chrismas Coupon,Master Card,Raj,India,Pune,Keyboard,100,1,100,10
2409,05-Aug-2016,26,Loyalty Coupon,Stripe,Ramzan,Oman,Chennai,Mouse,50,1,50,5
2410,06-Aug-2016,67,Black Friday,Cheque,Kumayl,UAE,Bangalore,Hard Disk,125,1,125,50
2411,07-Aug-2016,46,Chrismas Coupon,Cash,John,India,Kerala,Mother Board,4500,1,4500,225
2412,08-Aug-2016,43,Loyalty Coupon,Visa Card,Abdullah,Oman,Hyderabad,RAM,175,1,175,50
2413,09-Aug-2016,55,Black Friday,Master Card,David,UAE,Goa,Mobile,1200,1,1200,200
2414,10-Aug-2016,70,Chrismas Coupon,Stripe,Nancy,India,Mumbai,Laptop,4500,1,4500,250
2415,11-Aug-2016,29,Loyalty Coupon,Cheque,Raj,Oman,Pune,Moniter,3000,1,3000,300
2416,12-Aug-2016,57,Black Friday,Cash,Ramzan,UAE,Chennai,Speaker,75,1,75,15
2417,13-Aug-2016,48,Chrismas Coupon,Visa Card,Kumayl,India,Bangalore,Keyboard,100,1,100,10
2418,14-Aug-2016,18,Loyalty Coupon,Master Card,John,Oman,Kerala,Mouse,50,1,50,5
2419,15-Aug-2016,18,Black Friday,Stripe,Abdullah,UAE,Hyderabad,Hard Disk,125,1,125,50
2420,16-Aug-2016,54,Chrismas Coupon,Cheque,David,India,Goa,Mother Board,4500,1,4500,225
2421,17-Aug-2016,49,Loyalty Coupon,Cash,Nancy,Oman,Mumbai,RAM,175,1,175,50
2422,18-Aug-2016,52,Black Friday,Visa Card,Raj,UAE,Pune,Mobile,1200,1,1200,200
2423,19-Aug-2016,42,Chrismas Coupon,Master Card,Ramzan,India,Chennai,Laptop,4500,1,4500,250
2424,20-Aug-2016,38,Loyalty Coupon,Stripe,Kumayl,Oman,Bangalore,Moniter,3000,1,3000,300
2425,21-Aug-2016,29,Black Friday,Cheque,John,UAE,Kerala,Speaker,75,1,75,15
2426,22-Aug-2016,65,Chrismas Coupon,Cash,Abdullah,India,Hyderabad,Keyboard,100,1,100,10
2427,23-Aug-2016,54,Loyalty Coupon,Visa Card,David,Oman,Goa,Mouse,50,1,50,5
2428,24-Aug-2016,30,Black Friday,Master Card,Nancy,UAE,Mumbai,Hard Disk,125,1,125,50
2429,25-Aug-2016,52,Chrismas Coupon,Stripe,Raj,India,Pune,Mother Board,4500,1,4500,225
2430,26-Aug-2016,42,Loyalty Coupon,Cheque,Ramzan,Oman,Chennai,RAM,175,1,175,50
2431,27-Aug-2016,25,Black Friday,Cash,Kumayl,UAE,Bangalore,Mobile,1200,1,1200,200
2432,28-Aug-2016,24,Chrismas Coupon,Visa Card,John,India,Kerala,Laptop,4500,1,4500,250
2433,29-Aug-2016,26,Loyalty Coupon,Master Card,Abdullah,Oman,Hyderabad,Moniter,3000,1,3000,300
2434,30-Aug-2016,37,Black Friday,Stripe,David,UAE,Goa,Speaker,75,1,75,15
2435,31-Aug-2016,67,Chrismas Coupon,Cheque,Nancy,India,Mumbai,Keyboard,100,1,100,10
2436,01-Sep-2016,61,Loyalty Coupon,Cash,Raj,Oman,Pune,Mouse,50,1,50,5
2437,02-Sep-2016,61,Black Friday,Visa Card,Ramzan,UAE,Chennai,Hard Disk,125,1,125,50
2438,03-Sep-2016,36,Chrismas Coupon,Master Card,Kumayl,India,Bangalore,Mother Board,4500,1,4500,225
2439,04-Sep-2016,19,Loyalty Coupon,Stripe,John,Oman,Kerala,RAM,175,1,175,50
2440,05-Sep-2016,33,Black Friday,Cheque,Abdullah,UAE,Hyderabad,Mobile,1200,1,1200,200
2441,06-Sep-2016,51,Chrismas Coupon,Cash,David,India,Goa,Laptop,4500,1,4500,250
2442,07-Sep-2016,52,Loyalty Coupon,Visa Card,Nancy,Oman,Mumbai,Moniter,3000,1,3000,300
2443,08-Sep-2016,33,Black Friday,Master Card,Raj,UAE,Pune,Speaker,75,1,75,15
2444,09-Sep-2016,63,Chrismas Coupon,Stripe,Ramzan,India,Chennai,Keyboard,100,1,100,10
2445,10-Sep-2016,29,Loyalty Coupon,Cheque,Kumayl,Oman,Bangalore,Mouse,50,1,50,5
2446,11-Sep-2016,42,Black Friday,Cash,John,UAE,Kerala,Hard Disk,125,1,125,50
2447,12-Sep-2016,58,Chrismas Coupon,Visa Card,Abdullah,India,Hyderabad,Mother Board,4500,1,4500,225
2448,13-Sep-2016,62,Loyalty Coupon,Master Card,David,Oman,Goa,RAM,175,1,175,50
2449,14-Sep-2016,58,Black Friday,Stripe,Nancy,UAE,Mumbai,Mobile,1200,1,1200,200
2450,15-Sep-2016,66,Chrismas Coupon,Cheque,Raj,India,Pune,Laptop,4500,1,4500,250
2451,16-Sep-2016,19,Loyalty Coupon,Cash,Ramzan,Oman,Chennai,Moniter,3000,1,3000,300
2452,17-Sep-2016,22,Black Friday,Visa Card,Kumayl,UAE,Bangalore,Speaker,75,1,75,15
2453,18-Sep-2016,61,Chrismas Coupon,Master Card,John,India,Kerala,Keyboard,100,1,100,10
2454,19-Sep-2016,57,Loyalty Coupon,Stripe,Abdullah,Oman,Hyderabad,Mouse,50,1,50,5
2455,20-Sep-2016,70,Black Friday,Cheque,David,UAE,Goa,Hard Disk,125,1,125,50
2456,21-Sep-2016,61,Chrismas Coupon,Cash,Nancy,India,Mumbai,Mother Board,4500,1,4500,225
2457,22-Sep-2016,37,Loyalty Coupon,Visa Card,Raj,Oman,Pune,RAM,175,1,175,50
2458,23-Sep-2016,35,Black Friday,Master Card,Ramzan,UAE,Chennai,Mobile,1200,1,1200,200
2459,24-Sep-2016,36,Chrismas Coupon,Stripe,Kumayl,India,Bangalore,Laptop,4500,1,4500,250
2460,25-Sep-2016,31,Loyalty Coupon,Cheque,John,Oman,Kerala,Moniter,3000,1,3000,300
2461,26-Sep-2016,39,Black Friday,Cash,Abdullah,UAE,Hyderabad,Speaker,75,1,75,15
2462,27-Sep-2016,49,Chrismas Coupon,Visa Card,David,India,Goa,Keyboard,100,1,100,10
2463,28-Sep-2016,34,Loyalty Coupon,Master Card,Nancy,Oman,Mumbai,Mouse,50,1,50,5
2464,29-Sep-2016,60,Black Friday,Stripe,Raj,UAE,Pune,Hard Disk,125,1,125,50
2465,30-Sep-2016,48,Chrismas Coupon,Cheque,Ramzan,India,Chennai,Mother Board,4500,1,4500,225
2466,01-Oct-2016,61,Loyalty Coupon,Cash,Kumayl,Oman,Bangalore,RAM,175,1,175,50
2467,02-Oct-2016,23,Black Friday,Visa Card,John,UAE,Kerala,Mobile,1200,1,1200,200
2468,03-Oct-2016,55,Chrismas Coupon,Master Card,Abdullah,India,Hyderabad,Laptop,4500,1,4500,250
2469,04-Oct-2016,66,Loyalty Coupon,Stripe,David,Oman,Goa,Moniter,3000,1,3000,300
2470,05-Oct-2016,55,Black Friday,Cheque,Nancy,UAE,Mumbai,Speaker,75,1,75,15
2471,06-Oct-2016,41,Chrismas Coupon,Cash,Raj,India,Pune,Keyboard,100,1,100,10
2472,07-Oct-2016,30,Loyalty Coupon,Visa Card,Ramzan,Oman,Chennai,Mouse,50,1,50,5
2473,08-Oct-2016,40,Black Friday,Master Card,Kumayl,UAE,Bangalore,Hard Disk,125,1,125,50
2474,09-Oct-2016,27,Chrismas Coupon,Stripe,John,India,Kerala,Mother Board,4500,1,4500,225
2475,10-Oct-2016,58,Loyalty Coupon,Cheque,Abdullah,Oman,Hyderabad,RAM,175,1,175,50
2476,11-Oct-2016,48,Black Friday,Cash,David,UAE,Goa,Mobile,1200,1,1200,200
2477,12-Oct-2016,51,Chrismas Coupon,Visa Card,Nancy,India,Mumbai,Laptop,4500,1,4500,250
2478,13-Oct-2016,56,Loyalty Coupon,Master Card,Raj,Oman,Pune,Moniter,3000,1,3000,300
2479,14-Oct-2016,47,Black Friday,Stripe,Ramzan,UAE,Chennai,Speaker,75,1,75,15
2480,15-Oct-2016,46,Chrismas Coupon,Cheque,Kumayl,India,Bangalore,Keyboard,100,1,100,10
2481,16-Oct-2016,19,Loyalty Coupon,Cash,John,Oman,Kerala,Mouse,50,1,50,5
2482,17-Oct-2016,28,Black Friday,Visa Card,Abdullah,UAE,Hyderabad,Hard Disk,125,1,125,50
2483,18-Oct-2016,35,Chrismas Coupon,Master Card,David,India,Goa,Mother Board,4500,1,4500,225
2484,19-Oct-2016,36,Loyalty Coupon,Stripe,Nancy,Oman,Mumbai,RAM,175,1,175,50
2485,20-Oct-2016,44,Black Friday,Cheque,Raj,UAE,Pune,Mobile,1200,1,1200,200
2486,21-Oct-2016,48,Chrismas Coupon,Cash,Ramzan,India,Chennai,Laptop,4500,1,4500,250
2487,22-Oct-2016,31,Loyalty Coupon,Visa Card,Kumayl,Oman,Bangalore,Moniter,3000,1,3000,300
2488,23-Oct-2016,51,Black Friday,Master Card,John,UAE,Kerala,Speaker,75,1,75,15
2489,24-Oct-2016,45,Chrismas Coupon,Stripe,Abdullah,India,Hyderabad,Keyboard,100,1,100,10
2490,25-Oct-2016,23,Loyalty Coupon,Cheque,David,Oman,Goa,Mouse,50,1,50,5
2491,26-Oct-2016,53,Black Friday,Cash,Nancy,UAE,Mumbai,Hard Disk,125,1,125,50
2492,27-Oct-2016,38,Chrismas Coupon,Visa Card,Raj,India,Pune,Mother Board,4500,1,4500,225
2493,28-Oct-2016,41,Loyalty Coupon,Master Card,Ramzan,Oman,Chennai,RAM,175,1,175,50
2494,29-Oct-2016,64,Black Friday,Stripe,Kumayl,UAE,Bangalore,Mobile,1200,1,1200,200
2495,30-Oct-2016,53,Chrismas Coupon,Cheque,John,India,Kerala,Laptop,4500,1,4500,250
2496,31-Oct-2016,69,Loyalty Coupon,Cash,Abdullah,Oman,Hyderabad,Moniter,3000,1,3000,300
2497,01-Nov-2016,53,Black Friday,Visa Card,David,UAE,Goa,Speaker,75,1,75,15
2498,02-Nov-2016,68,Chrismas Coupon,Master Card,Nancy,India,Mumbai,Keyboard,100,1,100,10
2499,03-Nov-2016,19,Loyalty Coupon,Stripe,Raj,Oman,Pune,Mouse,50,1,50,5
2500,04-Nov-2016,70,Black Friday,Cheque,Ramzan,UAE,Chennai,Hard Disk,125,1,125,50
2501,05-Nov-2016,40,Chrismas Coupon,Cash,Kumayl,India,Bangalore,Mother Board,4500,1,4500,225
2502,06-Nov-2016,45,Loyalty Coupon,Visa Card,John,Oman,Kerala,RAM,175,1,175,50
2503,07-Nov-2016,30,Black Friday,Master Card,Abdullah,UAE,Hyderabad,Mobile,1200,1,1200,200
2504,08-Nov-2016,51,Chrismas Coupon,Stripe,David,India,Goa,Laptop,4500,1,4500,250
2505,09-Nov-2016,49,Loyalty Coupon,Cheque,Nancy,Oman,Mumbai,Moniter,3000,1,3000,300
2506,10-Nov-2016,63,Black Friday,Cash,Raj,UAE,Pune,Speaker,75,1,75,15
2507,11-Nov-2016,68,Chrismas Coupon,Visa Card,Ramzan,India,Chennai,Keyboard,100,1,100,10
2508,12-Nov-2016,22,Loyalty Coupon,Master Card,Kumayl,Oman,Bangalore,Mouse,50,1,50,5
2509,13-Nov-2016,26,Black Friday,Stripe,John,UAE,Kerala,Hard Disk,125,1,125,50
2510,14-Nov-2016,36,Chrismas Coupon,Cheque,Abdullah,India,Hyderabad,Mother Board,4500,1,4500,225
2511,15-Nov-2016,57,Loyalty Coupon,Cash,David,Oman,Goa,RAM,175,1,175,50
2512,16-Nov-2016,59,Black Friday,Visa Card,Nancy,UAE,Mumbai,Mobile,1200,1,1200,200
2513,17-Nov-2016,41,Chrismas Coupon,Master Card,Raj,India,Pune,Laptop,4500,1,4500,250
2514,18-Nov-2016,36,Loyalty Coupon,Stripe,Ramzan,Oman,Chennai,Moniter,3000,1,3000,300
2515,19-Nov-2016,60,Black Friday,Cheque,Kumayl,UAE,Bangalore,Speaker,75,1,75,15
2516,20-Nov-2016,54,Chrismas Coupon,Cash,John,India,Kerala,Keyboard,100,1,100,10
2517,21-Nov-2016,18,Loyalty Coupon,Visa Card,Abdullah,Oman,Hyderabad,Mouse,50,1,50,5
2518,22-Nov-2016,27,Black Friday,Master Card,David,UAE,Goa,Hard Disk,125,1,125,50
2519,23-Nov-2016,24,Chrismas Coupon,Stripe,Nancy,India,Mumbai,Mother Board,4500,1,4500,225
2520,24-Nov-2016,57,Loyalty Coupon,Cheque,Raj,Oman,Pune,RAM,175,1,175,50
2521,25-Nov-2016,58,Black Friday,Cash,Ramzan,UAE,Chennai,Mobile,1200,1,1200,200
2522,26-Nov-2016,64,Chrismas Coupon,Visa Card,Kumayl,India,Bangalore,Laptop,4500,1,4500,250
2523,27-Nov-2016,48,Loyalty Coupon,Master Card,John,Oman,Kerala,Moniter,3000,1,3000,300
2524,28-Nov-2016,59,Black Friday,Stripe,Abdullah,UAE,Hyderabad,Speaker,75,1,75,15
2525,29-Nov-2016,58,Chrismas Coupon,Cheque,David,India,Goa,Keyboard,100,1,100,10
2526,30-Nov-2016,49,Loyalty Coupon,Cash,Nancy,Oman,Mumbai,Mouse,50,1,50,5
2527,01-Dec-2016,64,Black Friday,Visa Card,Raj,UAE,Pune,Hard Disk,125,1,125,50
2528,02-Dec-2016,56,Chrismas Coupon,Master Card,Ramzan,India,Chennai,Mother Board,4500,1,4500,225
2529,03-Dec-2016,23,Loyalty Coupon,Stripe,Kumayl,Oman,Bangalore,RAM,175,1,175,50
2530,04-Dec-2016,33,Black Friday,Cheque,John,UAE,Kerala,Mobile,1200,1,1200,200
2531,05-Dec-2016,56,Chrismas Coupon,Cash,Abdullah,India,Hyderabad,Laptop,4500,1,4500,250
2532,06-Dec-2016,23,Loyalty Coupon,Visa Card,David,Oman,Goa,Moniter,3000,1,3000,300
2533,07-Dec-2016,27,Black Friday,Master Card,Nancy,UAE,Mumbai,Speaker,75,1,75,15
2534,08-Dec-2016,22,Chrismas Coupon,Stripe,Raj,India,Pune,Keyboard,100,1,100,10
2535,09-Dec-2016,37,Loyalty Coupon,Cheque,Ramzan,Oman,Chennai,Mouse,50,1,50,5
2536,10-Dec-2016,68,Black Friday,Cash,Kumayl,UAE,Bangalore,Hard Disk,125,1,125,50
2537,11-Dec-2016,32,Chrismas Coupon,Visa Card,John,India,Kerala,Mother Board,4500,1,4500,225
2538,12-Dec-2016,28,Loyalty Coupon,Master Card,Abdullah,Oman,Hyderabad,RAM,175,1,175,50
2539,13-Dec-2016,51,Black Friday,Stripe,David,UAE,Goa,Mobile,1200,1,1200,200
2540,14-Dec-2016,24,Chrismas Coupon,Cheque,Nancy,India,Mumbai,Laptop,4500,1,4500,250
2541,15-Dec-2016,66,Loyalty Coupon,Cash,Raj,Oman,Pune,Moniter,3000,1,3000,300
2542,16-Dec-2016,62,Black Friday,Visa Card,Ramzan,UAE,Chennai,Speaker,75,1,75,15
2543,17-Dec-2016,33,Chrismas Coupon,Master Card,Kumayl,India,Bangalore,Keyboard,100,1,100,10
2544,18-Dec-2016,18,Loyalty Coupon,Stripe,John,Oman,Kerala,Mouse,50,1,50,5
2545,19-Dec-2016,28,Black Friday,Cheque,Abdullah,UAE,Hyderabad,Hard Disk,125,1,125,50
2546,20-Dec-2016,37,Chrismas Coupon,Cash,David,India,Goa,Mother Board,4500,1,4500,225
2547,21-Dec-2016,43,Loyalty Coupon,Visa Card,Nancy,Oman,Mumbai,RAM,175,1,175,50
2548,22-Dec-2016,24,Black Friday,Master Card,Raj,UAE,Pune,Mobile,1200,1,1200,200
2549,23-Dec-2016,18,Chrismas Coupon,Stripe,Ramzan,India,Chennai,Laptop,4500,1,4500,250
2550,24-Dec-2016,60,Loyalty Coupon,Cheque,Kumayl,Oman,Bangalore,Moniter,3000,1,3000,300
2551,25-Dec-2016,51,Black Friday,Cash,John,UAE,Kerala,Speaker,75,1,75,15
2552,26-Dec-2016,35,Chrismas Coupon,Visa Card,Abdullah,India,Hyderabad,Keyboard,100,1,100,10
2553,27-Dec-2016,52,Loyalty Coupon,Master Card,David,Oman,Goa,Mouse,50,1,50,5
2554,28-Dec-2016,57,Black Friday,Stripe,Nancy,UAE,Mumbai,Hard Disk,125,1,125,50
2555,29-Dec-2016,51,Chrismas Coupon,Cheque,Raj,India,Pune,Mother Board,4500,1,4500,225
2556,30-Dec-2016,18,Loyalty Coupon,Cash,Ramzan,Oman,Chennai,RAM,175,1,175,50
2557,31-Dec-2016,54,Black Friday,Visa Card,Kumayl,UAE,Bangalore,Mobile,1200,1,1200,200
2558,01-Jan-2017,20,Chrismas Coupon,Master Card,John,India,Kerala,Laptop,4500,1,4500,250
2559,02-Jan-2017,58,Loyalty Coupon,Stripe,Abdullah,Oman,Hyderabad,Moniter,3000,2,6000,300
2560,03-Jan-2017,23,Black Friday,Cheque,David,UAE,Goa,Speaker,75,2,150,15
2561,04-Jan-2017,55,Chrismas Coupon,Cash,Nancy,India,Mumbai,Keyboard,100,2,200,10
2562,05-Jan-2017,63,Loyalty Coupon,Visa Card,Raj,Oman,Pune,Mouse,50,1,50,5
2563,06-Jan-2017,63,Black Friday,Master Card,Ramzan,UAE,Chennai,Hard Disk,125,2,250,50
2564,07-Jan-2017,57,Chrismas Coupon,Stripe,Kumayl,India,Bangalore,Mother Board,4500,2,9000,225
2565,08-Jan-2017,40,Loyalty Coupon,Cheque,John,Oman,Kerala,RAM,175,1,175,50
2566,09-Jan-2017,28,Black Friday,Cash,Abdullah,UAE,Hyderabad,Mobile,1200,2,2400,200
2567,10-Jan-2017,41,Chrismas Coupon,Visa Card,David,India,Goa,Laptop,4500,2,9000,250
2568,11-Jan-2017,34,Loyalty Coupon,Master Card,Nancy,Oman,Mumbai,Moniter,3000,2,6000,300
2569,12-Jan-2017,52,Black Friday,Stripe,Raj,UAE,Pune,Speaker,75,2,150,15
2570,13-Jan-2017,68,Chrismas Coupon,Cheque,Ramzan,India,Chennai,Keyboard,100,1,100,10
2571,14-Jan-2017,26,Loyalty Coupon,Cash,Kumayl,Oman,Bangalore,Mouse,50,1,50,5
2572,15-Jan-2017,63,Black Friday,Visa Card,John,UAE,Kerala,Hard Disk,125,1,125,50
2573,16-Jan-2017,47,Chrismas Coupon,Master Card,Abdullah,India,Hyderabad,Mother Board,4500,1,4500,225
2574,17-Jan-2017,62,Loyalty Coupon,Stripe,David,Oman,Goa,RAM,175,2,350,50
2575,18-Jan-2017,45,Black Friday,Cheque,Nancy,UAE,Mumbai,Mobile,1200,2,2400,200
2576,19-Jan-2017,27,Chrismas Coupon,Cash,Raj,India,Pune,Laptop,4500,1,4500,250
2577,20-Jan-2017,63,Loyalty Coupon,Visa Card,Ramzan,Oman,Chennai,Moniter,3000,2,6000,300
2578,21-Jan-2017,41,Black Friday,Master Card,Kumayl,UAE,Bangalore,Speaker,75,1,75,15
2579,22-Jan-2017,67,Chrismas Coupon,Stripe,John,India,Kerala,Keyboard,100,1,100,10
2580,23-Jan-2017,34,Loyalty Coupon,Cheque,Abdullah,Oman,Hyderabad,Mouse,50,1,50,5
2581,24-Jan-2017,46,Black Friday,Cash,David,UAE,Goa,Hard Disk,125,2,250,50
2582,25-Jan-2017,55,Chrismas Coupon,Visa Card,Nancy,India,Mumbai,Mother Board,4500,2,9000,225
2583,26-Jan-2017,20,Loyalty Coupon,Master Card,Raj,Oman,Pune,RAM,175,2,350,50
2584,27-Jan-2017,49,Black Friday,Stripe,Ramzan,UAE,Chennai,Mobile,1200,1,1200,200
2585,28-Jan-2017,47,Chrismas Coupon,Cheque,Kumayl,India,Bangalore,Laptop,4500,1,4500,250
2586,29-Jan-2017,53,Loyalty Coupon,Cash,John,Oman,Kerala,Moniter,3000,2,6000,300
2587,30-Jan-2017,36,Black Friday,Visa Card,Abdullah,UAE,Hyderabad,Speaker,75,2,150,15
2588,31-Jan-2017,47,Chrismas Coupon,Master Card,David,India,Goa,Keyboard,100,2,200,10
2589,01-Feb-2017,39,Loyalty Coupon,Stripe,Nancy,Oman,Mumbai,Mouse,50,2,100,5
2590,02-Feb-2017,33,Black Friday,Cheque,Raj,UAE,Pune,Hard Disk,125,1,125,50
2591,03-Feb-2017,53,Chrismas Coupon,Cash,Ramzan,India,Chennai,Mother Board,4500,1,4500,225
2592,04-Feb-2017,50,Loyalty Coupon,Visa Card,Kumayl,Oman,Bangalore,RAM,175,2,350,50
2593,05-Feb-2017,39,Black Friday,Master Card,John,UAE,Kerala,Mobile,1200,2,2400,200
2594,06-Feb-2017,20,Chrismas Coupon,Stripe,Abdullah,India,Hyderabad,Laptop,4500,1,4500,250
2595,07-Feb-2017,47,Loyalty Coupon,Cheque,David,Oman,Goa,Moniter,3000,1,3000,300
2596,08-Feb-2017,62,Black Friday,Cash,Nancy,UAE,Mumbai,Speaker,75,1,75,15
2597,09-Feb-2017,31,Chrismas Coupon,Visa Card,Raj,India,Pune,Keyboard,100,2,200,10
2598,10-Feb-2017,59,Loyalty Coupon,Master Card,Ramzan,Oman,Chennai,Mouse,50,2,100,5
2599,11-Feb-2017,42,Black Friday,Stripe,Kumayl,UAE,Bangalore,Hard Disk,125,2,250,50
2600,12-Feb-2017,42,Chrismas Coupon,Cheque,John,India,Kerala,Mother Board,4500,1,4500,225
2601,13-Feb-2017,52,Loyalty Coupon,Cash,Abdullah,Oman,Hyderabad,RAM,175,2,350,50
2602,14-Feb-2017,28,Black Friday,Visa Card,David,UAE,Goa,Mobile,1200,1,1200,200
2603,15-Feb-2017,25,Chrismas Coupon,Master Card,Nancy,India,Mumbai,Laptop,4500,1,4500,250
2604,16-Feb-2017,68,Loyalty Coupon,Stripe,Raj,Oman,Pune,Moniter,3000,1,3000,300
2605,17-Feb-2017,46,Black Friday,Cheque,Ramzan,UAE,Chennai,Speaker,75,2,150,15
2606,18-Feb-2017,29,Chrismas Coupon,Cash,Kumayl,India,Bangalore,Keyboard,100,1,100,10
2607,19-Feb-2017,36,Loyalty Coupon,Visa Card,John,Oman,Kerala,Mouse,50,1,50,5
2608,20-Feb-2017,30,Black Friday,Master Card,Abdullah,UAE,Hyderabad,Hard Disk,125,2,250,50
2609,21-Feb-2017,62,Chrismas Coupon,Stripe,David,India,Goa,Mother Board,4500,2,9000,225
2610,22-Feb-2017,56,Loyalty Coupon,Cheque,Nancy,Oman,Mumbai,RAM,175,2,350,50
2611,23-Feb-2017,20,Black Friday,Cash,Raj,UAE,Pune,Mobile,1200,1,1200,200
2612,24-Feb-2017,62,Chrismas Coupon,Visa Card,Ramzan,India,Chennai,Laptop,4500,2,9000,250
2613,25-Feb-2017,19,Loyalty Coupon,Master Card,Kumayl,Oman,Bangalore,Moniter,3000,1,3000,300
2614,26-Feb-2017,25,Black Friday,Stripe,John,UAE,Kerala,Speaker,75,1,75,15
2615,27-Feb-2017,57,Chrismas Coupon,Cheque,Abdullah,India,Hyderabad,Keyboard,100,2,200,10
2616,28-Feb-2017,44,Loyalty Coupon,Cash,David,Oman,Goa,Mouse,50,1,50,5
2617,01-Mar-2017,41,Black Friday,Visa Card,Nancy,UAE,Mumbai,Hard Disk,125,1,125,50
2618,02-Mar-2017,18,Chrismas Coupon,Master Card,Raj,India,Pune,Mother Board,4500,2,9000,225
2619,03-Mar-2017,29,Loyalty Coupon,Stripe,Ramzan,Oman,Chennai,RAM,175,2,350,50
2620,04-Mar-2017,27,Black Friday,Cheque,Kumayl,UAE,Bangalore,Mobile,1200,1,1200,200
2621,05-Mar-2017,24,Chrismas Coupon,Cash,John,India,Kerala,Laptop,4500,1,4500,250
2622,06-Mar-2017,33,Loyalty Coupon,Visa Card,Abdullah,Oman,Hyderabad,Moniter,3000,1,3000,300
2623,07-Mar-2017,48,Black Friday,Master Card,David,UAE,Goa,Speaker,75,1,75,15
2624,08-Mar-2017,50,Chrismas Coupon,Stripe,Nancy,India,Mumbai,Keyboard,100,1,100,10
2625,09-Mar-2017,43,Loyalty Coupon,Cheque,Raj,Oman,Pune,Mouse,50,1,50,5
2626,10-Mar-2017,59,Black Friday,Cash,Ramzan,UAE,Chennai,Hard Disk,125,2,250,50
2627,11-Mar-2017,62,Chrismas Coupon,Visa Card,Kumayl,India,Bangalore,Mother Board,4500,2,9000,225
2628,12-Mar-2017,51,Loyalty Coupon,Master Card,John,Oman,Kerala,RAM,175,1,175,50
2629,13-Mar-2017,39,Black Friday,Stripe,Abdullah,UAE,Hyderabad,Mobile,1200,1,1200,200
2630,14-Mar-2017,39,Chrismas Coupon,Cheque,David,India,Goa,Laptop,4500,1,4500,250
2631,15-Mar-2017,32,Loyalty Coupon,Cash,Nancy,Oman,Mumbai,Moniter,3000,1,3000,300
2632,16-Mar-2017,37,Black Friday,Visa Card,Raj,UAE,Pune,Speaker,75,1,75,15
2633,17-Mar-2017,46,Chrismas Coupon,Master Card,Ramzan,India,Chennai,Keyboard,100,1,100,10
2634,18-Mar-2017,68,Loyalty Coupon,Stripe,Kumayl,Oman,Bangalore,Mouse,50,1,50,5
2635,19-Mar-2017,18,Black Friday,Cheque,John,UAE,Kerala,Hard Disk,125,1,125,50
2636,20-Mar-2017,33,Chrismas Coupon,Cash,Abdullah,India,Hyderabad,Mother Board,4500,2,9000,225
2637,21-Mar-2017,25,Loyalty Coupon,Visa Card,David,Oman,Goa,RAM,175,1,175,50
2638,22-Mar-2017,47,Black Friday,Master Card,Nancy,UAE,Mumbai,Mobile,1200,1,1200,200
2639,23-Mar-2017,63,Chrismas Coupon,Stripe,Raj,India,Pune,Laptop,4500,1,4500,250
2640,24-Mar-2017,25,Loyalty Coupon,Cheque,Ramzan,Oman,Chennai,Moniter,3000,1,3000,300
2641,25-Mar-2017,26,Black Friday,Cash,Kumayl,UAE,Bangalore,Speaker,75,2,150,15
2642,26-Mar-2017,46,Chrismas Coupon,Visa Card,John,India,Kerala,Keyboard,100,1,100,10
2643,27-Mar-2017,58,Loyalty Coupon,Master Card,Abdullah,Oman,Hyderabad,Mouse,50,2,100,5
2644,28-Mar-2017,65,Black Friday,Stripe,David,UAE,Goa,Hard Disk,125,1,125,50
2645,29-Mar-2017,22,Chrismas Coupon,Cheque,Nancy,India,Mumbai,Mother Board,4500,2,9000,225
2646,30-Mar-2017,46,Loyalty Coupon,Cash,Raj,Oman,Pune,RAM,175,2,350,50
2647,31-Mar-2017,65,Black Friday,Visa Card,Ramzan,UAE,Chennai,Mobile,1200,2,2400,200
2648,01-Apr-2017,69,Chrismas Coupon,Master Card,Kumayl,India,Bangalore,Laptop,4500,1,4500,250
2649,02-Apr-2017,25,Loyalty Coupon,Stripe,John,Oman,Kerala,Moniter,3000,2,6000,300
2650,03-Apr-2017,58,Black Friday,Cheque,Abdullah,UAE,Hyderabad,Speaker,75,1,75,15
2651,04-Apr-2017,39,Chrismas Coupon,Cash,David,India,Goa,Keyboard,100,1,100,10
2652,05-Apr-2017,24,Loyalty Coupon,Visa Card,Nancy,Oman,Mumbai,Mouse,50,2,100,5
2653,06-Apr-2017,70,Black Friday,Master Card,Raj,UAE,Pune,Hard Disk,125,1,125,50
2654,07-Apr-2017,38,Chrismas Coupon,Stripe,Ramzan,India,Chennai,Mother Board,4500,1,4500,225
2655,08-Apr-2017,55,Loyalty Coupon,Cheque,Kumayl,Oman,Bangalore,RAM,175,1,175,50
2656,09-Apr-2017,41,Black Friday,Cash,John,UAE,Kerala,Mobile,1200,2,2400,200
2657,10-Apr-2017,53,Chrismas Coupon,Visa Card,Abdullah,India,Hyderabad,Laptop,4500,1,4500,250
2658,11-Apr-2017,55,Loyalty Coupon,Master Card,David,Oman,Goa,Moniter,3000,2,6000,300
2659,12-Apr-2017,61,Black Friday,Stripe,Nancy,UAE,Mumbai,Speaker,75,2,150,15
2660,13-Apr-2017,67,Chrismas Coupon,Cheque,Raj,India,Pune,Keyboard,100,1,100,10
2661,14-Apr-2017,50,Loyalty Coupon,Cash,Ramzan,Oman,Chennai,Mouse,50,1,50,5
2662,15-Apr-2017,39,Black Friday,Visa Card,Kumayl,UAE,Bangalore,Hard Disk,125,1,125,50
2663,16-Apr-2017,38,Chrismas Coupon,Master Card,John,India,Kerala,Mother Board,4500,2,9000,225
2664,17-Apr-2017,62,Loyalty Coupon,Stripe,Abdullah,Oman,Hyderabad,RAM,175,2,350,50
2665,18-Apr-2017,50,Black Friday,Cheque,David,UAE,Goa,Mobile,1200,1,1200,200
2666,19-Apr-2017,43,Chrismas Coupon,Cash,Nancy,India,Mumbai,Laptop,4500,1,4500,250
2667,20-Apr-2017,55,Loyalty Coupon,Visa Card,Raj,Oman,Pune,Moniter,3000,1,3000,300
2668,21-Apr-2017,51,Black Friday,Master Card,Ramzan,UAE,Chennai,Speaker,75,2,150,15
2669,22-Apr-2017,58,Chrismas Coupon,Stripe,Kumayl,India,Bangalore,Keyboard,100,1,100,10
2670,23-Apr-2017,49,Loyalty Coupon,Cheque,John,Oman,Kerala,Mouse,50,2,100,5
2671,24-Apr-2017,47,Black Friday,Cash,Abdullah,UAE,Hyderabad,Hard Disk,125,2,250,50
2672,25-Apr-2017,48,Chrismas Coupon,Visa Card,David,India,Goa,Mother Board,4500,2,9000,225
2673,26-Apr-2017,55,Loyalty Coupon,Master Card,Nancy,Oman,Mumbai,RAM,175,1,175,50
2674,27-Apr-2017,28,Black Friday,Stripe,Raj,UAE,Pune,Mobile,1200,2,2400,200
2675,28-Apr-2017,34,Chrismas Coupon,Cheque,Ramzan,India,Chennai,Laptop,4500,2,9000,250
2676,29-Apr-2017,38,Loyalty Coupon,Cash,Kumayl,Oman,Bangalore,Moniter,3000,1,3000,300
2677,30-Apr-2017,40,Black Friday,Visa Card,John,UAE,Kerala,Speaker,75,2,150,15
2678,01-May-2017,39,Chrismas Coupon,Master Card,Abdullah,India,Hyderabad,Keyboard,100,1,100,10
2679,02-May-2017,65,Loyalty Coupon,Stripe,David,Oman,Goa,Mouse,50,2,100,5
2680,03-May-2017,29,Black Friday,Cheque,Nancy,UAE,Mumbai,Hard Disk,125,1,125,50
2681,04-May-2017,26,Chrismas Coupon,Cash,Raj,India,Pune,Mother Board,4500,2,9000,225
2682,05-May-2017,38,Loyalty Coupon,Visa Card,Ramzan,Oman,Chennai,RAM,175,1,175,50
2683,06-May-2017,18,Black Friday,Master Card,Kumayl,UAE,Bangalore,Mobile,1200,2,2400,200
2684,07-May-2017,20,Chrismas Coupon,Stripe,John,India,Kerala,Laptop,4500,2,9000,250
2685,08-May-2017,43,Loyalty Coupon,Cheque,Abdullah,Oman,Hyderabad,Moniter,3000,2,6000,300
2686,09-May-2017,43,Black Friday,Cash,David,UAE,Goa,Speaker,75,2,150,15
2687,10-May-2017,38,Chrismas Coupon,Visa Card,Nancy,India,Mumbai,Keyboard,100,2,200,10
2688,11-May-2017,42,Loyalty Coupon,Master Card,Raj,Oman,Pune,Mouse,50,2,100,5
2689,12-May-2017,54,Black Friday,Stripe,Ramzan,UAE,Chennai,Hard Disk,125,1,125,50
2690,13-May-2017,45,Chrismas Coupon,Cheque,Kumayl,India,Bangalore,Mother Board,4500,2,9000,225
2691,14-May-2017,58,Loyalty Coupon,Cash,John,Oman,Kerala,RAM,175,1,175,50
2692,15-May-2017,61,Black Friday,Visa Card,Abdullah,UAE,Hyderabad,Mobile,1200,1,1200,200
2693,16-May-2017,48,Chrismas Coupon,Master Card,David,India,Goa,Laptop,4500,1,4500,250
2694,17-May-2017,36,Loyalty Coupon,Stripe,Nancy,Oman,Mumbai,Moniter,3000,2,6000,300
2695,18-May-2017,40,Black Friday,Cheque,Raj,UAE,Pune,Speaker,75,1,75,15
2696,19-May-2017,25,Chrismas Coupon,Cash,Ramzan,India,Chennai,Keyboard,100,2,200,10
2697,20-May-2017,52,Loyalty Coupon,Visa Card,Kumayl,Oman,Bangalore,Mouse,50,2,100,5
2698,21-May-2017,38,Black Friday,Master Card,John,UAE,Kerala,Hard Disk,125,1,125,50
2699,22-May-2017,48,Chrismas Coupon,Stripe,Abdullah,India,Hyderabad,Mother Board,4500,2,9000,225
2700,23-May-2017,18,Loyalty Coupon,Cheque,David,Oman,Goa,RAM,175,1,175,50
2701,24-May-2017,20,Black Friday,Cash,Nancy,UAE,Mumbai,Mobile,1200,1,1200,200
2702,25-May-2017,49,Chrismas Coupon,Visa Card,Raj,India,Pune,Laptop,4500,2,9000,250
2703,26-May-2017,52,Loyalty Coupon,Master Card,Ramzan,Oman,Chennai,Moniter,3000,1,3000,300
2704,27-May-2017,29,Black Friday,Stripe,Kumayl,UAE,Bangalore,Speaker,75,1,75,15
2705,28-May-2017,58,Chrismas Coupon,Cheque,John,India,Kerala,Keyboard,100,1,100,10
2706,29-May-2017,70,Loyalty Coupon,Cash,Abdullah,Oman,Hyderabad,Mouse,50,2,100,5
2707,30-May-2017,26,Black Friday,Visa Card,David,UAE,Goa,Hard Disk,125,2,250,50
2708,31-May-2017,33,Chrismas Coupon,Master Card,Nancy,India,Mumbai,Mother Board,4500,1,4500,225
2709,01-Jun-2017,49,Loyalty Coupon,Stripe,Raj,Oman,Pune,RAM,175,1,175,50
2710,02-Jun-2017,63,Black Friday,Cheque,Ramzan,UAE,Chennai,Mobile,1200,2,2400,200
2711,03-Jun-2017,30,Chrismas Coupon,Cash,Kumayl,India,Bangalore,Laptop,4500,1,4500,250
2712,04-Jun-2017,58,Loyalty Coupon,Visa Card,John,Oman,Kerala,Moniter,3000,2,6000,300
2713,05-Jun-2017,20,Black Friday,Master Card,Abdullah,UAE,Hyderabad,Speaker,75,1,75,15
2714,06-Jun-2017,53,Chrismas Coupon,Stripe,David,India,Goa,Keyboard,100,1,100,10
2715,07-Jun-2017,56,Loyalty Coupon,Cheque,Nancy,Oman,Mumbai,Mouse,50,1,50,5
2716,08-Jun-2017,68,Black Friday,Cash,Raj,UAE,Pune,Hard Disk,125,1,125,50
2717,09-Jun-2017,68,Chrismas Coupon,Visa Card,Ramzan,India,Chennai,Mother Board,4500,1,4500,225
2718,10-Jun-2017,70,Loyalty Coupon,Master Card,Kumayl,Oman,Bangalore,RAM,175,2,350,50
2719,11-Jun-2017,29,Black Friday,Stripe,John,UAE,Kerala,Mobile,1200,1,1200,200
2720,12-Jun-2017,70,Chrismas Coupon,Cheque,Abdullah,India,Hyderabad,Laptop,4500,1,4500,250
2721,13-Jun-2017,31,Loyalty Coupon,Cash,David,Oman,Goa,Moniter,3000,1,3000,300
2722,14-Jun-2017,62,Black Friday,Visa Card,Nancy,UAE,Mumbai,Speaker,75,2,150,15
2723,15-Jun-2017,39,Chrismas Coupon,Master Card,Raj,India,Pune,Keyboard,100,2,200,10
2724,16-Jun-2017,37,Loyalty Coupon,Stripe,Ramzan,Oman,Chennai,Mouse,50,2,100,5
2725,17-Jun-2017,47,Black Friday,Cheque,Kumayl,UAE,Bangalore,Hard Disk,125,1,125,50
2726,18-Jun-2017,24,Chrismas Coupon,Cash,John,India,Kerala,Mother Board,4500,1,4500,225
2727,19-Jun-2017,70,Loyalty Coupon,Visa Card,Abdullah,Oman,Hyderabad,RAM,175,1,175,50
2728,20-Jun-2017,37,Black Friday,Master Card,David,UAE,Goa,Mobile,1200,1,1200,200
2729,21-Jun-2017,57,Chrismas Coupon,Stripe,Nancy,India,Mumbai,Laptop,4500,1,4500,250
2730,22-Jun-2017,19,Loyalty Coupon,Cheque,Raj,Oman,Pune,Moniter,3000,1,3000,300
2731,23-Jun-2017,40,Black Friday,Cash,Ramzan,UAE,Chennai,Speaker,75,2,150,15
2732,24-Jun-2017,54,Chrismas Coupon,Visa Card,Kumayl,India,Bangalore,Keyboard,100,2,200,10
2733,25-Jun-2017,20,Loyalty Coupon,Master Card,John,Oman,Kerala,Mouse,50,2,100,5
2734,26-Jun-2017,38,Black Friday,Stripe,Abdullah,UAE,Hyderabad,Hard Disk,125,1,125,50
2735,27-Jun-2017,57,Chrismas Coupon,Cheque,David,India,Goa,Mother Board,4500,2,9000,225
2736,28-Jun-2017,65,Loyalty Coupon,Cash,Nancy,Oman,Mumbai,RAM,175,2,350,50
2737,29-Jun-2017,53,Black Friday,Visa Card,Raj,UAE,Pune,Mobile,1200,1,1200,200
2738,30-Jun-2017,55,Chrismas Coupon,Master Card,Ramzan,India,Chennai,Laptop,4500,1,4500,250
2739,01-Jul-2017,58,Loyalty Coupon,Stripe,Kumayl,Oman,Bangalore,Moniter,3000,1,3000,300
2740,02-Jul-2017,22,Black Friday,Cheque,John,UAE,Kerala,Speaker,75,2,150,15
2741,03-Jul-2017,66,Chrismas Coupon,Cash,Abdullah,India,Hyderabad,Keyboard,100,1,100,10
2742,04-Jul-2017,37,Loyalty Coupon,Visa Card,David,Oman,Goa,Mouse,50,2,100,5
2743,05-Jul-2017,60,Black Friday,Master Card,Nancy,UAE,Mumbai,Hard Disk,125,1,125,50
2744,06-Jul-2017,22,Chrismas Coupon,Stripe,Raj,India,Pune,Mother Board,4500,1,4500,225
2745,07-Jul-2017,26,Loyalty Coupon,Cheque,Ramzan,Oman,Chennai,RAM,175,1,175,50
2746,08-Jul-2017,47,Black Friday,Cash,Kumayl,UAE,Bangalore,Mobile,1200,1,1200,200
2747,09-Jul-2017,42,Chrismas Coupon,Visa Card,John,India,Kerala,Laptop,4500,1,4500,250
2748,10-Jul-2017,47,Loyalty Coupon,Master Card,Abdullah,Oman,Hyderabad,Moniter,3000,1,3000,300
2749,11-Jul-2017,42,Black Friday,Stripe,David,UAE,Goa,Speaker,75,1,75,15
2750,12-Jul-2017,54,Chrismas Coupon,Cheque,Nancy,India,Mumbai,Keyboard,100,2,200,10
2751,13-Jul-2017,21,Loyalty Coupon,Cash,Raj,Oman,Pune,Mouse,50,2,100,5
2752,14-Jul-2017,54,Black Friday,Visa Card,Ramzan,UAE,Chennai,Hard Disk,125,1,125,50
2753,15-Jul-2017,22,Chrismas Coupon,Master Card,Kumayl,India,Bangalore,Mother Board,4500,2,9000,225
2754,16-Jul-2017,49,Loyalty Coupon,Stripe,John,Oman,Kerala,RAM,175,2,350,50
2755,17-Jul-2017,26,Black Friday,Cheque,Abdullah,UAE,Hyderabad,Mobile,1200,2,2400,200
2756,18-Jul-2017,35,Chrismas Coupon,Cash,David,India,Goa,Laptop,4500,1,4500,250
2757,19-Jul-2017,29,Loyalty Coupon,Visa Card,Nancy,Oman,Mumbai,Moniter,3000,1,3000,300
2758,20-Jul-2017,34,Black Friday,Master Card,Raj,UAE,Pune,Speaker,75,1,75,15
2759,21-Jul-2017,42,Chrismas Coupon,Stripe,Ramzan,India,Chennai,Keyboard,100,1,100,10
2760,22-Jul-2017,59,Loyalty Coupon,Cheque,Kumayl,Oman,Bangalore,Mouse,50,1,50,5
2761,23-Jul-2017,38,Black Friday,Cash,John,UAE,Kerala,Hard Disk,125,1,125,50
2762,24-Jul-2017,33,Chrismas Coupon,Visa Card,Abdullah,India,Hyderabad,Mother Board,4500,1,4500,225
2763,25-Jul-2017,27,Loyalty Coupon,Master Card,David,Oman,Goa,RAM,175,1,175,50
2764,26-Jul-2017,29,Black Friday,Stripe,Nancy,UAE,Mumbai,Mobile,1200,2,2400,200
2765,27-Jul-2017,67,Chrismas Coupon,Cheque,Raj,India,Pune,Laptop,4500,1,4500,250
2766,28-Jul-2017,69,Loyalty Coupon,Cash,Ramzan,Oman,Chennai,Moniter,3000,1,3000,300
2767,29-Jul-2017,63,Black Friday,Visa Card,Kumayl,UAE,Bangalore,Speaker,75,1,75,15
2768,30-Jul-2017,35,Chrismas Coupon,Master Card,John,India,Kerala,Keyboard,100,2,200,10
2769,31-Jul-2017,28,Loyalty Coupon,Stripe,Abdullah,Oman,Hyderabad,Mouse,50,2,100,5
2770,01-Aug-2017,29,Black Friday,Cheque,David,UAE,Goa,Hard Disk,125,2,250,50
2771,02-Aug-2017,45,Chrismas Coupon,Cash,Nancy,India,Mumbai,Mother Board,4500,1,4500,225
2772,03-Aug-2017,28,Loyalty Coupon,Visa Card,Raj,Oman,Pune,RAM,175,1,175,50
2773,04-Aug-2017,39,Black Friday,Master Card,Ramzan,UAE,Chennai,Mobile,1200,1,1200,200
2774,05-Aug-2017,59,Chrismas Coupon,Stripe,Kumayl,India,Bangalore,Laptop,4500,2,9000,250
2775,06-Aug-2017,21,Loyalty Coupon,Cheque,John,Oman,Kerala,Moniter,3000,1,3000,300
2776,07-Aug-2017,44,Black Friday,Cash,Abdullah,UAE,Hyderabad,Speaker,75,2,150,15
2777,08-Aug-2017,64,Chrismas Coupon,Visa Card,David,India,Goa,Keyboard,100,2,200,10
2778,09-Aug-2017,62,Loyalty Coupon,Master Card,Nancy,Oman,Mumbai,Mouse,50,2,100,5
2779,10-Aug-2017,63,Black Friday,Stripe,Raj,UAE,Pune,Hard Disk,125,2,250,50
2780,11-Aug-2017,38,Chrismas Coupon,Cheque,Ramzan,India,Chennai,Mother Board,4500,2,9000,225
2781,12-Aug-2017,37,Loyalty Coupon,Cash,Kumayl,Oman,Bangalore,RAM,175,1,175,50
2782,13-Aug-2017,48,Black Friday,Visa Card,John,UAE,Kerala,Mobile,1200,1,1200,200
2783,14-Aug-2017,38,Chrismas Coupon,Master Card,Abdullah,India,Hyderabad,Laptop,4500,2,9000,250
2784,15-Aug-2017,38,Loyalty Coupon,Stripe,David,Oman,Goa,Moniter,3000,2,6000,300
2785,16-Aug-2017,52,Black Friday,Cheque,Nancy,UAE,Mumbai,Speaker,75,2,150,15
2786,17-Aug-2017,31,Chrismas Coupon,Cash,Raj,India,Pune,Keyboard,100,2,200,10
2787,18-Aug-2017,56,Loyalty Coupon,Visa Card,Ramzan,Oman,Chennai,Mouse,50,2,100,5
2788,19-Aug-2017,21,Black Friday,Master Card,Kumayl,UAE,Bangalore,Hard Disk,125,2,250,50
2789,20-Aug-2017,67,Chrismas Coupon,Stripe,John,India,Kerala,Mother Board,4500,2,9000,225
2790,21-Aug-2017,27,Loyalty Coupon,Cheque,Abdullah,Oman,Hyderabad,RAM,175,1,175,50
2791,22-Aug-2017,50,Black Friday,Cash,David,UAE,Goa,Mobile,1200,1,1200,200
2792,23-Aug-2017,30,Chrismas Coupon,Visa Card,Nancy,India,Mumbai,Laptop,4500,1,4500,250
2793,24-Aug-2017,43,Loyalty Coupon,Master Card,Raj,Oman,Pune,Moniter,3000,1,3000,300
2794,25-Aug-2017,24,Black Friday,Stripe,Ramzan,UAE,Chennai,Speaker,75,2,150,15
2795,26-Aug-2017,53,Chrismas Coupon,Cheque,Kumayl,India,Bangalore,Keyboard,100,1,100,10
2796,27-Aug-2017,30,Loyalty Coupon,Cash,John,Oman,Kerala,Mouse,50,1,50,5
2797,28-Aug-2017,51,Black Friday,Visa Card,Abdullah,UAE,Hyderabad,Hard Disk,125,1,125,50
2798,29-Aug-2017,52,Chrismas Coupon,Master Card,David,India,Goa,Mother Board,4500,1,4500,225
2799,30-Aug-2017,70,Loyalty Coupon,Stripe,Nancy,Oman,Mumbai,RAM,175,1,175,50
2800,31-Aug-2017,22,Black Friday,Cheque,Raj,UAE,Pune,Mobile,1200,2,2400,200
2801,01-Sep-2017,19,Chrismas Coupon,Cash,Ramzan,India,Chennai,Laptop,4500,1,4500,250
2802,02-Sep-2017,45,Loyalty Coupon,Visa Card,Kumayl,Oman,Bangalore,Moniter,3000,2,6000,300
2803,03-Sep-2017,37,Black Friday,Master Card,John,UAE,Kerala,Speaker,75,2,150,15
2804,04-Sep-2017,35,Chrismas Coupon,Stripe,Abdullah,India,Hyderabad,Keyboard,100,1,100,10
2805,05-Sep-2017,39,Loyalty Coupon,Cheque,David,Oman,Goa,Mouse,50,2,100,5
2806,06-Sep-2017,44,Black Friday,Cash,Nancy,UAE,Mumbai,Hard Disk,125,1,125,50
2807,07-Sep-2017,42,Chrismas Coupon,Visa Card,Raj,India,Pune,Mother Board,4500,2,9000,225
2808,08-Sep-2017,67,Loyalty Coupon,Master Card,Ramzan,Oman,Chennai,RAM,175,2,350,50
2809,09-Sep-2017,32,Black Friday,Stripe,Kumayl,UAE,Bangalore,Mobile,1200,2,2400,200
2810,10-Sep-2017,33,Chrismas Coupon,Cheque,John,India,Kerala,Laptop,4500,2,9000,250
2811,11-Sep-2017,37,Loyalty Coupon,Cash,Abdullah,Oman,Hyderabad,Moniter,3000,2,6000,300
2812,12-Sep-2017,23,Black Friday,Visa Card,David,UAE,Goa,Speaker,75,1,75,15
2813,13-Sep-2017,32,Chrismas Coupon,Master Card,Nancy,India,Mumbai,Keyboard,100,1,100,10
2814,14-Sep-2017,45,Loyalty Coupon,Stripe,Raj,Oman,Pune,Mouse,50,2,100,5
2815,15-Sep-2017,44,Black Friday,Cheque,Ramzan,UAE,Chennai,Hard Disk,125,2,250,50
2816,16-Sep-2017,23,Chrismas Coupon,Cash,Kumayl,India,Bangalore,Mother Board,4500,1,4500,225
2817,17-Sep-2017,61,Loyalty Coupon,Visa Card,John,Oman,Kerala,RAM,175,2,350,50
2818,18-Sep-2017,29,Black Friday,Master Card,Abdullah,UAE,Hyderabad,Mobile,1200,1,1200,200
2819,19-Sep-2017,67,Chrismas Coupon,Stripe,David,India,Goa,Laptop,4500,1,4500,250
2820,20-Sep-2017,21,Loyalty Coupon,Cheque,Nancy,Oman,Mumbai,Moniter,3000,2,6000,300
2821,21-Sep-2017,28,Black Friday,Cash,Raj,UAE,Pune,Speaker,75,2,150,15
2822,22-Sep-2017,38,Chrismas Coupon,Visa Card,Ramzan,India,Chennai,Keyboard,100,1,100,10
2823,23-Sep-2017,25,Loyalty Coupon,Master Card,Kumayl,Oman,Bangalore,Mouse,50,1,50,5
2824,24-Sep-2017,38,Black Friday,Stripe,John,UAE,Kerala,Hard Disk,125,1,125,50
2825,25-Sep-2017,51,Chrismas Coupon,Cheque,Abdullah,India,Hyderabad,Mother Board,4500,1,4500,225
2826,26-Sep-2017,63,Loyalty Coupon,Cash,David,Oman,Goa,RAM,175,1,175,50
2827,27-Sep-2017,28,Black Friday,Visa Card,Nancy,UAE,Mumbai,Mobile,1200,2,2400,200
2828,28-Sep-2017,33,Chrismas Coupon,Master Card,Raj,India,Pune,Laptop,4500,2,9000,250
2829,29-Sep-2017,59,Loyalty Coupon,Stripe,Ramzan,Oman,Chennai,Moniter,3000,1,3000,300
2830,30-Sep-2017,64,Black Friday,Cheque,Kumayl,UAE,Bangalore,Speaker,75,2,150,15
2831,01-Oct-2017,20,Chrismas Coupon,Cash,John,India,Kerala,Keyboard,100,1,100,10
2832,02-Oct-2017,39,Loyalty Coupon,Visa Card,Abdullah,Oman,Hyderabad,Mouse,50,1,50,5
2833,03-Oct-2017,66,Black Friday,Master Card,David,UAE,Goa,Hard Disk,125,1,125,50
2834,04-Oct-2017,49,Chrismas Coupon,Stripe,Nancy,India,Mumbai,Mother Board,4500,1,4500,225
2835,05-Oct-2017,68,Loyalty Coupon,Cheque,Raj,Oman,Pune,RAM,175,1,175,50
2836,06-Oct-2017,49,Black Friday,Cash,Ramzan,UAE,Chennai,Mobile,1200,2,2400,200
2837,07-Oct-2017,28,Chrismas Coupon,Visa Card,Kumayl,India,Bangalore,Laptop,4500,1,4500,250
2838,08-Oct-2017,63,Loyalty Coupon,Master Card,John,Oman,Kerala,Moniter,3000,1,3000,300
2839,09-Oct-2017,61,Black Friday,Stripe,Abdullah,UAE,Hyderabad,Speaker,75,1,75,15
2840,10-Oct-2017,31,Chrismas Coupon,Cheque,David,India,Goa,Keyboard,100,2,200,10
2841,11-Oct-2017,48,Loyalty Coupon,Cash,Nancy,Oman,Mumbai,Mouse,50,1,50,5
2842,12-Oct-2017,52,Black Friday,Visa Card,Raj,UAE,Pune,Hard Disk,125,2,250,50
2843,13-Oct-2017,64,Chrismas Coupon,Master Card,Ramzan,India,Chennai,Mother Board,4500,1,4500,225
2844,14-Oct-2017,24,Loyalty Coupon,Stripe,Kumayl,Oman,Bangalore,RAM,175,2,350,50
2845,15-Oct-2017,41,Black Friday,Cheque,John,UAE,Kerala,Mobile,1200,1,1200,200
2846,16-Oct-2017,23,Chrismas Coupon,Cash,Abdullah,India,Hyderabad,Laptop,4500,2,9000,250
2847,17-Oct-2017,22,Loyalty Coupon,Visa Card,David,Oman,Goa,Moniter,3000,1,3000,300
2848,18-Oct-2017,52,Black Friday,Master Card,Nancy,UAE,Mumbai,Speaker,75,1,75,15
2849,19-Oct-2017,50,Chrismas Coupon,Stripe,Raj,India,Pune,Keyboard,100,2,200,10
2850,20-Oct-2017,34,Loyalty Coupon,Cheque,Ramzan,Oman,Chennai,Mouse,50,2,100,5
2851,21-Oct-2017,42,Black Friday,Cash,Kumayl,UAE,Bangalore,Hard Disk,125,2,250,50
2852,22-Oct-2017,30,Chrismas Coupon,Visa Card,John,India,Kerala,Mother Board,4500,2,9000,225
2853,23-Oct-2017,54,Loyalty Coupon,Master Card,Abdullah,Oman,Hyderabad,RAM,175,2,350,50
2854,24-Oct-2017,35,Black Friday,Stripe,David,UAE,Goa,Mobile,1200,2,2400,200
2855,25-Oct-2017,30,Chrismas Coupon,Cheque,Nancy,India,Mumbai,Laptop,4500,1,4500,250
2856,26-Oct-2017,44,Loyalty Coupon,Cash,Raj,Oman,Pune,Moniter,3000,1,3000,300
2857,27-Oct-2017,35,Black Friday,Visa Card,Ramzan,UAE,Chennai,Speaker,75,1,75,15
2858,28-Oct-2017,24,Chrismas Coupon,Master Card,Kumayl,India,Bangalore,Keyboard,100,2,200,10
2859,29-Oct-2017,58,Loyalty Coupon,Stripe,John,Oman,Kerala,Mouse,50,2,100,5
2860,30-Oct-2017,28,Black Friday,Cheque,Abdullah,UAE,Hyderabad,Hard Disk,125,1,125,50
2861,31-Oct-2017,43,Chrismas Coupon,Cash,David,India,Goa,Mother Board,4500,1,4500,225
2862,01-Nov-2017,39,Loyalty Coupon,Visa Card,Nancy,Oman,Mumbai,RAM,175,1,175,50
2863,02-Nov-2017,54,Black Friday,Master Card,Raj,UAE,Pune,Mobile,1200,1,1200,200
2864,03-Nov-2017,54,Chrismas Coupon,Stripe,Ramzan,India,Chennai,Laptop,4500,2,9000,250
2865,04-Nov-2017,57,Loyalty Coupon,Cheque,Kumayl,Oman,Bangalore,Moniter,3000,1,3000,300
2866,05-Nov-2017,43,Black Friday,Cash,John,UAE,Kerala,Speaker,75,2,150,15
2867,06-Nov-2017,22,Chrismas Coupon,Visa Card,Abdullah,India,Hyderabad,Keyboard,100,2,200,10
2868,07-Nov-2017,46,Loyalty Coupon,Master Card,David,Oman,Goa,Mouse,50,2,100,5
2869,08-Nov-2017,69,Black Friday,Stripe,Nancy,UAE,Mumbai,Hard Disk,125,2,250,50
2870,09-Nov-2017,54,Chrismas Coupon,Cheque,Raj,India,Pune,Mother Board,4500,2,9000,225
2871,10-Nov-2017,29,Loyalty Coupon,Cash,Ramzan,Oman,Chennai,RAM,175,1,175,50
2872,11-Nov-2017,36,Black Friday,Visa Card,Kumayl,UAE,Bangalore,Mobile,1200,2,2400,200
2873,12-Nov-2017,41,Chrismas Coupon,Master Card,John,India,Kerala,Laptop,4500,2,9000,250
2874,13-Nov-2017,44,Loyalty Coupon,Stripe,Abdullah,Oman,Hyderabad,Moniter,3000,2,6000,300
2875,14-Nov-2017,35,Black Friday,Cheque,David,UAE,Goa,Speaker,75,2,150,15
2876,15-Nov-2017,68,Chrismas Coupon,Cash,Nancy,India,Mumbai,Keyboard,100,1,100,10
2877,16-Nov-2017,26,Loyalty Coupon,Visa Card,Raj,Oman,Pune,Mouse,50,1,50,5
2878,17-Nov-2017,21,Black Friday,Master Card,Ramzan,UAE,Chennai,Hard Disk,125,2,250,50
2879,18-Nov-2017,68,Chrismas Coupon,Stripe,Kumayl,India,Bangalore,Mother Board,4500,1,4500,225
2880,19-Nov-2017,56,Loyalty Coupon,Cheque,John,Oman,Kerala,RAM,175,1,175,50
2881,20-Nov-2017,31,Black Friday,Cash,Abdullah,UAE,Hyderabad,Mobile,1200,2,2400,200
2882,21-Nov-2017,27,Chrismas Coupon,Visa Card,David,India,Goa,Laptop,4500,1,4500,250
2883,22-Nov-2017,59,Loyalty Coupon,Master Card,Nancy,Oman,Mumbai,Moniter,3000,1,3000,300
2884,23-Nov-2017,19,Black Friday,Stripe,Raj,UAE,Pune,Speaker,75,2,150,15
2885,24-Nov-2017,58,Chrismas Coupon,Cheque,Ramzan,India,Chennai,Keyboard,100,2,200,10
2886,25-Nov-2017,22,Loyalty Coupon,Cash,Kumayl,Oman,Bangalore,Mouse,50,1,50,5
2887,26-Nov-2017,63,Black Friday,Visa Card,John,UAE,Kerala,Hard Disk,125,1,125,50
2888,27-Nov-2017,18,Chrismas Coupon,Master Card,Abdullah,India,Hyderabad,Mother Board,4500,1,4500,225
2889,28-Nov-2017,64,Loyalty Coupon,Stripe,David,Oman,Goa,RAM,175,1,175,50
2890,29-Nov-2017,24,Black Friday,Cheque,Nancy,UAE,Mumbai,Mobile,1200,1,1200,200
2891,30-Nov-2017,53,Chrismas Coupon,Cash,Raj,India,Pune,Laptop,4500,1,4500,250
2892,01-Dec-2017,33,Loyalty Coupon,Visa Card,Ramzan,Oman,Chennai,Moniter,3000,1,3000,300
2893,02-Dec-2017,23,Black Friday,Master Card,Kumayl,UAE,Bangalore,Speaker,75,2,150,15
2894,03-Dec-2017,44,Chrismas Coupon,Stripe,John,India,Kerala,Keyboard,100,2,200,10
2895,04-Dec-2017,67,Loyalty Coupon,Cheque,Abdullah,Oman,Hyderabad,Mouse,50,2,100,5
2896,05-Dec-2017,18,Black Friday,Cash,David,UAE,Goa,Hard Disk,125,2,250,50
2897,06-Dec-2017,31,Chrismas Coupon,Visa Card,Nancy,India,Mumbai,Mother Board,4500,2,9000,225
2898,07-Dec-2017,38,Loyalty Coupon,Master Card,Raj,Oman,Pune,RAM,175,2,350,50
2899,08-Dec-2017,38,Black Friday,Stripe,Ramzan,UAE,Chennai,Mobile,1200,2,2400,200
2900,09-Dec-2017,39,Chrismas Coupon,Cheque,Kumayl,India,Bangalore,Laptop,4500,1,4500,250
2901,10-Dec-2017,42,Loyalty Coupon,Cash,John,Oman,Kerala,Moniter,3000,1,3000,300
2902,11-Dec-2017,25,Black Friday,Visa Card,Abdullah,UAE,Hyderabad,Speaker,75,1,75,15
2903,12-Dec-2017,69,Chrismas Coupon,Master Card,David,India,Goa,Keyboard,100,2,200,10
2904,13-Dec-2017,30,Loyalty Coupon,Stripe,Nancy,Oman,Mumbai,Mouse,50,1,50,5
2905,14-Dec-2017,23,Black Friday,Cheque,Raj,UAE,Pune,Hard Disk,125,1,125,50
2906,15-Dec-2017,50,Chrismas Coupon,Cash,Ramzan,India,Chennai,Mother Board,4500,2,9000,225
2907,16-Dec-2017,18,Loyalty Coupon,Visa Card,Kumayl,Oman,Bangalore,RAM,175,2,350,50
2908,17-Dec-2017,68,Black Friday,Master Card,John,UAE,Kerala,Mobile,1200,2,2400,200
2909,18-Dec-2017,50,Chrismas Coupon,Stripe,Abdullah,India,Hyderabad,Laptop,4500,1,4500,250
2910,19-Dec-2017,19,Loyalty Coupon,Cheque,David,Oman,Goa,Moniter,3000,1,3000,300
2911,20-Dec-2017,32,Black Friday,Cash,Nancy,UAE,Mumbai,Speaker,75,2,150,15
2912,21-Dec-2017,60,Chrismas Coupon,Visa Card,Raj,India,Pune,Keyboard,100,2,200,10
2913,22-Dec-2017,69,Loyalty Coupon,Master Card,Ramzan,Oman,Chennai,Mouse,50,1,50,5
2914,23-Dec-2017,31,Black Friday,Stripe,Kumayl,UAE,Bangalore,Hard Disk,125,1,125,50
2915,24-Dec-2017,58,Chrismas Coupon,Cheque,John,India,Kerala,Mother Board,4500,1,4500,225
2916,25-Dec-2017,70,Loyalty Coupon,Cash,Abdullah,Oman,Hyderabad,RAM,175,1,175,50
2917,26-Dec-2017,65,Black Friday,Visa Card,David,UAE,Goa,Mobile,1200,2,2400,200
2918,27-Dec-2017,52,Chrismas Coupon,Master Card,Nancy,India,Mumbai,Laptop,4500,2,9000,250
2919,28-Dec-2017,50,Loyalty Coupon,Stripe,Raj,Oman,Pune,Moniter,3000,2,6000,300
2920,29-Dec-2017,46,Black Friday,Cheque,Ramzan,UAE,Chennai,Speaker,75,2,150,15
2921,30-Dec-2017,63,Chrismas Coupon,Cash,Kumayl,India,Bangalore,Keyboard,100,1,100,10
2922,31-Dec-2017,31,Loyalty Coupon,Visa Card,John,Oman,Kerala,Mouse,50,1,50,5
2923,01-Jan-2018,36,Black Friday,Master Card,Abdullah,UAE,Muscat,Hard Disk,125,3,375,50
2924,02-Jan-2018,51,Chrismas Coupon,Stripe,David,India,Salalah,Mother Board,4500,2,9000,225
2925,03-Jan-2018,46,Loyalty Coupon,Cheque,Nancy,Oman,Muscat,RAM,175,1,175,50
2926,04-Jan-2018,18,Black Friday,Cash,Raj,UAE,Salalah,Mobile,1200,2,2400,200
2927,05-Jan-2018,32,Chrismas Coupon,Visa Card,Ramzan,India,Muscat,Laptop,4500,1,4500,250
2928,06-Jan-2018,21,Loyalty Coupon,Master Card,Kumayl,Oman,Salalah,Moniter,3000,1,3000,300
2929,07-Jan-2018,42,Black Friday,Stripe,John,UAE,Muscat,Speaker,75,3,225,15
2930,08-Jan-2018,35,Chrismas Coupon,Cheque,Abdullah,India,Salalah,Keyboard,100,2,200,10
2931,09-Jan-2018,18,Loyalty Coupon,Cash,David,Oman,Muscat,Mouse,50,2,100,5
2932,10-Jan-2018,26,Black Friday,Visa Card,Nancy,UAE,Salalah,Hard Disk,125,1,125,50
2933,11-Jan-2018,56,Chrismas Coupon,Master Card,Raj,India,Muscat,Mother Board,4500,2,9000,225
2934,12-Jan-2018,67,Loyalty Coupon,Stripe,Ramzan,Oman,Salalah,RAM,175,2,350,50
2935,13-Jan-2018,23,Black Friday,Cheque,Kumayl,UAE,Muscat,Mobile,1200,2,2400,200
2936,14-Jan-2018,29,Chrismas Coupon,Cash,John,India,Salalah,Laptop,4500,2,9000,250
2937,15-Jan-2018,49,Loyalty Coupon,Visa Card,Abdullah,Oman,Muscat,Moniter,3000,3,9000,300
2938,16-Jan-2018,46,Black Friday,Master Card,David,UAE,Salalah,Speaker,75,2,150,15
2939,17-Jan-2018,41,Chrismas Coupon,Stripe,Nancy,India,Muscat,Keyboard,100,3,300,10
2940,18-Jan-2018,70,Loyalty Coupon,Cheque,Raj,Oman,Salalah,Mouse,50,3,150,5
2941,19-Jan-2018,57,Black Friday,Cash,Ramzan,UAE,Muscat,Hard Disk,125,3,375,50
2942,20-Jan-2018,43,Chrismas Coupon,Visa Card,Kumayl,India,Salalah,Mother Board,4500,2,9000,225
2943,21-Jan-2018,20,Loyalty Coupon,Master Card,John,Oman,Muscat,RAM,175,2,350,50
2944,22-Jan-2018,42,Black Friday,Stripe,Abdullah,UAE,Salalah,Mobile,1200,3,3600,200
2945,23-Jan-2018,52,Chrismas Coupon,Cheque,David,India,Muscat,Laptop,4500,2,9000,250
2946,24-Jan-2018,41,Loyalty Coupon,Cash,Nancy,Oman,Salalah,Moniter,3000,3,9000,300
2947,25-Jan-2018,48,Black Friday,Visa Card,Raj,UAE,Muscat,Speaker,75,1,75,15
2948,26-Jan-2018,46,Chrismas Coupon,Master Card,Ramzan,India,Salalah,Keyboard,100,2,200,10
2949,27-Jan-2018,64,Loyalty Coupon,Stripe,Kumayl,Oman,Muscat,Mouse,50,2,100,5
2950,28-Jan-2018,66,Black Friday,Cheque,John,UAE,Salalah,Hard Disk,125,3,375,50
2951,29-Jan-2018,24,Chrismas Coupon,Cash,Abdullah,India,Muscat,Mother Board,4500,2,9000,225
2952,30-Jan-2018,38,Loyalty Coupon,Visa Card,David,Oman,Salalah,RAM,175,2,350,50
2953,31-Jan-2018,70,Black Friday,Master Card,Nancy,UAE,Muscat,Mobile,1200,3,3600,200
2954,01-Feb-2018,32,Chrismas Coupon,Stripe,Raj,India,Salalah,Laptop,4500,3,13500,250
2955,02-Feb-2018,42,Loyalty Coupon,Cheque,Ramzan,Oman,Muscat,Moniter,3000,1,3000,300
2956,03-Feb-2018,50,Black Friday,Cash,Kumayl,UAE,Salalah,Speaker,75,3,225,15
2957,04-Feb-2018,20,Chrismas Coupon,Visa Card,John,India,Muscat,Keyboard,100,2,200,10
2958,05-Feb-2018,31,Loyalty Coupon,Master Card,Abdullah,Oman,Salalah,Mouse,50,1,50,5
2959,06-Feb-2018,70,Black Friday,Stripe,David,UAE,Muscat,Hard Disk,125,3,375,50
2960,07-Feb-2018,56,Chrismas Coupon,Cheque,Nancy,India,Salalah,Mother Board,4500,3,13500,225
2961,08-Feb-2018,18,Loyalty Coupon,Cash,Raj,Oman,Muscat,RAM,175,2,350,50
2962,09-Feb-2018,34,Black Friday,Visa Card,Ramzan,UAE,Salalah,Mobile,1200,3,3600,200
2963,10-Feb-2018,60,Chrismas Coupon,Master Card,Kumayl,India,Muscat,Laptop,4500,3,13500,250
2964,11-Feb-2018,63,Loyalty Coupon,Stripe,John,Oman,Salalah,Moniter,3000,2,6000,300
2965,12-Feb-2018,47,Black Friday,Cheque,Abdullah,UAE,Muscat,Speaker,75,1,75,15
2966,13-Feb-2018,61,Chrismas Coupon,Cash,David,India,Salalah,Keyboard,100,2,200,10
2967,14-Feb-2018,55,Loyalty Coupon,Visa Card,Nancy,Oman,Muscat,Mouse,50,2,100,5
2968,15-Feb-2018,53,Black Friday,Master Card,Raj,UAE,Salalah,Hard Disk,125,1,125,50
2969,16-Feb-2018,47,Chrismas Coupon,Stripe,Ramzan,India,Muscat,Mother Board,4500,2,9000,225
2970,17-Feb-2018,63,Loyalty Coupon,Cheque,Kumayl,Oman,Salalah,RAM,175,1,175,50
2971,18-Feb-2018,58,Black Friday,Cash,John,UAE,Muscat,Mobile,1200,3,3600,200
2972,19-Feb-2018,42,Chrismas Coupon,Visa Card,Abdullah,India,Salalah,Laptop,4500,1,4500,250
2973,20-Feb-2018,57,Loyalty Coupon,Master Card,David,Oman,Muscat,Moniter,3000,1,3000,300
2974,21-Feb-2018,46,Black Friday,Stripe,Nancy,UAE,Salalah,Speaker,75,3,225,15
2975,22-Feb-2018,60,Chrismas Coupon,Cheque,Raj,India,Muscat,Keyboard,100,2,200,10
2976,23-Feb-2018,70,Loyalty Coupon,Cash,Ramzan,Oman,Salalah,Mouse,50,2,100,5
2977,24-Feb-2018,40,Black Friday,Visa Card,Kumayl,UAE,Muscat,Hard Disk,125,1,125,50
2978,25-Feb-2018,70,Chrismas Coupon,Master Card,John,India,Salalah,Mother Board,4500,2,9000,225
2979,26-Feb-2018,34,Loyalty Coupon,Stripe,Abdullah,Oman,Muscat,RAM,175,1,175,50
2980,27-Feb-2018,19,Black Friday,Cheque,David,UAE,Salalah,Mobile,1200,1,1200,200
2981,28-Feb-2018,40,Chrismas Coupon,Cash,Nancy,India,Muscat,Laptop,4500,3,13500,250
2982,01-Mar-2018,39,Loyalty Coupon,Visa Card,Raj,Oman,Salalah,Moniter,3000,2,6000,300
2983,02-Mar-2018,20,Black Friday,Master Card,Ramzan,UAE,Muscat,Speaker,75,3,225,15
2984,03-Mar-2018,48,Chrismas Coupon,Stripe,Kumayl,India,Salalah,Keyboard,100,3,300,10
2985,04-Mar-2018,57,Loyalty Coupon,Cheque,John,Oman,Muscat,Mouse,50,3,150,5
2986,05-Mar-2018,57,Black Friday,Cash,Abdullah,UAE,Salalah,Hard Disk,125,2,250,50
2987,06-Mar-2018,68,Chrismas Coupon,Visa Card,David,India,Muscat,Mother Board,4500,1,4500,225
2988,07-Mar-2018,21,Loyalty Coupon,Master Card,Nancy,Oman,Salalah,RAM,175,1,175,50
2989,08-Mar-2018,69,Black Friday,Stripe,Raj,UAE,Muscat,Mobile,1200,2,2400,200
2990,09-Mar-2018,64,Chrismas Coupon,Cheque,Ramzan,India,Salalah,Laptop,4500,1,4500,250
2991,10-Mar-2018,55,Loyalty Coupon,Cash,Kumayl,Oman,Muscat,Moniter,3000,1,3000,300
2992,11-Mar-2018,45,Black Friday,Visa Card,John,UAE,Salalah,Speaker,75,2,150,15
2993,12-Mar-2018,19,Chrismas Coupon,Master Card,Abdullah,India,Muscat,Keyboard,100,3,300,10
2994,13-Mar-2018,63,Loyalty Coupon,Stripe,David,Oman,Salalah,Mouse,50,3,150,5
2995,14-Mar-2018,51,Black Friday,Cheque,Nancy,UAE,Muscat,Hard Disk,125,3,375,50
2996,15-Mar-2018,60,Chrismas Coupon,Cash,Raj,India,Salalah,Mother Board,4500,2,9000,225
2997,16-Mar-2018,30,Loyalty Coupon,Visa Card,Ramzan,Oman,Muscat,RAM,175,1,175,50
2998,17-Mar-2018,54,Black Friday,Master Card,Kumayl,UAE,Salalah,Mobile,1200,2,2400,200
2999,18-Mar-2018,62,Chrismas Coupon,Stripe,John,India,Muscat,Laptop,4500,2,9000,250
3000,19-Mar-2018,68,Loyalty Coupon,Cheque,Abdullah,Oman,Salalah,Moniter,3000,2,6000,300
3001,20-Mar-2018,48,Black Friday,Cash,David,UAE,Muscat,Speaker,75,2,150,15
3002,21-Mar-2018,23,Chrismas Coupon,Visa Card,Nancy,India,Salalah,Keyboard,100,2,200,10
3003,22-Mar-2018,28,Loyalty Coupon,Master Card,Raj,Oman,Muscat,Mouse,50,2,100,5
3004,23-Mar-2018,45,Black Friday,Stripe,Ramzan,UAE,Salalah,Hard Disk,125,2,250,50
3005,24-Mar-2018,55,Chrismas Coupon,Cheque,Kumayl,India,Muscat,Mother Board,4500,3,13500,225
3006,25-Mar-2018,43,Loyalty Coupon,Cash,John,Oman,Salalah,RAM,175,1,175,50
3007,26-Mar-2018,23,Black Friday,Visa Card,Abdullah,UAE,Muscat,Mobile,1200,2,2400,200
3008,27-Mar-2018,30,Chrismas Coupon,Master Card,David,India,Salalah,Laptop,4500,1,4500,250
3009,28-Mar-2018,52,Loyalty Coupon,Stripe,Nancy,Oman,Muscat,Moniter,3000,2,6000,300
3010,29-Mar-2018,64,Black Friday,Cheque,Raj,UAE,Salalah,Speaker,75,2,150,15
3011,30-Mar-2018,59,Chrismas Coupon,Cash,Ramzan,India,Muscat,Keyboard,100,1,100,10
3012,31-Mar-2018,21,Loyalty Coupon,Visa Card,Kumayl,Oman,Salalah,Mouse,50,1,50,5
3013,01-Apr-2018,69,Black Friday,Master Card,John,UAE,Muscat,Hard Disk,125,2,250,50
3014,02-Apr-2018,48,Chrismas Coupon,Stripe,Abdullah,India,Salalah,Mother Board,4500,2,9000,225
3015,03-Apr-2018,31,Loyalty Coupon,Cheque,David,Oman,Muscat,RAM,175,3,525,50
3016,04-Apr-2018,30,Black Friday,Cash,Nancy,UAE,Salalah,Mobile,1200,1,1200,200
3017,05-Apr-2018,56,Chrismas Coupon,Visa Card,Raj,India,Muscat,Laptop,4500,3,13500,250
3018,06-Apr-2018,24,Loyalty Coupon,Master Card,Ramzan,Oman,Salalah,Moniter,3000,2,6000,300
3019,07-Apr-2018,66,Black Friday,Stripe,Kumayl,UAE,Muscat,Speaker,75,1,75,15
3020,08-Apr-2018,44,Chrismas Coupon,Cheque,John,India,Salalah,Keyboard,100,2,200,10
3021,09-Apr-2018,25,Loyalty Coupon,Cash,Abdullah,Oman,Muscat,Mouse,50,3,150,5
3022,10-Apr-2018,44,Black Friday,Visa Card,David,UAE,Salalah,Hard Disk,125,3,375,50
3023,11-Apr-2018,68,Chrismas Coupon,Master Card,Nancy,India,Muscat,Mother Board,4500,3,13500,225
3024,12-Apr-2018,70,Loyalty Coupon,Stripe,Raj,Oman,Salalah,RAM,175,2,350,50
3025,13-Apr-2018,28,Black Friday,Cheque,Ramzan,UAE,Muscat,Mobile,1200,1,1200,200
3026,14-Apr-2018,47,Chrismas Coupon,Cash,Kumayl,India,Salalah,Laptop,4500,1,4500,250
3027,15-Apr-2018,66,Loyalty Coupon,Visa Card,John,Oman,Muscat,Moniter,3000,1,3000,300
3028,16-Apr-2018,51,Black Friday,Master Card,Abdullah,UAE,Salalah,Speaker,75,3,225,15
3029,17-Apr-2018,56,Chrismas Coupon,Stripe,David,India,Muscat,Keyboard,100,1,100,10
3030,18-Apr-2018,26,Loyalty Coupon,Cheque,Nancy,Oman,Salalah,Mouse,50,1,50,5
3031,19-Apr-2018,25,Black Friday,Cash,Raj,UAE,Muscat,Hard Disk,125,3,375,50
3032,20-Apr-2018,48,Chrismas Coupon,Visa Card,Ramzan,India,Salalah,Mother Board,4500,1,4500,225
3033,21-Apr-2018,50,Loyalty Coupon,Master Card,Kumayl,Oman,Muscat,RAM,175,2,350,50
3034,22-Apr-2018,67,Black Friday,Stripe,John,UAE,Salalah,Mobile,1200,2,2400,200
3035,23-Apr-2018,59,Chrismas Coupon,Cheque,Abdullah,India,Muscat,Laptop,4500,1,4500,250
3036,24-Apr-2018,50,Loyalty Coupon,Cash,David,Oman,Salalah,Moniter,3000,3,9000,300
3037,25-Apr-2018,37,Black Friday,Visa Card,Nancy,UAE,Muscat,Speaker,75,3,225,15
3038,26-Apr-2018,37,Chrismas Coupon,Master Card,Raj,India,Salalah,Keyboard,100,1,100,10
3039,27-Apr-2018,40,Loyalty Coupon,Stripe,Ramzan,Oman,Muscat,Mouse,50,2,100,5
3040,28-Apr-2018,44,Black Friday,Cheque,Kumayl,UAE,Salalah,Hard Disk,125,1,125,50
3041,29-Apr-2018,23,Chrismas Coupon,Cash,John,India,Muscat,Mother Board,4500,3,13500,225
3042,30-Apr-2018,47,Loyalty Coupon,Visa Card,Abdullah,Oman,Salalah,RAM,175,2,350,50
3043,01-May-2018,18,Black Friday,Master Card,David,UAE,Muscat,Mobile,1200,2,2400,200
3044,02-May-2018,38,Chrismas Coupon,Stripe,Nancy,India,Salalah,Laptop,4500,2,9000,250
3045,03-May-2018,56,Loyalty Coupon,Cheque,Raj,Oman,Muscat,Moniter,3000,3,9000,300
3046,04-May-2018,53,Black Friday,Cash,Ramzan,UAE,Salalah,Speaker,75,3,225,15
3047,05-May-2018,21,Chrismas Coupon,Visa Card,Kumayl,India,Muscat,Keyboard,100,1,100,10
3048,06-May-2018,51,Loyalty Coupon,Master Card,John,Oman,Salalah,Mouse,50,1,50,5
3049,07-May-2018,25,Black Friday,Stripe,Abdullah,UAE,Muscat,Hard Disk,125,2,250,50
3050,08-May-2018,21,Chrismas Coupon,Cheque,David,India,Salalah,Mother Board,4500,2,9000,225
3051,09-May-2018,30,Loyalty Coupon,Cash,Nancy,Oman,Muscat,RAM,175,2,350,50
3052,10-May-2018,48,Black Friday,Visa Card,Raj,UAE,Salalah,Mobile,1200,2,2400,200
3053,11-May-2018,60,Chrismas Coupon,Master Card,Ramzan,India,Muscat,Laptop,4500,1,4500,250
3054,12-May-2018,56,Loyalty Coupon,Stripe,Kumayl,Oman,Salalah,Moniter,3000,2,6000,300
3055,13-May-2018,24,Black Friday,Cheque,John,UAE,Muscat,Speaker,75,3,225,15
3056,14-May-2018,49,Chrismas Coupon,Cash,Abdullah,India,Salalah,Keyboard,100,3,300,10
3057,15-May-2018,22,Loyalty Coupon,Visa Card,David,Oman,Muscat,Mouse,50,2,100,5
3058,16-May-2018,58,Black Friday,Master Card,Nancy,UAE,Salalah,Hard Disk,125,1,125,50
3059,17-May-2018,53,Chrismas Coupon,Stripe,Raj,India,Muscat,Mother Board,4500,3,13500,225
3060,18-May-2018,44,Loyalty Coupon,Cheque,Ramzan,Oman,Salalah,RAM,175,1,175,50
3061,19-May-2018,26,Black Friday,Cash,Kumayl,UAE,Muscat,Mobile,1200,1,1200,200
3062,20-May-2018,55,Chrismas Coupon,Visa Card,John,India,Salalah,Laptop,4500,2,9000,250
3063,21-May-2018,35,Loyalty Coupon,Master Card,Abdullah,Oman,Muscat,Moniter,3000,2,6000,300
3064,22-May-2018,29,Black Friday,Stripe,David,UAE,Salalah,Speaker,75,2,150,15
3065,23-May-2018,33,Chrismas Coupon,Cheque,Nancy,India,Muscat,Keyboard,100,1,100,10
3066,24-May-2018,59,Loyalty Coupon,Cash,Raj,Oman,Salalah,Mouse,50,2,100,5
3067,25-May-2018,67,Black Friday,Visa Card,Ramzan,UAE,Muscat,Hard Disk,125,1,125,50
3068,26-May-2018,60,Chrismas Coupon,Master Card,Kumayl,India,Salalah,Mother Board,4500,3,13500,225
3069,27-May-2018,25,Loyalty Coupon,Stripe,John,Oman,Muscat,RAM,175,2,350,50
3070,28-May-2018,33,Black Friday,Cheque,Abdullah,UAE,Salalah,Mobile,1200,2,2400,200
3071,29-May-2018,47,Chrismas Coupon,Cash,David,India,Muscat,Laptop,4500,2,9000,250
3072,30-May-2018,64,Loyalty Coupon,Visa Card,Nancy,Oman,Salalah,Moniter,3000,2,6000,300
3073,31-May-2018,18,Black Friday,Master Card,Raj,UAE,Muscat,Speaker,75,2,150,15
3074,01-Jun-2018,57,Chrismas Coupon,Stripe,Ramzan,India,Salalah,Keyboard,100,3,300,10
3075,02-Jun-2018,27,Loyalty Coupon,Cheque,Kumayl,Oman,Muscat,Mouse,50,2,100,5
3076,03-Jun-2018,61,Black Friday,Cash,John,UAE,Salalah,Hard Disk,125,2,250,50
3077,04-Jun-2018,21,Chrismas Coupon,Visa Card,Abdullah,India,Muscat,Mother Board,4500,3,13500,225
3078,05-Jun-2018,30,Loyalty Coupon,Master Card,David,Oman,Salalah,RAM,175,1,175,50
3079,06-Jun-2018,51,Black Friday,Stripe,Nancy,UAE,Muscat,Mobile,1200,3,3600,200
3080,07-Jun-2018,35,Chrismas Coupon,Cheque,Raj,India,Salalah,Laptop,4500,2,9000,250
3081,08-Jun-2018,47,Loyalty Coupon,Cash,Ramzan,Oman,Muscat,Moniter,3000,3,9000,300
3082,09-Jun-2018,49,Black Friday,Visa Card,Kumayl,UAE,Salalah,Speaker,75,3,225,15
3083,10-Jun-2018,56,Chrismas Coupon,Master Card,John,India,Muscat,Keyboard,100,2,200,10
3084,11-Jun-2018,38,Loyalty Coupon,Stripe,Abdullah,Oman,Salalah,Mouse,50,3,150,5
3085,12-Jun-2018,68,Black Friday,Cheque,David,UAE,Muscat,Hard Disk,125,1,125,50
3086,13-Jun-2018,69,Chrismas Coupon,Cash,Nancy,India,Salalah,Mother Board,4500,2,9000,225
3087,14-Jun-2018,70,Loyalty Coupon,Visa Card,Raj,Oman,Muscat,RAM,175,3,525,50
3088,15-Jun-2018,58,Black Friday,Master Card,Ramzan,UAE,Salalah,Mobile,1200,3,3600,200
3089,16-Jun-2018,20,Chrismas Coupon,Stripe,Kumayl,India,Muscat,Laptop,4500,1,4500,250
3090,17-Jun-2018,21,Loyalty Coupon,Cheque,John,Oman,Salalah,Moniter,3000,1,3000,300
3091,18-Jun-2018,18,Black Friday,Cash,Abdullah,UAE,Muscat,Speaker,75,3,225,15
3092,19-Jun-2018,42,Chrismas Coupon,Visa Card,David,India,Salalah,Keyboard,100,2,200,10
3093,20-Jun-2018,34,Loyalty Coupon,Master Card,Nancy,Oman,Muscat,Mouse,50,3,150,5
3094,21-Jun-2018,63,Black Friday,Stripe,Raj,UAE,Salalah,Hard Disk,125,3,375,50
3095,22-Jun-2018,41,Chrismas Coupon,Cheque,Ramzan,India,Muscat,Mother Board,4500,3,13500,225
3096,23-Jun-2018,65,Loyalty Coupon,Cash,Kumayl,Oman,Salalah,RAM,175,3,525,50
3097,24-Jun-2018,32,Black Friday,Visa Card,John,UAE,Muscat,Mobile,1200,3,3600,200
3098,25-Jun-2018,22,Chrismas Coupon,Master Card,Abdullah,India,Salalah,Laptop,4500,3,13500,250
3099,26-Jun-2018,35,Loyalty Coupon,Stripe,David,Oman,Muscat,Moniter,3000,1,3000,300
3100,27-Jun-2018,53,Black Friday,Cheque,Nancy,UAE,Salalah,Speaker,75,1,75,15
3101,28-Jun-2018,18,Chrismas Coupon,Cash,Raj,India,Muscat,Keyboard,100,1,100,10
3102,29-Jun-2018,54,Loyalty Coupon,Visa Card,Ramzan,Oman,Salalah,Mouse,50,3,150,5
3103,30-Jun-2018,65,Black Friday,Master Card,Kumayl,UAE,Muscat,Hard Disk,125,2,250,50
3104,01-Jul-2018,69,Chrismas Coupon,Stripe,John,India,Salalah,Mother Board,4500,1,4500,225
3105,02-Jul-2018,29,Loyalty Coupon,Cheque,Abdullah,Oman,Muscat,RAM,175,2,350,50
3106,03-Jul-2018,57,Black Friday,Cash,David,UAE,Salalah,Mobile,1200,2,2400,200
3107,04-Jul-2018,55,Chrismas Coupon,Visa Card,Nancy,India,Muscat,Laptop,4500,3,13500,250
3108,05-Jul-2018,59,Loyalty Coupon,Master Card,Raj,Oman,Salalah,Moniter,3000,3,9000,300
3109,06-Jul-2018,31,Black Friday,Stripe,Ramzan,UAE,Muscat,Speaker,75,2,150,15
3110,07-Jul-2018,59,Chrismas Coupon,Cheque,Kumayl,India,Salalah,Keyboard,100,2,200,10
3111,08-Jul-2018,48,Loyalty Coupon,Cash,John,Oman,Muscat,Mouse,50,1,50,5
3112,09-Jul-2018,21,Black Friday,Visa Card,Abdullah,UAE,Salalah,Hard Disk,125,3,375,50
3113,10-Jul-2018,56,Chrismas Coupon,Master Card,David,India,Muscat,Mother Board,4500,3,13500,225
3114,11-Jul-2018,64,Loyalty Coupon,Stripe,Nancy,Oman,Salalah,RAM,175,1,175,50
3115,12-Jul-2018,60,Black Friday,Cheque,Raj,UAE,Muscat,Mobile,1200,1,1200,200
3116,13-Jul-2018,22,Chrismas Coupon,Cash,Ramzan,India,Salalah,Laptop,4500,3,13500,250
3117,14-Jul-2018,55,Loyalty Coupon,Visa Card,Kumayl,Oman,Muscat,Moniter,3000,2,6000,300
3118,15-Jul-2018,64,Black Friday,Master Card,John,UAE,Salalah,Speaker,75,3,225,15
3119,16-Jul-2018,47,Chrismas Coupon,Stripe,Abdullah,India,Muscat,Keyboard,100,2,200,10
3120,17-Jul-2018,58,Loyalty Coupon,Cheque,David,Oman,Salalah,Mouse,50,2,100,5
3121,18-Jul-2018,25,Black Friday,Cash,Nancy,UAE,Muscat,Hard Disk,125,3,375,50
3122,19-Jul-2018,44,Chrismas Coupon,Visa Card,Raj,India,Salalah,Mother Board,4500,3,13500,225
3123,20-Jul-2018,50,Loyalty Coupon,Master Card,Ramzan,Oman,Muscat,RAM,175,2,350,50
3124,21-Jul-2018,19,Black Friday,Stripe,Kumayl,UAE,Salalah,Mobile,1200,2,2400,200
3125,22-Jul-2018,42,Chrismas Coupon,Cheque,John,India,Muscat,Laptop,4500,2,9000,250
3126,23-Jul-2018,63,Loyalty Coupon,Cash,Abdullah,Oman,Salalah,Moniter,3000,1,3000,300
3127,24-Jul-2018,60,Black Friday,Visa Card,David,UAE,Muscat,Speaker,75,3,225,15
3128,25-Jul-2018,35,Chrismas Coupon,Master Card,Nancy,India,Salalah,Keyboard,100,1,100,10
3129,26-Jul-2018,51,Loyalty Coupon,Stripe,Raj,Oman,Muscat,Mouse,50,2,100,5
3130,27-Jul-2018,43,Black Friday,Cheque,Ramzan,UAE,Salalah,Hard Disk,125,3,375,50
3131,28-Jul-2018,64,Chrismas Coupon,Cash,Kumayl,India,Muscat,Mother Board,4500,3,13500,225
3132,29-Jul-2018,47,Loyalty Coupon,Visa Card,John,Oman,Salalah,RAM,175,3,525,50
3133,30-Jul-2018,18,Black Friday,Master Card,Abdullah,UAE,Muscat,Mobile,1200,1,1200,200
3134,31-Jul-2018,21,Chrismas Coupon,Stripe,David,India,Salalah,Laptop,4500,2,9000,250
3135,01-Aug-2018,55,Loyalty Coupon,Cheque,Nancy,Oman,Muscat,Moniter,3000,2,6000,300
3136,02-Aug-2018,55,Black Friday,Cash,Raj,UAE,Salalah,Speaker,75,2,150,15
3137,03-Aug-2018,69,Chrismas Coupon,Visa Card,Ramzan,India,Muscat,Keyboard,100,3,300,10
3138,04-Aug-2018,49,Loyalty Coupon,Master Card,Kumayl,Oman,Salalah,Mouse,50,3,150,5
3139,05-Aug-2018,28,Black Friday,Stripe,John,UAE,Muscat,Hard Disk,125,3,375,50
3140,06-Aug-2018,60,Chrismas Coupon,Cheque,Abdullah,India,Salalah,Mother Board,4500,1,4500,225
3141,07-Aug-2018,69,Loyalty Coupon,Cash,David,Oman,Muscat,RAM,175,3,525,50
3142,08-Aug-2018,64,Black Friday,Visa Card,Nancy,UAE,Salalah,Mobile,1200,1,1200,200
3143,09-Aug-2018,31,Chrismas Coupon,Master Card,Raj,India,Muscat,Laptop,4500,2,9000,250
3144,10-Aug-2018,53,Loyalty Coupon,Stripe,Ramzan,Oman,Salalah,Moniter,3000,1,3000,300
3145,11-Aug-2018,55,Black Friday,Cheque,Kumayl,UAE,Muscat,Speaker,75,1,75,15
3146,12-Aug-2018,69,Chrismas Coupon,Cash,John,India,Salalah,Keyboard,100,1,100,10
3147,13-Aug-2018,69,Loyalty Coupon,Visa Card,Abdullah,Oman,Muscat,Mouse,50,2,100,5
3148,14-Aug-2018,25,Black Friday,Master Card,David,UAE,Salalah,Hard Disk,125,1,125,50
3149,15-Aug-2018,31,Chrismas Coupon,Stripe,Nancy,India,Muscat,Mother Board,4500,3,13500,225
3150,16-Aug-2018,43,Loyalty Coupon,Cheque,Raj,Oman,Salalah,RAM,175,2,350,50
3151,17-Aug-2018,69,Black Friday,Cash,Ramzan,UAE,Muscat,Mobile,1200,1,1200,200
3152,18-Aug-2018,70,Chrismas Coupon,Visa Card,Kumayl,India,Salalah,Laptop,4500,3,13500,250
3153,19-Aug-2018,21,Loyalty Coupon,Master Card,John,Oman,Muscat,Moniter,3000,1,3000,300
3154,20-Aug-2018,18,Black Friday,Stripe,Abdullah,UAE,Salalah,Speaker,75,1,75,15
3155,21-Aug-2018,42,Chrismas Coupon,Cheque,David,India,Muscat,Keyboard,100,1,100,10
3156,22-Aug-2018,59,Loyalty Coupon,Cash,Nancy,Oman,Salalah,Mouse,50,1,50,5
3157,23-Aug-2018,31,Black Friday,Visa Card,Raj,UAE,Muscat,Hard Disk,125,1,125,50
3158,24-Aug-2018,31,Chrismas Coupon,Master Card,Ramzan,India,Salalah,Mother Board,4500,3,13500,225
3159,25-Aug-2018,36,Loyalty Coupon,Stripe,Kumayl,Oman,Muscat,RAM,175,1,175,50
3160,26-Aug-2018,70,Black Friday,Cheque,John,UAE,Salalah,Mobile,1200,2,2400,200
3161,27-Aug-2018,18,Chrismas Coupon,Cash,Abdullah,India,Muscat,Laptop,4500,1,4500,250
3162,28-Aug-2018,70,Loyalty Coupon,Visa Card,David,Oman,Salalah,Moniter,3000,1,3000,300
3163,29-Aug-2018,54,Black Friday,Master Card,Nancy,UAE,Muscat,Speaker,75,3,225,15
3164,30-Aug-2018,27,Chrismas Coupon,Stripe,Raj,India,Salalah,Keyboard,100,2,200,10
3165,31-Aug-2018,20,Loyalty Coupon,Cheque,Ramzan,Oman,Muscat,Mouse,50,1,50,5
3166,01-Sep-2018,34,Black Friday,Cash,Kumayl,UAE,Salalah,Hard Disk,125,2,250,50
3167,02-Sep-2018,29,Chrismas Coupon,Visa Card,John,India,Muscat,Mother Board,4500,3,13500,225
3168,03-Sep-2018,70,Loyalty Coupon,Master Card,Abdullah,Oman,Salalah,RAM,175,3,525,50
3169,04-Sep-2018,36,Black Friday,Stripe,David,UAE,Muscat,Mobile,1200,2,2400,200
3170,05-Sep-2018,39,Chrismas Coupon,Cheque,Nancy,India,Salalah,Laptop,4500,2,9000,250
3171,06-Sep-2018,43,Loyalty Coupon,Cash,Raj,Oman,Muscat,Moniter,3000,2,6000,300
3172,07-Sep-2018,48,Black Friday,Visa Card,Ramzan,UAE,Salalah,Speaker,75,3,225,15
3173,08-Sep-2018,47,Chrismas Coupon,Master Card,Kumayl,India,Muscat,Keyboard,100,1,100,10
3174,09-Sep-2018,45,Loyalty Coupon,Stripe,John,Oman,Salalah,Mouse,50,3,150,5
3175,10-Sep-2018,31,Black Friday,Cheque,Abdullah,UAE,Muscat,Hard Disk,125,3,375,50
3176,11-Sep-2018,40,Chrismas Coupon,Cash,David,India,Salalah,Mother Board,4500,1,4500,225
3177,12-Sep-2018,21,Loyalty Coupon,Visa Card,Nancy,Oman,Muscat,RAM,175,1,175,50
3178,13-Sep-2018,52,Black Friday,Master Card,Raj,UAE,Salalah,Mobile,1200,3,3600,200
3179,14-Sep-2018,68,Chrismas Coupon,Stripe,Ramzan,India,Muscat,Laptop,4500,2,9000,250
3180,15-Sep-2018,59,Loyalty Coupon,Cheque,Kumayl,Oman,Salalah,Moniter,3000,3,9000,300
3181,16-Sep-2018,70,Black Friday,Cash,John,UAE,Muscat,Speaker,75,3,225,15
3182,17-Sep-2018,50,Chrismas Coupon,Visa Card,Abdullah,India,Salalah,Keyboard,100,2,200,10
3183,18-Sep-2018,67,Loyalty Coupon,Master Card,David,Oman,Muscat,Mouse,50,2,100,5
3184,19-Sep-2018,65,Black Friday,Stripe,Nancy,UAE,Salalah,Hard Disk,125,2,250,50
3185,20-Sep-2018,27,Chrismas Coupon,Cheque,Raj,India,Muscat,Mother Board,4500,2,9000,225
3186,21-Sep-2018,68,Loyalty Coupon,Cash,Ramzan,Oman,Salalah,RAM,175,1,175,50
3187,22-Sep-2018,68,Black Friday,Visa Card,Kumayl,UAE,Muscat,Mobile,1200,2,2400,200
3188,23-Sep-2018,53,Chrismas Coupon,Master Card,John,India,Salalah,Laptop,4500,3,13500,250
3189,24-Sep-2018,26,Loyalty Coupon,Stripe,Abdullah,Oman,Muscat,Moniter,3000,3,9000,300
3190,25-Sep-2018,27,Black Friday,Cheque,David,UAE,Salalah,Speaker,75,2,150,15
3191,26-Sep-2018,24,Chrismas Coupon,Cash,Nancy,India,Muscat,Keyboard,100,1,100,10
3192,27-Sep-2018,24,Loyalty Coupon,Visa Card,Raj,Oman,Salalah,Mouse,50,3,150,5
3193,28-Sep-2018,34,Black Friday,Master Card,Ramzan,UAE,Muscat,Hard Disk,125,1,125,50
3194,29-Sep-2018,35,Chrismas Coupon,Stripe,Kumayl,India,Salalah,Mother Board,4500,1,4500,225
3195,30-Sep-2018,48,Loyalty Coupon,Cheque,John,Oman,Muscat,RAM,175,1,175,50
3196,01-Oct-2018,23,Black Friday,Cash,Abdullah,UAE,Salalah,Mobile,1200,2,2400,200
3197,02-Oct-2018,64,Chrismas Coupon,Visa Card,David,India,Muscat,Laptop,4500,2,9000,250
3198,03-Oct-2018,57,Loyalty Coupon,Master Card,Nancy,Oman,Salalah,Moniter,3000,1,3000,300
3199,04-Oct-2018,37,Black Friday,Stripe,Raj,UAE,Muscat,Speaker,75,3,225,15
3200,05-Oct-2018,23,Chrismas Coupon,Cheque,Ramzan,India,Salalah,Keyboard,100,3,300,10
3201,06-Oct-2018,37,Loyalty Coupon,Cash,Kumayl,Oman,Muscat,Mouse,50,2,100,5
3202,07-Oct-2018,32,Black Friday,Visa Card,John,UAE,Salalah,Hard Disk,125,2,250,50
3203,08-Oct-2018,19,Chrismas Coupon,Master Card,Abdullah,India,Muscat,Mother Board,4500,1,4500,225
3204,09-Oct-2018,43,Loyalty Coupon,Stripe,David,Oman,Salalah,RAM,175,2,350,50
3205,10-Oct-2018,49,Black Friday,Cheque,Nancy,UAE,Muscat,Mobile,1200,2,2400,200
3206,11-Oct-2018,59,Chrismas Coupon,Cash,Raj,India,Salalah,Laptop,4500,1,4500,250
3207,12-Oct-2018,44,Loyalty Coupon,Visa Card,Ramzan,Oman,Muscat,Moniter,3000,3,9000,300
3208,13-Oct-2018,52,Black Friday,Master Card,Kumayl,UAE,Salalah,Speaker,75,3,225,15
3209,14-Oct-2018,23,Chrismas Coupon,Stripe,John,India,Muscat,Keyboard,100,3,300,10
3210,15-Oct-2018,59,Loyalty Coupon,Cheque,Abdullah,Oman,Salalah,Mouse,50,3,150,5
3211,16-Oct-2018,30,Black Friday,Cash,David,UAE,Muscat,Hard Disk,125,1,125,50
3212,17-Oct-2018,46,Chrismas Coupon,Visa Card,Nancy,India,Salalah,Mother Board,4500,3,13500,225
3213,18-Oct-2018,41,Loyalty Coupon,Master Card,Raj,Oman,Muscat,RAM,175,2,350,50
3214,19-Oct-2018,28,Black Friday,Stripe,Ramzan,UAE,Salalah,Mobile,1200,3,3600,200
3215,20-Oct-2018,25,Chrismas Coupon,Cheque,Kumayl,India,Muscat,Laptop,4500,3,13500,250
3216,21-Oct-2018,20,Loyalty Coupon,Cash,John,Oman,Salalah,Moniter,3000,2,6000,300
3217,22-Oct-2018,19,Black Friday,Visa Card,Abdullah,UAE,Muscat,Speaker,75,3,225,15
3218,23-Oct-2018,55,Chrismas Coupon,Master Card,David,India,Salalah,Keyboard,100,3,300,10
3219,24-Oct-2018,23,Loyalty Coupon,Stripe,Nancy,Oman,Muscat,Mouse,50,3,150,5
3220,25-Oct-2018,33,Black Friday,Cheque,Raj,UAE,Salalah,Hard Disk,125,1,125,50
3221,26-Oct-2018,43,Chrismas Coupon,Cash,Ramzan,India,Muscat,Mother Board,4500,1,4500,225
3222,27-Oct-2018,65,Loyalty Coupon,Visa Card,Kumayl,Oman,Salalah,RAM,175,1,175,50
3223,28-Oct-2018,28,Black Friday,Master Card,John,UAE,Muscat,Mobile,1200,3,3600,200
3224,29-Oct-2018,49,Chrismas Coupon,Stripe,Abdullah,India,Salalah,Laptop,4500,2,9000,250
3225,30-Oct-2018,38,Loyalty Coupon,Cheque,David,Oman,Muscat,Moniter,3000,1,3000,300
3226,31-Oct-2018,36,Black Friday,Cash,Nancy,UAE,Salalah,Speaker,75,3,225,15
3227,01-Nov-2018,36,Chrismas Coupon,Visa Card,Raj,India,Muscat,Keyboard,100,2,200,10
3228,02-Nov-2018,44,Loyalty Coupon,Master Card,Ramzan,Oman,Salalah,Mouse,50,3,150,5
3229,03-Nov-2018,58,Black Friday,Stripe,Kumayl,UAE,Muscat,Hard Disk,125,2,250,50
3230,04-Nov-2018,45,Chrismas Coupon,Cheque,John,India,Salalah,Mother Board,4500,3,13500,225
3231,05-Nov-2018,45,Loyalty Coupon,Cash,Abdullah,Oman,Muscat,RAM,175,1,175,50
3232,06-Nov-2018,51,Black Friday,Visa Card,David,UAE,Salalah,Mobile,1200,1,1200,200
3233,07-Nov-2018,54,Chrismas Coupon,Master Card,Nancy,India,Muscat,Laptop,4500,3,13500,250
3234,08-Nov-2018,22,Loyalty Coupon,Stripe,Raj,Oman,Salalah,Moniter,3000,3,9000,300
3235,09-Nov-2018,43,Black Friday,Cheque,Ramzan,UAE,Muscat,Speaker,75,1,75,15
3236,10-Nov-2018,69,Chrismas Coupon,Cash,Kumayl,India,Salalah,Keyboard,100,2,200,10
3237,11-Nov-2018,39,Loyalty Coupon,Visa Card,John,Oman,Muscat,Mouse,50,2,100,5
3238,12-Nov-2018,66,Black Friday,Master Card,Abdullah,UAE,Salalah,Hard Disk,125,3,375,50
3239,13-Nov-2018,68,Chrismas Coupon,Stripe,David,India,Muscat,Mother Board,4500,2,9000,225
3240,14-Nov-2018,30,Loyalty Coupon,Cheque,Nancy,Oman,Salalah,RAM,175,2,350,50
3241,15-Nov-2018,31,Black Friday,Cash,Raj,UAE,Muscat,Mobile,1200,2,2400,200
3242,16-Nov-2018,39,Chrismas Coupon,Visa Card,Ramzan,India,Salalah,Laptop,4500,2,9000,250
3243,17-Nov-2018,37,Loyalty Coupon,Master Card,Kumayl,Oman,Muscat,Moniter,3000,1,3000,300
3244,18-Nov-2018,48,Black Friday,Stripe,John,UAE,Salalah,Speaker,75,3,225,15
3245,19-Nov-2018,22,Chrismas Coupon,Cheque,Abdullah,India,Muscat,Keyboard,100,1,100,10
3246,20-Nov-2018,18,Loyalty Coupon,Cash,David,Oman,Salalah,Mouse,50,3,150,5
3247,21-Nov-2018,61,Black Friday,Visa Card,Nancy,UAE,Muscat,Hard Disk,125,1,125,50
3248,22-Nov-2018,31,Chrismas Coupon,Master Card,Raj,India,Salalah,Mother Board,4500,1,4500,225
3249,23-Nov-2018,67,Loyalty Coupon,Stripe,Ramzan,Oman,Muscat,RAM,175,3,525,50
3250,24-Nov-2018,60,Black Friday,Cheque,Kumayl,UAE,Salalah,Mobile,1200,2,2400,200
3251,25-Nov-2018,40,Chrismas Coupon,Cash,John,India,Muscat,Laptop,4500,2,9000,250
3252,26-Nov-2018,46,Loyalty Coupon,Visa Card,Abdullah,Oman,Salalah,Moniter,3000,1,3000,300
3253,27-Nov-2018,43,Black Friday,Master Card,David,UAE,Muscat,Speaker,75,1,75,15
3254,28-Nov-2018,36,Chrismas Coupon,Stripe,Nancy,India,Salalah,Keyboard,100,1,100,10
3255,29-Nov-2018,59,Loyalty Coupon,Cheque,Raj,Oman,Muscat,Mouse,50,1,50,5
3256,30-Nov-2018,48,Black Friday,Cash,Ramzan,UAE,Salalah,Hard Disk,125,1,125,50
3257,01-Dec-2018,61,Chrismas Coupon,Visa Card,Kumayl,India,Muscat,Mother Board,4500,3,13500,225
3258,02-Dec-2018,46,Loyalty Coupon,Master Card,John,Oman,Salalah,RAM,175,2,350,50
3259,03-Dec-2018,21,Black Friday,Stripe,Abdullah,UAE,Muscat,Mobile,1200,1,1200,200
3260,04-Dec-2018,70,Chrismas Coupon,Cheque,David,India,Salalah,Laptop,4500,3,13500,250
3261,05-Dec-2018,46,Loyalty Coupon,Cash,Nancy,Oman,Muscat,Moniter,3000,1,3000,300
3262,06-Dec-2018,44,Black Friday,Visa Card,Raj,UAE,Salalah,Speaker,75,2,150,15
3263,07-Dec-2018,53,Chrismas Coupon,Master Card,Ramzan,India,Muscat,Keyboard,100,3,300,10
3264,08-Dec-2018,34,Loyalty Coupon,Stripe,Kumayl,Oman,Salalah,Mouse,50,3,150,5
3265,09-Dec-2018,65,Black Friday,Cheque,John,UAE,Muscat,Hard Disk,125,2,250,50
3266,10-Dec-2018,38,Chrismas Coupon,Cash,Abdullah,India,Salalah,Mother Board,4500,2,9000,225
3267,11-Dec-2018,67,Loyalty Coupon,Visa Card,David,Oman,Muscat,RAM,175,1,175,50
3268,12-Dec-2018,51,Black Friday,Master Card,Nancy,UAE,Salalah,Mobile,1200,2,2400,200
3269,13-Dec-2018,56,Chrismas Coupon,Stripe,Raj,India,Muscat,Laptop,4500,3,13500,250
3270,14-Dec-2018,41,Loyalty Coupon,Cheque,Ramzan,Oman,Salalah,Moniter,3000,3,9000,300
3271,15-Dec-2018,18,Black Friday,Cash,Kumayl,UAE,Muscat,Speaker,75,3,225,15
3272,16-Dec-2018,68,Chrismas Coupon,Visa Card,John,India,Salalah,Keyboard,100,1,100,10
3273,17-Dec-2018,50,Loyalty Coupon,Master Card,Abdullah,Oman,Muscat,Mouse,50,2,100,5
3274,18-Dec-2018,38,Black Friday,Stripe,David,UAE,Salalah,Hard Disk,125,3,375,50
3275,19-Dec-2018,51,Chrismas Coupon,Cheque,Nancy,India,Muscat,Mother Board,4500,3,13500,225
3276,20-Dec-2018,26,Loyalty Coupon,Cash,Raj,Oman,Salalah,RAM,175,2,350,50
3277,21-Dec-2018,22,Black Friday,Visa Card,Ramzan,UAE,Muscat,Mobile,1200,1,1200,200
3278,22-Dec-2018,37,Chrismas Coupon,Master Card,Kumayl,India,Salalah,Laptop,4500,1,4500,250
3279,23-Dec-2018,33,Loyalty Coupon,Stripe,John,Oman,Muscat,Moniter,3000,3,9000,300
3280,24-Dec-2018,27,Black Friday,Cheque,Abdullah,UAE,Salalah,Speaker,75,2,150,15
3281,25-Dec-2018,33,Chrismas Coupon,Cash,David,India,Muscat,Keyboard,100,1,100,10
3282,26-Dec-2018,53,Loyalty Coupon,Visa Card,Nancy,Oman,Salalah,Mouse,50,1,50,5
3283,27-Dec-2018,48,Black Friday,Master Card,Raj,UAE,Muscat,Hard Disk,125,2,250,50
3284,28-Dec-2018,60,Chrismas Coupon,Stripe,Ramzan,India,Salalah,Mother Board,4500,2,9000,225
3285,29-Dec-2018,53,Loyalty Coupon,Cheque,Kumayl,Oman,Muscat,RAM,175,3,525,50
3286,30-Dec-2018,67,Black Friday,Cash,John,UAE,Salalah,Mobile,1200,3,3600,200
3287,31-Dec-2018,54,Chrismas Coupon,Visa Card,Abdullah,India,Muscat,Laptop,4500,3,13500,250
3288,01-Jan-2019,34,Loyalty Coupon,Master Card,David,Oman,Salalah,Moniter,3000,1,3000,300
3289,02-Jan-2019,33,Black Friday,Stripe,Nancy,UAE,Muscat,Speaker,75,1,75,15
3290,03-Jan-2019,41,Chrismas Coupon,Cheque,Raj,India,Salalah,Keyboard,100,1,100,10
3291,04-Jan-2019,63,Loyalty Coupon,Cash,Ramzan,Oman,Muscat,Mouse,50,1,50,5
3292,05-Jan-2019,22,Black Friday,Visa Card,Kumayl,UAE,Salalah,Hard Disk,125,1,125,50
3293,06-Jan-2019,53,Chrismas Coupon,Master Card,John,India,Muscat,Mother Board,4500,1,4500,225
3294,07-Jan-2019,35,Loyalty Coupon,Stripe,Abdullah,Oman,Salalah,RAM,175,1,175,50
3295,08-Jan-2019,33,Black Friday,Cheque,David,UAE,Muscat,Mobile,1200,1,1200,200
3296,09-Jan-2019,46,Chrismas Coupon,Cash,Nancy,India,Salalah,Laptop,4500,1,4500,250
3297,10-Jan-2019,52,Loyalty Coupon,Visa Card,Raj,Oman,Muscat,Moniter,3000,1,3000,300
3298,11-Jan-2019,55,Black Friday,Master Card,Ramzan,UAE,Salalah,Speaker,75,1,75,15
3299,12-Jan-2019,31,Chrismas Coupon,Stripe,Kumayl,India,Muscat,Keyboard,100,1,100,10
3300,13-Jan-2019,34,Loyalty Coupon,Cheque,John,Oman,Salalah,Mouse,50,1,50,5
3301,14-Jan-2019,28,Black Friday,Cash,Abdullah,UAE,Muscat,Hard Disk,125,1,125,50
3302,15-Jan-2019,66,Chrismas Coupon,Visa Card,David,India,Salalah,Mother Board,4500,1,4500,225
3303,16-Jan-2019,59,Loyalty Coupon,Master Card,Nancy,Oman,Muscat,RAM,175,1,175,50
3304,17-Jan-2019,25,Black Friday,Stripe,Raj,UAE,Salalah,Mobile,1200,1,1200,200
3305,18-Jan-2019,26,Chrismas Coupon,Cheque,Ramzan,India,Muscat,Laptop,4500,1,4500,250
3306,19-Jan-2019,36,Loyalty Coupon,Cash,Kumayl,Oman,Salalah,Moniter,3000,1,3000,300
3307,20-Jan-2019,45,Black Friday,Visa Card,John,UAE,Muscat,Speaker,75,1,75,15
3308,21-Jan-2019,46,Chrismas Coupon,Master Card,Abdullah,India,Salalah,Keyboard,100,1,100,10
3309,22-Jan-2019,52,Loyalty Coupon,Stripe,David,Oman,Muscat,Mouse,50,1,50,5
3310,23-Jan-2019,68,Black Friday,Cheque,Nancy,UAE,Salalah,Hard Disk,125,1,125,50
3311,24-Jan-2019,32,Chrismas Coupon,Cash,Raj,India,Muscat,Mother Board,4500,1,4500,225
3312,25-Jan-2019,51,Loyalty Coupon,Visa Card,Ramzan,Oman,Salalah,RAM,175,1,175,50
3313,26-Jan-2019,20,Black Friday,Master Card,Kumayl,UAE,Muscat,Mobile,1200,1,1200,200
3314,27-Jan-2019,22,Chrismas Coupon,Stripe,John,India,Salalah,Laptop,4500,1,4500,250
3315,28-Jan-2019,21,Loyalty Coupon,Cheque,Abdullah,Oman,Muscat,Moniter,3000,1,3000,300
3316,29-Jan-2019,29,Black Friday,Cash,David,UAE,Salalah,Speaker,75,1,75,15
3317,30-Jan-2019,53,Chrismas Coupon,Visa Card,Nancy,India,Muscat,Keyboard,100,1,100,10
3318,31-Jan-2019,24,Loyalty Coupon,Master Card,Raj,Oman,Salalah,Mouse,50,1,50,5
3319,01-Feb-2019,66,Black Friday,Stripe,Ramzan,UAE,Muscat,Hard Disk,125,1,125,50
3320,02-Feb-2019,21,Chrismas Coupon,Cheque,Kumayl,India,Salalah,Mother Board,4500,1,4500,225
3321,03-Feb-2019,67,Loyalty Coupon,Cash,John,Oman,Muscat,RAM,175,1,175,50
3322,04-Feb-2019,60,Black Friday,Visa Card,Abdullah,UAE,Salalah,Mobile,1200,1,1200,200
3323,05-Feb-2019,44,Chrismas Coupon,Master Card,David,India,Muscat,Laptop,4500,1,4500,250
3324,06-Feb-2019,25,Loyalty Coupon,Stripe,Nancy,Oman,Salalah,Moniter,3000,1,3000,300
3325,07-Feb-2019,37,Black Friday,Cheque,Raj,UAE,Muscat,Speaker,75,1,75,15
3326,08-Feb-2019,20,Chrismas Coupon,Cash,Ramzan,India,Salalah,Keyboard,100,1,100,10
3327,09-Feb-2019,36,Loyalty Coupon,Visa Card,Kumayl,Oman,Muscat,Mouse,50,1,50,5
3328,10-Feb-2019,35,Black Friday,Master Card,John,UAE,Salalah,Hard Disk,125,1,125,50
3329,11-Feb-2019,21,Chrismas Coupon,Stripe,Abdullah,India,Muscat,Mother Board,4500,1,4500,225
3330,12-Feb-2019,23,Loyalty Coupon,Cheque,David,Oman,Salalah,RAM,175,1,175,50
3331,13-Feb-2019,26,Black Friday,Cash,Nancy,UAE,Muscat,Mobile,1200,1,1200,200
3332,14-Feb-2019,47,Chrismas Coupon,Visa Card,Raj,India,Salalah,Laptop,4500,1,4500,250
3333,15-Feb-2019,26,Loyalty Coupon,Master Card,Ramzan,Oman,Muscat,Moniter,3000,1,3000,300
3334,16-Feb-2019,20,Black Friday,Stripe,Kumayl,UAE,Salalah,Speaker,75,1,75,15
3335,17-Feb-2019,40,Chrismas Coupon,Cheque,John,India,Muscat,Keyboard,100,1,100,10
3336,18-Feb-2019,65,Loyalty Coupon,Cash,Abdullah,Oman,Salalah,Mouse,50,1,50,5
3337,19-Feb-2019,48,Black Friday,Visa Card,David,UAE,Muscat,Hard Disk,125,1,125,50
3338,20-Feb-2019,28,Chrismas Coupon,Master Card,Nancy,India,Salalah,Mother Board,4500,1,4500,225
3339,21-Feb-2019,67,Loyalty Coupon,Stripe,Raj,Oman,Muscat,RAM,175,1,175,50
3340,22-Feb-2019,33,Black Friday,Cheque,Ramzan,UAE,Salalah,Mobile,1200,1,1200,200
3341,23-Feb-2019,64,Chrismas Coupon,Cash,Kumayl,India,Muscat,Laptop,4500,1,4500,250
3342,24-Feb-2019,62,Loyalty Coupon,Visa Card,John,Oman,Salalah,Moniter,3000,1,3000,300
3343,25-Feb-2019,60,Black Friday,Master Card,Abdullah,UAE,Muscat,Speaker,75,1,75,15
3344,26-Feb-2019,20,Chrismas Coupon,Stripe,David,India,Salalah,Keyboard,100,1,100,10
3345,27-Feb-2019,53,Loyalty Coupon,Cheque,Nancy,Oman,Muscat,Mouse,50,1,50,5
3346,28-Feb-2019,36,Black Friday,Cash,Raj,UAE,Salalah,Hard Disk,125,1,125,50
3347,01-Mar-2019,29,Chrismas Coupon,Visa Card,Ramzan,India,Muscat,Mother Board,4500,1,4500,225
3348,02-Mar-2019,62,Loyalty Coupon,Master Card,Kumayl,Oman,Salalah,RAM,175,1,175,50
3349,03-Mar-2019,61,Black Friday,Stripe,John,UAE,Muscat,Mobile,1200,1,1200,200
3350,04-Mar-2019,28,Chrismas Coupon,Cheque,Abdullah,India,Salalah,Laptop,4500,1,4500,250
3351,05-Mar-2019,49,Loyalty Coupon,Cash,David,Oman,Muscat,Moniter,3000,1,3000,300
3352,06-Mar-2019,55,Black Friday,Visa Card,Nancy,UAE,Salalah,Speaker,75,1,75,15
3353,07-Mar-2019,65,Chrismas Coupon,Master Card,Raj,India,Muscat,Keyboard,100,1,100,10
3354,08-Mar-2019,49,Loyalty Coupon,Stripe,Ramzan,Oman,Salalah,Mouse,50,1,50,5
3355,09-Mar-2019,46,Black Friday,Cheque,Kumayl,UAE,Muscat,Hard Disk,125,1,125,50
3356,10-Mar-2019,25,Chrismas Coupon,Cash,John,India,Salalah,Mother Board,4500,1,4500,225
3357,11-Mar-2019,49,Loyalty Coupon,Visa Card,Abdullah,Oman,Muscat,RAM,175,1,175,50
3358,12-Mar-2019,31,Black Friday,Master Card,David,UAE,Salalah,Mobile,1200,1,1200,200
3359,13-Mar-2019,63,Chrismas Coupon,Stripe,Nancy,India,Muscat,Laptop,4500,1,4500,250
3360,14-Mar-2019,47,Loyalty Coupon,Cheque,Raj,Oman,Salalah,Moniter,3000,1,3000,300
3361,15-Mar-2019,28,Black Friday,Cash,Ramzan,UAE,Muscat,Speaker,75,1,75,15
3362,16-Mar-2019,64,Chrismas Coupon,Visa Card,Kumayl,India,Salalah,Keyboard,100,1,100,10
3363,17-Mar-2019,38,Loyalty Coupon,Master Card,John,Oman,Muscat,Mouse,50,1,50,5
3364,18-Mar-2019,22,Black Friday,Stripe,Abdullah,UAE,Salalah,Hard Disk,125,1,125,50
3365,19-Mar-2019,30,Chrismas Coupon,Cheque,David,India,Muscat,Mother Board,4500,1,4500,225
3366,20-Mar-2019,33,Loyalty Coupon,Cash,Nancy,Oman,Salalah,RAM,175,1,175,50
3367,21-Mar-2019,52,Black Friday,Visa Card,Raj,UAE,Muscat,Mobile,1200,1,1200,200
3368,22-Mar-2019,59,Chrismas Coupon,Master Card,Ramzan,India,Salalah,Laptop,4500,1,4500,250
3369,23-Mar-2019,56,Loyalty Coupon,Stripe,Kumayl,Oman,Muscat,Moniter,3000,1,3000,300
3370,24-Mar-2019,28,Black Friday,Cheque,John,UAE,Salalah,Speaker,75,1,75,15
3371,25-Mar-2019,67,Chrismas Coupon,Cash,Abdullah,India,Muscat,Keyboard,100,1,100,10
3372,26-Mar-2019,60,Loyalty Coupon,Visa Card,David,Oman,Salalah,Mouse,50,1,50,5
3373,27-Mar-2019,62,Black Friday,Master Card,Nancy,UAE,Muscat,Hard Disk,125,1,125,50
3374,28-Mar-2019,32,Chrismas Coupon,Stripe,Raj,India,Salalah,Mother Board,4500,1,4500,225
3375,29-Mar-2019,60,Loyalty Coupon,Cheque,Ramzan,Oman,Muscat,RAM,175,1,175,50
3376,30-Mar-2019,32,Black Friday,Cash,Kumayl,UAE,Salalah,Mobile,1200,1,1200,200
3377,31-Mar-2019,34,Chrismas Coupon,Visa Card,John,India,Muscat,Laptop,4500,1,4500,250
3378,01-Apr-2019,39,Loyalty Coupon,Master Card,Abdullah,Oman,Salalah,Moniter,3000,1,3000,300
3379,02-Apr-2019,44,Black Friday,Stripe,David,UAE,Muscat,Speaker,75,1,75,15
3380,03-Apr-2019,52,Chrismas Coupon,Cheque,Nancy,India,Salalah,Keyboard,100,1,100,10
3381,04-Apr-2019,53,Loyalty Coupon,Cash,Raj,Oman,Muscat,Mouse,50,1,50,5
3382,05-Apr-2019,19,Black Friday,Visa Card,Ramzan,UAE,Salalah,Hard Disk,125,1,125,50
3383,06-Apr-2019,24,Chrismas Coupon,Master Card,Kumayl,India,Muscat,Mother Board,4500,1,4500,225
3384,07-Apr-2019,50,Loyalty Coupon,Stripe,John,Oman,Salalah,RAM,175,1,175,50
3385,08-Apr-2019,57,Black Friday,Cheque,Abdullah,UAE,Muscat,Mobile,1200,1,1200,200
3386,09-Apr-2019,43,Chrismas Coupon,Cash,David,India,Salalah,Laptop,4500,1,4500,250
3387,10-Apr-2019,56,Loyalty Coupon,Visa Card,Nancy,Oman,Muscat,Moniter,3000,1,3000,300
3388,11-Apr-2019,68,Black Friday,Master Card,Raj,UAE,Salalah,Speaker,75,1,75,15
3389,12-Apr-2019,50,Chrismas Coupon,Stripe,Ramzan,India,Muscat,Keyboard,100,1,100,10
3390,13-Apr-2019,41,Loyalty Coupon,Cheque,Kumayl,Oman,Salalah,Mouse,50,1,50,5
3391,14-Apr-2019,34,Black Friday,Cash,John,UAE,Muscat,Hard Disk,125,1,125,50
3392,15-Apr-2019,54,Chrismas Coupon,Visa Card,Abdullah,India,Salalah,Mother Board,4500,1,4500,225
3393,16-Apr-2019,47,Loyalty Coupon,Master Card,David,Oman,Muscat,RAM,175,1,175,50
3394,17-Apr-2019,50,Black Friday,Stripe,Nancy,UAE,Salalah,Mobile,1200,1,1200,200
3395,18-Apr-2019,61,Chrismas Coupon,Cheque,Raj,India,Muscat,Laptop,4500,1,4500,250
3396,19-Apr-2019,66,Loyalty Coupon,Cash,Ramzan,Oman,Salalah,Moniter,3000,1,3000,300
3397,20-Apr-2019,64,Black Friday,Visa Card,Kumayl,UAE,Muscat,Speaker,75,1,75,15
3398,21-Apr-2019,68,Chrismas Coupon,Master Card,John,India,Salalah,Keyboard,100,1,100,10
3399,22-Apr-2019,70,Loyalty Coupon,Stripe,Abdullah,Oman,Muscat,Mouse,50,1,50,5
3400,23-Apr-2019,23,Black Friday,Cheque,David,UAE,Salalah,Hard Disk,125,1,125,50
3401,24-Apr-2019,51,Chrismas Coupon,Cash,Nancy,India,Muscat,Mother Board,4500,1,4500,225
3402,25-Apr-2019,47,Loyalty Coupon,Visa Card,Raj,Oman,Salalah,RAM,175,1,175,50
3403,26-Apr-2019,49,Black Friday,Master Card,Ramzan,UAE,Muscat,Mobile,1200,1,1200,200
3404,27-Apr-2019,25,Chrismas Coupon,Stripe,Kumayl,India,Salalah,Laptop,4500,1,4500,250
3405,28-Apr-2019,31,Loyalty Coupon,Cheque,John,Oman,Muscat,Moniter,3000,1,3000,300
3406,29-Apr-2019,37,Black Friday,Cash,Abdullah,UAE,Salalah,Speaker,75,1,75,15
3407,30-Apr-2019,60,Chrismas Coupon,Visa Card,David,India,Muscat,Keyboard,100,1,100,10
3408,01-May-2019,19,Loyalty Coupon,Master Card,Nancy,Oman,Salalah,Mouse,50,1,50,5
3409,02-May-2019,56,Black Friday,Stripe,Raj,UAE,Muscat,Hard Disk,125,1,125,50
3410,03-May-2019,38,Chrismas Coupon,Cheque,Ramzan,India,Salalah,Mother Board,4500,1,4500,225
3411,04-May-2019,30,Loyalty Coupon,Cash,Kumayl,Oman,Muscat,RAM,175,1,175,50
3412,05-May-2019,35,Black Friday,Visa Card,John,UAE,Salalah,Mobile,1200,1,1200,200
3413,06-May-2019,30,Chrismas Coupon,Master Card,Abdullah,India,Muscat,Laptop,4500,1,4500,250
3414,07-May-2019,39,Loyalty Coupon,Stripe,David,Oman,Salalah,Moniter,3000,1,3000,300
3415,08-May-2019,25,Black Friday,Cheque,Nancy,UAE,Muscat,Speaker,75,1,75,15
3416,09-May-2019,50,Chrismas Coupon,Cash,Raj,India,Salalah,Keyboard,100,1,100,10
3417,10-May-2019,50,Loyalty Coupon,Visa Card,Ramzan,Oman,Muscat,Mouse,50,1,50,5
3418,11-May-2019,29,Black Friday,Master Card,Kumayl,UAE,Salalah,Hard Disk,125,1,125,50
3419,12-May-2019,32,Chrismas Coupon,Stripe,John,India,Muscat,Mother Board,4500,1,4500,225
3420,13-May-2019,58,Loyalty Coupon,Cheque,Abdullah,Oman,Salalah,RAM,175,1,175,50
3421,14-May-2019,55,Black Friday,Cash,David,UAE,Muscat,Mobile,1200,1,1200,200
3422,15-May-2019,24,Chrismas Coupon,Visa Card,Nancy,India,Salalah,Laptop,4500,1,4500,250
3423,16-May-2019,44,Loyalty Coupon,Master Card,Raj,Oman,Muscat,Moniter,3000,1,3000,300
3424,17-May-2019,59,Black Friday,Stripe,Ramzan,UAE,Salalah,Speaker,75,1,75,15
3425,18-May-2019,28,Chrismas Coupon,Cheque,Kumayl,India,Muscat,Keyboard,100,1,100,10
3426,19-May-2019,49,Loyalty Coupon,Cash,John,Oman,Salalah,Mouse,50,1,50,5
3427,20-May-2019,56,Black Friday,Visa Card,Abdullah,UAE,Muscat,Hard Disk,125,1,125,50
3428,21-May-2019,37,Chrismas Coupon,Master Card,David,India,Salalah,Mother Board,4500,1,4500,225
3429,22-May-2019,28,Loyalty Coupon,Stripe,Nancy,Oman,Muscat,RAM,175,1,175,50
3430,23-May-2019,25,Black Friday,Cheque,Raj,UAE,Salalah,Mobile,1200,1,1200,200
3431,24-May-2019,19,Chrismas Coupon,Cash,Ramzan,India,Muscat,Laptop,4500,1,4500,250
3432,25-May-2019,38,Loyalty Coupon,Visa Card,Kumayl,Oman,Salalah,Moniter,3000,1,3000,300
3433,26-May-2019,41,Black Friday,Master Card,John,UAE,Muscat,Speaker,75,1,75,15
3434,27-May-2019,58,Chrismas Coupon,Stripe,Abdullah,India,Salalah,Keyboard,100,1,100,10
3435,28-May-2019,20,Loyalty Coupon,Cheque,David,Oman,Muscat,Mouse,50,1,50,5
3436,29-May-2019,19,Black Friday,Cash,Nancy,UAE,Salalah,Hard Disk,125,1,125,50
3437,30-May-2019,47,Chrismas Coupon,Visa Card,Raj,India,Muscat,Mother Board,4500,1,4500,225
3438,31-May-2019,61,Loyalty Coupon,Master Card,Ramzan,Oman,Salalah,RAM,175,1,175,50
3439,01-Jun-2019,22,Black Friday,Stripe,Kumayl,UAE,Muscat,Mobile,1200,1,1200,200
3440,02-Jun-2019,54,Chrismas Coupon,Cheque,John,India,Salalah,Laptop,4500,1,4500,250
3441,03-Jun-2019,34,Loyalty Coupon,Cash,Abdullah,Oman,Muscat,Moniter,3000,1,3000,300
3442,04-Jun-2019,62,Black Friday,Visa Card,David,UAE,Salalah,Speaker,75,1,75,15
3443,05-Jun-2019,44,Chrismas Coupon,Master Card,Nancy,India,Muscat,Keyboard,100,1,100,10
3444,06-Jun-2019,32,Loyalty Coupon,Stripe,Raj,Oman,Salalah,Mouse,50,1,50,5
3445,07-Jun-2019,61,Black Friday,Cheque,Ramzan,UAE,Muscat,Hard Disk,125,1,125,50
3446,08-Jun-2019,42,Chrismas Coupon,Cash,Kumayl,India,Salalah,Mother Board,4500,1,4500,225
3447,09-Jun-2019,54,Loyalty Coupon,Visa Card,John,Oman,Muscat,RAM,175,1,175,50
3448,10-Jun-2019,42,Black Friday,Master Card,Abdullah,UAE,Salalah,Mobile,1200,1,1200,200
3449,11-Jun-2019,21,Chrismas Coupon,Stripe,David,India,Muscat,Laptop,4500,1,4500,250
3450,12-Jun-2019,67,Loyalty Coupon,Cheque,Nancy,Oman,Salalah,Moniter,3000,1,3000,300
3451,13-Jun-2019,26,Black Friday,Cash,Raj,UAE,Muscat,Speaker,75,1,75,15
3452,14-Jun-2019,49,Chrismas Coupon,Visa Card,Ramzan,India,Salalah,Keyboard,100,1,100,10
3453,15-Jun-2019,44,Loyalty Coupon,Master Card,Kumayl,Oman,Muscat,Mouse,50,1,50,5
3454,16-Jun-2019,60,Black Friday,Stripe,John,UAE,Salalah,Hard Disk,125,1,125,50
3455,17-Jun-2019,21,Chrismas Coupon,Cheque,Abdullah,India,Muscat,Mother Board,4500,1,4500,225
3456,18-Jun-2019,18,Loyalty Coupon,Cash,David,Oman,Salalah,RAM,175,1,175,50
3457,19-Jun-2019,61,Black Friday,Visa Card,Nancy,UAE,Muscat,Mobile,1200,1,1200,200
3458,20-Jun-2019,26,Chrismas Coupon,Master Card,Raj,India,Salalah,Laptop,4500,1,4500,250
3459,21-Jun-2019,69,Loyalty Coupon,Stripe,Ramzan,Oman,Muscat,Moniter,3000,1,3000,300
3460,22-Jun-2019,36,Black Friday,Cheque,Kumayl,UAE,Salalah,Speaker,75,1,75,15
3461,23-Jun-2019,32,Chrismas Coupon,Cash,John,India,Muscat,Keyboard,100,1,100,10
3462,24-Jun-2019,58,Loyalty Coupon,Visa Card,Abdullah,Oman,Salalah,Mouse,50,1,50,5
3463,25-Jun-2019,58,Black Friday,Master Card,David,UAE,Muscat,Hard Disk,125,1,125,50
3464,26-Jun-2019,48,Chrismas Coupon,Stripe,Nancy,India,Salalah,Mother Board,4500,1,4500,225
3465,27-Jun-2019,28,Loyalty Coupon,Cheque,Raj,Oman,Muscat,RAM,175,1,175,50
3466,28-Jun-2019,50,Black Friday,Cash,Ramzan,UAE,Salalah,Mobile,1200,1,1200,200
3467,29-Jun-2019,23,Chrismas Coupon,Visa Card,Kumayl,India,Muscat,Laptop,4500,1,4500,250
3468,30-Jun-2019,67,Loyalty Coupon,Master Card,John,Oman,Salalah,Moniter,3000,1,3000,300
3469,01-Jul-2019,70,Black Friday,Stripe,Abdullah,UAE,Muscat,Speaker,75,1,75,15
3470,02-Jul-2019,62,Chrismas Coupon,Cheque,David,India,Salalah,Keyboard,100,1,100,10
3471,03-Jul-2019,36,Loyalty Coupon,Cash,Nancy,Oman,Muscat,Mouse,50,1,50,5
3472,04-Jul-2019,48,Black Friday,Visa Card,Raj,UAE,Salalah,Hard Disk,125,1,125,50
3473,05-Jul-2019,31,Chrismas Coupon,Master Card,Ramzan,India,Muscat,Mother Board,4500,1,4500,225
3474,06-Jul-2019,58,Loyalty Coupon,Stripe,Kumayl,Oman,Salalah,RAM,175,1,175,50
3475,07-Jul-2019,35,Black Friday,Cheque,John,UAE,Muscat,Mobile,1200,1,1200,200
3476,08-Jul-2019,39,Chrismas Coupon,Cash,Abdullah,India,Salalah,Laptop,4500,1,4500,250
3477,09-Jul-2019,35,Loyalty Coupon,Visa Card,David,Oman,Muscat,Moniter,3000,1,3000,300
3478,10-Jul-2019,29,Black Friday,Master Card,Nancy,UAE,Salalah,Speaker,75,1,75,15
3479,11-Jul-2019,37,Chrismas Coupon,Stripe,Raj,India,Muscat,Keyboard,100,1,100,10
3480,12-Jul-2019,56,Loyalty Coupon,Cheque,Ramzan,Oman,Salalah,Mouse,50,1,50,5
3481,13-Jul-2019,60,Black Friday,Cash,Kumayl,UAE,Muscat,Hard Disk,125,1,125,50
3482,14-Jul-2019,38,Chrismas Coupon,Visa Card,John,India,Salalah,Mother Board,4500,1,4500,225
3483,15-Jul-2019,59,Loyalty Coupon,Master Card,Abdullah,Oman,Muscat,RAM,175,1,175,50
3484,16-Jul-2019,38,Black Friday,Stripe,David,UAE,Salalah,Mobile,1200,1,1200,200
3485,17-Jul-2019,68,Chrismas Coupon,Cheque,Nancy,India,Muscat,Laptop,4500,1,4500,250
3486,18-Jul-2019,61,Loyalty Coupon,Cash,Raj,Oman,Salalah,Moniter,3000,1,3000,300
3487,19-Jul-2019,63,Black Friday,Visa Card,Ramzan,UAE,Muscat,Speaker,75,1,75,15
3488,20-Jul-2019,49,Chrismas Coupon,Master Card,Kumayl,India,Salalah,Keyboard,100,1,100,10
3489,21-Jul-2019,19,Loyalty Coupon,Stripe,John,Oman,Muscat,Mouse,50,1,50,5
3490,22-Jul-2019,50,Black Friday,Cheque,Abdullah,UAE,Salalah,Hard Disk,125,1,125,50
3491,23-Jul-2019,36,Chrismas Coupon,Cash,David,India,Muscat,Mother Board,4500,1,4500,225
3492,24-Jul-2019,20,Loyalty Coupon,Visa Card,Nancy,Oman,Salalah,RAM,175,1,175,50
3493,25-Jul-2019,66,Black Friday,Master Card,Raj,UAE,Muscat,Mobile,1200,1,1200,200
3494,26-Jul-2019,64,Chrismas Coupon,Stripe,Ramzan,India,Salalah,Laptop,4500,1,4500,250
3495,27-Jul-2019,54,Loyalty Coupon,Cheque,Kumayl,Oman,Muscat,Moniter,3000,1,3000,300
3496,28-Jul-2019,20,Black Friday,Cash,John,UAE,Salalah,Speaker,75,1,75,15
3497,29-Jul-2019,36,Chrismas Coupon,Visa Card,Abdullah,India,Muscat,Keyboard,100,1,100,10
3498,30-Jul-2019,23,Loyalty Coupon,Master Card,David,Oman,Salalah,Mouse,50,1,50,5
3499,31-Jul-2019,68,Black Friday,Stripe,Nancy,UAE,Muscat,Hard Disk,125,1,125,50
3500,01-Aug-2019,36,Chrismas Coupon,Cheque,Raj,India,Salalah,Mother Board,4500,1,4500,225
3501,02-Aug-2019,45,Loyalty Coupon,Cash,Ramzan,Oman,Muscat,RAM,175,1,175,50
3502,03-Aug-2019,35,Black Friday,Visa Card,Kumayl,UAE,Salalah,Mobile,1200,1,1200,200
3503,04-Aug-2019,64,Chrismas Coupon,Master Card,John,India,Muscat,Laptop,4500,1,4500,250
3504,05-Aug-2019,68,Loyalty Coupon,Stripe,Abdullah,Oman,Salalah,Moniter,3000,1,3000,300
3505,06-Aug-2019,49,Black Friday,Cheque,David,UAE,Muscat,Speaker,75,1,75,15
3506,07-Aug-2019,64,Chrismas Coupon,Cash,Nancy,India,Salalah,Keyboard,100,1,100,10
3507,08-Aug-2019,49,Loyalty Coupon,Visa Card,Raj,Oman,Muscat,Mouse,50,1,50,5
3508,09-Aug-2019,28,Black Friday,Master Card,Ramzan,UAE,Salalah,Hard Disk,125,1,125,50
3509,10-Aug-2019,31,Chrismas Coupon,Stripe,Kumayl,India,Muscat,Mother Board,4500,1,4500,225
3510,11-Aug-2019,35,Loyalty Coupon,Cheque,John,Oman,Salalah,RAM,175,1,175,50
3511,12-Aug-2019,40,Black Friday,Cash,Abdullah,UAE,Muscat,Mobile,1200,1,1200,200
3512,13-Aug-2019,27,Chrismas Coupon,Visa Card,David,India,Salalah,Laptop,4500,1,4500,250
3513,14-Aug-2019,49,Loyalty Coupon,Master Card,Nancy,Oman,Muscat,Moniter,3000,1,3000,300
3514,15-Aug-2019,59,Black Friday,Stripe,Raj,UAE,Salalah,Speaker,75,1,75,15
3515,16-Aug-2019,53,Chrismas Coupon,Cheque,Ramzan,India,Muscat,Keyboard,100,1,100,10
3516,17-Aug-2019,57,Loyalty Coupon,Cash,Kumayl,Oman,Salalah,Mouse,50,1,50,5
3517,18-Aug-2019,32,Black Friday,Visa Card,John,UAE,Muscat,Hard Disk,125,1,125,50
3518,19-Aug-2019,29,Chrismas Coupon,Master Card,Abdullah,India,Salalah,Mother Board,4500,1,4500,225
3519,20-Aug-2019,25,Loyalty Coupon,Stripe,David,Oman,Muscat,RAM,175,1,175,50
3520,21-Aug-2019,40,Black Friday,Cheque,Nancy,UAE,Salalah,Mobile,1200,1,1200,200
3521,22-Aug-2019,46,Chrismas Coupon,Cash,Raj,India,Muscat,Laptop,4500,1,4500,250
3522,23-Aug-2019,69,Loyalty Coupon,Visa Card,Ramzan,Oman,Salalah,Moniter,3000,1,3000,300
3523,24-Aug-2019,38,Black Friday,Master Card,Kumayl,UAE,Muscat,Speaker,75,1,75,15
3524,25-Aug-2019,18,Chrismas Coupon,Stripe,John,India,Salalah,Keyboard,100,1,100,10
3525,26-Aug-2019,43,Loyalty Coupon,Cheque,Abdullah,Oman,Muscat,Mouse,50,1,50,5
3526,27-Aug-2019,45,Black Friday,Cash,David,UAE,Salalah,Hard Disk,125,1,125,50
3527,28-Aug-2019,28,Chrismas Coupon,Visa Card,Nancy,India,Muscat,Mother Board,4500,1,4500,225
3528,29-Aug-2019,38,Loyalty Coupon,Master Card,Raj,Oman,Salalah,RAM,175,1,175,50
3529,30-Aug-2019,44,Black Friday,Stripe,Ramzan,UAE,Muscat,Mobile,1200,1,1200,200
3530,31-Aug-2019,52,Chrismas Coupon,Cheque,Kumayl,India,Salalah,Laptop,4500,1,4500,250
3531,01-Sep-2019,57,Loyalty Coupon,Cash,John,Oman,Muscat,Moniter,3000,1,3000,300
3532,02-Sep-2019,43,Black Friday,Visa Card,Abdullah,UAE,Salalah,Speaker,75,1,75,15
3533,03-Sep-2019,20,Chrismas Coupon,Master Card,David,India,Muscat,Keyboard,100,1,100,10
3534,04-Sep-2019,23,Loyalty Coupon,Stripe,Nancy,Oman,Salalah,Mouse,50,1,50,5
3535,05-Sep-2019,61,Black Friday,Cheque,Raj,UAE,Muscat,Hard Disk,125,1,125,50
3536,06-Sep-2019,68,Chrismas Coupon,Cash,Ramzan,India,Salalah,Mother Board,4500,1,4500,225
3537,07-Sep-2019,35,Loyalty Coupon,Visa Card,Kumayl,Oman,Muscat,RAM,175,1,175,50
3538,08-Sep-2019,69,Black Friday,Master Card,John,UAE,Salalah,Mobile,1200,1,1200,200
3539,09-Sep-2019,66,Chrismas Coupon,Stripe,Abdullah,India,Muscat,Laptop,4500,1,4500,250
3540,10-Sep-2019,69,Loyalty Coupon,Cheque,David,Oman,Salalah,Moniter,3000,1,3000,300
3541,11-Sep-2019,56,Black Friday,Cash,Nancy,UAE,Muscat,Speaker,75,1,75,15
3542,12-Sep-2019,18,Chrismas Coupon,Visa Card,Raj,India,Salalah,Keyboard,100,1,100,10
3543,13-Sep-2019,61,Loyalty Coupon,Master Card,Ramzan,Oman,Muscat,Mouse,50,1,50,5
3544,14-Sep-2019,28,Black Friday,Stripe,Kumayl,UAE,Salalah,Hard Disk,125,1,125,50
3545,15-Sep-2019,68,Chrismas Coupon,Cheque,John,India,Muscat,Mother Board,4500,1,4500,225
3546,16-Sep-2019,22,Loyalty Coupon,Cash,Abdullah,Oman,Salalah,RAM,175,1,175,50
3547,17-Sep-2019,32,Black Friday,Visa Card,David,UAE,Muscat,Mobile,1200,1,1200,200
3548,18-Sep-2019,23,Chrismas Coupon,Master Card,Nancy,India,Salalah,Laptop,4500,1,4500,250
3549,19-Sep-2019,63,Loyalty Coupon,Stripe,Raj,Oman,Muscat,Moniter,3000,1,3000,300
3550,20-Sep-2019,63,Black Friday,Cheque,Ramzan,UAE,Salalah,Speaker,75,1,75,15
3551,21-Sep-2019,19,Chrismas Coupon,Cash,Kumayl,India,Muscat,Keyboard,100,1,100,10
3552,22-Sep-2019,18,Loyalty Coupon,Visa Card,John,Oman,Salalah,Mouse,50,1,50,5
3553,23-Sep-2019,23,Black Friday,Master Card,Abdullah,UAE,Muscat,Hard Disk,125,1,125,50
3554,24-Sep-2019,40,Chrismas Coupon,Stripe,David,India,Salalah,Mother Board,4500,1,4500,225
3555,25-Sep-2019,51,Loyalty Coupon,Cheque,Nancy,Oman,Muscat,RAM,175,1,175,50
3556,26-Sep-2019,37,Black Friday,Cash,Raj,UAE,Salalah,Mobile,1200,1,1200,200
3557,27-Sep-2019,39,Chrismas Coupon,Visa Card,Ramzan,India,Muscat,Laptop,4500,1,4500,250
3558,28-Sep-2019,33,Loyalty Coupon,Master Card,Kumayl,Oman,Salalah,Moniter,3000,1,3000,300
3559,29-Sep-2019,33,Black Friday,Stripe,John,UAE,Muscat,Speaker,75,1,75,15
3560,30-Sep-2019,33,Chrismas Coupon,Cheque,Abdullah,India,Salalah,Keyboard,100,1,100,10
3561,01-Oct-2019,43,Loyalty Coupon,Cash,David,Oman,Muscat,Mouse,50,1,50,5
3562,02-Oct-2019,61,Black Friday,Visa Card,Nancy,UAE,Salalah,Hard Disk,125,1,125,50
3563,03-Oct-2019,22,Chrismas Coupon,Master Card,Raj,India,Muscat,Mother Board,4500,1,4500,225
3564,04-Oct-2019,31,Loyalty Coupon,Stripe,Ramzan,Oman,Salalah,RAM,175,1,175,50
3565,05-Oct-2019,53,Black Friday,Cheque,Kumayl,UAE,Muscat,Mobile,1200,1,1200,200
3566,06-Oct-2019,54,Chrismas Coupon,Cash,John,India,Salalah,Laptop,4500,1,4500,250
3567,07-Oct-2019,44,Loyalty Coupon,Visa Card,Abdullah,Oman,Muscat,Moniter,3000,1,3000,300
3568,08-Oct-2019,20,Black Friday,Master Card,David,UAE,Salalah,Speaker,75,1,75,15
3569,09-Oct-2019,37,Chrismas Coupon,Stripe,Nancy,India,Muscat,Keyboard,100,1,100,10
3570,10-Oct-2019,31,Loyalty Coupon,Cheque,Raj,Oman,Salalah,Mouse,50,1,50,5
3571,11-Oct-2019,58,Black Friday,Cash,Ramzan,UAE,Muscat,Hard Disk,125,1,125,50
3572,12-Oct-2019,44,Chrismas Coupon,Visa Card,Kumayl,India,Salalah,Mother Board,4500,1,4500,225
3573,13-Oct-2019,48,Loyalty Coupon,Master Card,John,Oman,Muscat,RAM,175,1,175,50
3574,14-Oct-2019,60,Black Friday,Stripe,Abdullah,UAE,Salalah,Mobile,1200,1,1200,200
3575,15-Oct-2019,60,Chrismas Coupon,Cheque,David,India,Muscat,Laptop,4500,1,4500,250
3576,16-Oct-2019,35,Loyalty Coupon,Cash,Nancy,Oman,Salalah,Moniter,3000,1,3000,300
3577,17-Oct-2019,49,Black Friday,Visa Card,Raj,UAE,Muscat,Speaker,75,1,75,15
3578,18-Oct-2019,65,Chrismas Coupon,Master Card,Ramzan,India,Salalah,Keyboard,100,1,100,10
3579,19-Oct-2019,43,Loyalty Coupon,Stripe,Kumayl,Oman,Muscat,Mouse,50,1,50,5
3580,20-Oct-2019,32,Black Friday,Cheque,John,UAE,Salalah,Hard Disk,125,1,125,50
3581,21-Oct-2019,26,Chrismas Coupon,Cash,Abdullah,India,Muscat,Mother Board,4500,1,4500,225
3582,22-Oct-2019,58,Loyalty Coupon,Visa Card,David,Oman,Salalah,RAM,175,1,175,50
3583,23-Oct-2019,47,Black Friday,Master Card,Nancy,UAE,Muscat,Mobile,1200,1,1200,200
3584,24-Oct-2019,19,Chrismas Coupon,Stripe,Raj,India,Salalah,Laptop,4500,1,4500,250
3585,25-Oct-2019,48,Loyalty Coupon,Cheque,Ramzan,Oman,Muscat,Moniter,3000,1,3000,300
3586,26-Oct-2019,35,Black Friday,Cash,Kumayl,UAE,Salalah,Speaker,75,1,75,15
3587,27-Oct-2019,68,Chrismas Coupon,Visa Card,John,India,Muscat,Keyboard,100,1,100,10
3588,28-Oct-2019,52,Loyalty Coupon,Master Card,Abdullah,Oman,Salalah,Mouse,50,1,50,5
3589,29-Oct-2019,45,Black Friday,Stripe,David,UAE,Muscat,Hard Disk,125,1,125,50
3590,30-Oct-2019,70,Chrismas Coupon,Cheque,Nancy,India,Salalah,Mother Board,4500,1,4500,225
3591,31-Oct-2019,68,Loyalty Coupon,Cash,Raj,Oman,Muscat,RAM,175,1,175,50
3592,01-Nov-2019,39,Black Friday,Visa Card,Ramzan,UAE,Salalah,Mobile,1200,1,1200,200
3593,02-Nov-2019,40,Chrismas Coupon,Master Card,Kumayl,India,Muscat,Laptop,4500,1,4500,250
3594,03-Nov-2019,38,Loyalty Coupon,Stripe,John,Oman,Salalah,Moniter,3000,1,3000,300
3595,04-Nov-2019,40,Black Friday,Cheque,Abdullah,UAE,Muscat,Speaker,75,1,75,15
3596,05-Nov-2019,50,Chrismas Coupon,Cash,David,India,Salalah,Keyboard,100,1,100,10
3597,06-Nov-2019,42,Loyalty Coupon,Visa Card,Nancy,Oman,Muscat,Mouse,50,1,50,5
3598,07-Nov-2019,57,Black Friday,Master Card,Raj,UAE,Salalah,Hard Disk,125,1,125,50
3599,08-Nov-2019,22,Chrismas Coupon,Stripe,Ramzan,India,Muscat,Mother Board,4500,1,4500,225
3600,09-Nov-2019,45,Loyalty Coupon,Cheque,Kumayl,Oman,Salalah,RAM,175,1,175,50
3601,10-Nov-2019,47,Black Friday,Cash,John,UAE,Muscat,Mobile,1200,1,1200,200
3602,11-Nov-2019,35,Chrismas Coupon,Visa Card,Abdullah,India,Salalah,Laptop,4500,1,4500,250
3603,12-Nov-2019,66,Loyalty Coupon,Master Card,David,Oman,Muscat,Moniter,3000,1,3000,300
3604,13-Nov-2019,41,Black Friday,Stripe,Nancy,UAE,Salalah,Speaker,75,1,75,15
3605,14-Nov-2019,34,Chrismas Coupon,Cheque,Raj,India,Muscat,Keyboard,100,1,100,10
3606,15-Nov-2019,35,Loyalty Coupon,Cash,Ramzan,Oman,Salalah,Mouse,50,1,50,5
3607,16-Nov-2019,18,Black Friday,Visa Card,Kumayl,UAE,Muscat,Hard Disk,125,1,125,50
3608,17-Nov-2019,41,Chrismas Coupon,Master Card,John,India,Salalah,Mother Board,4500,1,4500,225
3609,18-Nov-2019,43,Loyalty Coupon,Stripe,Abdullah,Oman,Muscat,RAM,175,1,175,50
3610,19-Nov-2019,56,Black Friday,Cheque,David,UAE,Salalah,Mobile,1200,1,1200,200
3611,20-Nov-2019,47,Chrismas Coupon,Cash,Nancy,India,Muscat,Laptop,4500,1,4500,250
3612,21-Nov-2019,69,Loyalty Coupon,Visa Card,Raj,Oman,Salalah,Moniter,3000,1,3000,300
3613,22-Nov-2019,32,Black Friday,Master Card,Ramzan,UAE,Muscat,Speaker,75,1,75,15
3614,23-Nov-2019,39,Chrismas Coupon,Stripe,Kumayl,India,Salalah,Keyboard,100,1,100,10
3615,24-Nov-2019,67,Loyalty Coupon,Cheque,John,Oman,Muscat,Mouse,50,1,50,5
3616,25-Nov-2019,47,Black Friday,Cash,Abdullah,UAE,Salalah,Hard Disk,125,1,125,50
3617,26-Nov-2019,57,Chrismas Coupon,Visa Card,David,India,Muscat,Mother Board,4500,1,4500,225
3618,27-Nov-2019,69,Loyalty Coupon,Master Card,Nancy,Oman,Salalah,RAM,175,1,175,50
3619,28-Nov-2019,66,Black Friday,Stripe,Raj,UAE,Muscat,Mobile,1200,1,1200,200
3620,29-Nov-2019,24,Chrismas Coupon,Cheque,Ramzan,India,Salalah,Laptop,4500,1,4500,250
3621,30-Nov-2019,42,Loyalty Coupon,Cash,Kumayl,Oman,Muscat,Moniter,3000,1,3000,300
3622,01-Dec-2019,45,Black Friday,Visa Card,John,UAE,Salalah,Speaker,75,1,75,15
3623,02-Dec-2019,57,Chrismas Coupon,Master Card,Abdullah,India,Muscat,Keyboard,100,1,100,10
3624,03-Dec-2019,67,Loyalty Coupon,Stripe,David,Oman,Salalah,Mouse,50,1,50,5
3625,04-Dec-2019,22,Black Friday,Cheque,Nancy,UAE,Muscat,Hard Disk,125,1,125,50
3626,05-Dec-2019,51,Chrismas Coupon,Cash,Raj,India,Salalah,Mother Board,4500,1,4500,225
3627,06-Dec-2019,20,Loyalty Coupon,Visa Card,Ramzan,Oman,Muscat,RAM,175,1,175,50
3628,07-Dec-2019,47,Black Friday,Master Card,Kumayl,UAE,Salalah,Mobile,1200,1,1200,200
3629,08-Dec-2019,25,Chrismas Coupon,Stripe,John,India,Muscat,Laptop,4500,1,4500,250
3630,09-Dec-2019,39,Loyalty Coupon,Cheque,Abdullah,Oman,Salalah,Moniter,3000,1,3000,300
3631,10-Dec-2019,62,Black Friday,Cash,David,UAE,Muscat,Speaker,75,1,75,15
3632,11-Dec-2019,57,Chrismas Coupon,Visa Card,Nancy,India,Salalah,Keyboard,100,1,100,10
3633,12-Dec-2019,30,Loyalty Coupon,Master Card,Raj,Oman,Muscat,Mouse,50,1,50,5
3634,13-Dec-2019,51,Black Friday,Stripe,Ramzan,UAE,Salalah,Hard Disk,125,1,125,50
3635,14-Dec-2019,49,Chrismas Coupon,Cheque,Kumayl,India,Muscat,Mother Board,4500,1,4500,225
3636,15-Dec-2019,19,Loyalty Coupon,Cash,John,Oman,Salalah,RAM,175,1,175,50
3637,16-Dec-2019,45,Black Friday,Visa Card,Abdullah,UAE,Muscat,Mobile,1200,1,1200,200
3638,17-Dec-2019,57,Chrismas Coupon,Master Card,David,India,Salalah,Laptop,4500,1,4500,250
3639,18-Dec-2019,33,Loyalty Coupon,Stripe,Nancy,Oman,Muscat,Moniter,3000,1,3000,300
3640,19-Dec-2019,55,Black Friday,Cheque,Raj,UAE,Salalah,Speaker,75,1,75,15
3641,20-Dec-2019,69,Chrismas Coupon,Cash,Ramzan,India,Muscat,Keyboard,100,1,100,10
3642,21-Dec-2019,54,Loyalty Coupon,Visa Card,Kumayl,Oman,Salalah,Mouse,50,1,50,5
3643,22-Dec-2019,43,Black Friday,Master Card,John,UAE,Muscat,Hard Disk,125,1,125,50
3644,23-Dec-2019,52,Chrismas Coupon,Stripe,Abdullah,India,Salalah,Mother Board,4500,1,4500,225
3645,24-Dec-2019,25,Loyalty Coupon,Cheque,David,Oman,Muscat,RAM,175,1,175,50
3646,25-Dec-2019,19,Black Friday,Cash,Nancy,UAE,Salalah,Mobile,1200,1,1200,200
3647,26-Dec-2019,56,Chrismas Coupon,Visa Card,Raj,India,Muscat,Laptop,4500,1,4500,250
3648,27-Dec-2019,68,Loyalty Coupon,Master Card,Ramzan,Oman,Salalah,Moniter,3000,1,3000,300
3649,28-Dec-2019,30,Black Friday,Stripe,Kumayl,UAE,Muscat,Speaker,75,1,75,15
3650,29-Dec-2019,37,Chrismas Coupon,Cheque,John,India,Salalah,Keyboard,100,1,100,10
3651,30-Dec-2019,47,Loyalty Coupon,Cash,Abdullah,Oman,Muscat,Mouse,50,1,50,5
3652,31-Dec-2019,20,Black Friday,Visa Card,David,UAE,Salalah,Hard Disk,125,1,125,50
3653,01-Jan-2020,37,Chrismas Coupon,Master Card,Nancy,India,Muscat,Mother Board,4500,1,4500,225
3654,02-Jan-2020,38,Loyalty Coupon,Stripe,Raj,Oman,Salalah,RAM,175,1,175,50
3655,03-Jan-2020,54,Black Friday,Cheque,Ramzan,UAE,Muscat,Mobile,1200,1,1200,200
3656,04-Jan-2020,39,Chrismas Coupon,Cash,Kumayl,India,Salalah,Laptop,4500,3,13500,250
3657,05-Jan-2020,42,Loyalty Coupon,Visa Card,John,Oman,Muscat,Moniter,3000,1,3000,300
3658,06-Jan-2020,44,Black Friday,Master Card,Abdullah,UAE,Salalah,Speaker,75,3,225,15
3659,07-Jan-2020,64,Chrismas Coupon,Stripe,David,India,Muscat,Keyboard,100,1,100,10
3660,08-Jan-2020,30,Loyalty Coupon,Cheque,Nancy,Oman,Salalah,Mouse,50,3,150,5
3661,09-Jan-2020,45,Black Friday,Cash,Raj,UAE,Muscat,Hard Disk,125,3,375,50
3662,10-Jan-2020,46,Chrismas Coupon,Visa Card,Ramzan,India,Salalah,Mother Board,4500,3,13500,225
3663,11-Jan-2020,62,Loyalty Coupon,Master Card,Kumayl,Oman,Muscat,RAM,175,1,175,50
3664,12-Jan-2020,24,Black Friday,Stripe,John,UAE,Salalah,Mobile,1200,1,1200,200
3665,13-Jan-2020,34,Chrismas Coupon,Cheque,Abdullah,India,Muscat,Laptop,4500,1,4500,250
3666,14-Jan-2020,47,Loyalty Coupon,Cash,David,Oman,Salalah,Moniter,3000,2,6000,300
3667,15-Jan-2020,24,Black Friday,Visa Card,Nancy,UAE,Muscat,Speaker,75,2,150,15
3668,16-Jan-2020,64,Chrismas Coupon,Master Card,Raj,India,Salalah,Keyboard,100,2,200,10
3669,17-Jan-2020,38,Loyalty Coupon,Stripe,Ramzan,Oman,Muscat,Mouse,50,1,50,5
3670,18-Jan-2020,66,Black Friday,Cheque,Kumayl,UAE,Salalah,Hard Disk,125,3,375,50
3671,19-Jan-2020,50,Chrismas Coupon,Cash,John,India,Muscat,Mother Board,4500,1,4500,225
3672,20-Jan-2020,50,Loyalty Coupon,Visa Card,Abdullah,Oman,Salalah,RAM,175,2,350,50
3673,21-Jan-2020,53,Black Friday,Master Card,David,UAE,Muscat,Mobile,1200,3,3600,200
3674,22-Jan-2020,20,Chrismas Coupon,Stripe,Nancy,India,Salalah,Laptop,4500,3,13500,250
3675,23-Jan-2020,37,Loyalty Coupon,Cheque,Raj,Oman,Muscat,Moniter,3000,2,6000,300
3676,24-Jan-2020,19,Black Friday,Cash,Ramzan,UAE,Salalah,Speaker,75,1,75,15
3677,25-Jan-2020,23,Chrismas Coupon,Visa Card,Kumayl,India,Muscat,Keyboard,100,3,300,10
3678,26-Jan-2020,51,Loyalty Coupon,Master Card,John,Oman,Salalah,Mouse,50,2,100,5
3679,27-Jan-2020,30,Black Friday,Stripe,Abdullah,UAE,Muscat,Hard Disk,125,2,250,50
3680,28-Jan-2020,23,Chrismas Coupon,Cheque,David,India,Salalah,Mother Board,4500,2,9000,225
3681,29-Jan-2020,46,Loyalty Coupon,Cash,Nancy,Oman,Muscat,RAM,175,1,175,50
3682,30-Jan-2020,68,Black Friday,Visa Card,Raj,UAE,Salalah,Mobile,1200,2,2400,200
3683,31-Jan-2020,54,Chrismas Coupon,Master Card,Ramzan,India,Muscat,Laptop,4500,3,13500,250
3684,01-Feb-2020,36,Loyalty Coupon,Stripe,Kumayl,Oman,Salalah,Moniter,3000,2,6000,300
3685,02-Feb-2020,43,Black Friday,Cheque,John,UAE,Muscat,Speaker,75,3,225,15
3686,03-Feb-2020,19,Chrismas Coupon,Cash,Abdullah,India,Salalah,Keyboard,100,1,100,10
3687,04-Feb-2020,29,Loyalty Coupon,Visa Card,David,Oman,Muscat,Mouse,50,1,50,5
3688,05-Feb-2020,24,Black Friday,Master Card,Nancy,UAE,Salalah,Hard Disk,125,1,125,50
3689,06-Feb-2020,56,Chrismas Coupon,Stripe,Raj,India,Muscat,Mother Board,4500,2,9000,225
3690,07-Feb-2020,56,Loyalty Coupon,Cheque,Ramzan,Oman,Salalah,RAM,175,1,175,50
3691,08-Feb-2020,69,Black Friday,Cash,Kumayl,UAE,Muscat,Mobile,1200,1,1200,200
3692,09-Feb-2020,43,Chrismas Coupon,Visa Card,John,India,Salalah,Laptop,4500,2,9000,250
3693,10-Feb-2020,42,Loyalty Coupon,Master Card,Abdullah,Oman,Muscat,Moniter,3000,3,9000,300
3694,11-Feb-2020,29,Black Friday,Stripe,David,UAE,Salalah,Speaker,75,1,75,15
3695,12-Feb-2020,32,Chrismas Coupon,Cheque,Nancy,India,Muscat,Keyboard,100,1,100,10
3696,13-Feb-2020,54,Loyalty Coupon,Cash,Raj,Oman,Salalah,Mouse,50,1,50,5
3697,14-Feb-2020,50,Black Friday,Visa Card,Ramzan,UAE,Muscat,Hard Disk,125,3,375,50
3698,15-Feb-2020,53,Chrismas Coupon,Master Card,Kumayl,India,Salalah,Mother Board,4500,2,9000,225
3699,16-Feb-2020,43,Loyalty Coupon,Stripe,John,Oman,Muscat,RAM,175,1,175,50
3700,17-Feb-2020,43,Black Friday,Cheque,Abdullah,UAE,Salalah,Mobile,1200,3,3600,200
3701,18-Feb-2020,60,Chrismas Coupon,Cash,David,India,Muscat,Laptop,4500,1,4500,250
3702,19-Feb-2020,68,Loyalty Coupon,Visa Card,Nancy,Oman,Salalah,Moniter,3000,2,6000,300
3703,20-Feb-2020,40,Black Friday,Master Card,Raj,UAE,Muscat,Speaker,75,1,75,15
3704,21-Feb-2020,42,Chrismas Coupon,Stripe,Ramzan,India,Salalah,Keyboard,100,3,300,10
3705,22-Feb-2020,44,Loyalty Coupon,Cheque,Kumayl,Oman,Muscat,Mouse,50,1,50,5
3706,23-Feb-2020,31,Black Friday,Cash,John,UAE,Salalah,Hard Disk,125,3,375,50
3707,24-Feb-2020,36,Chrismas Coupon,Visa Card,Abdullah,India,Muscat,Mother Board,4500,1,4500,225
3708,25-Feb-2020,68,Loyalty Coupon,Master Card,David,Oman,Salalah,RAM,175,2,350,50
3709,26-Feb-2020,51,Black Friday,Stripe,Nancy,UAE,Muscat,Mobile,1200,3,3600,200
3710,27-Feb-2020,23,Chrismas Coupon,Cheque,Raj,India,Salalah,Laptop,4500,2,9000,250
3711,28-Feb-2020,28,Loyalty Coupon,Cash,Ramzan,Oman,Muscat,Moniter,3000,2,6000,300
3712,29-Feb-2020,18,Black Friday,Visa Card,Kumayl,UAE,Salalah,Speaker,75,2,150,15
3713,01-Mar-2020,23,Chrismas Coupon,Master Card,John,India,Muscat,Keyboard,100,1,100,10
3714,02-Mar-2020,51,Loyalty Coupon,Stripe,Abdullah,Oman,Salalah,Mouse,50,1,50,5
3715,03-Mar-2020,55,Black Friday,Cheque,David,UAE,Muscat,Hard Disk,125,2,250,50
3716,04-Mar-2020,63,Chrismas Coupon,Cash,Nancy,India,Salalah,Mother Board,4500,3,13500,225
3717,05-Mar-2020,59,Loyalty Coupon,Visa Card,Raj,Oman,Muscat,RAM,175,2,350,50
3718,06-Mar-2020,50,Black Friday,Master Card,Ramzan,UAE,Salalah,Mobile,1200,3,3600,200
3719,07-Mar-2020,58,Chrismas Coupon,Stripe,Kumayl,India,Muscat,Laptop,4500,2,9000,250
3720,08-Mar-2020,47,Loyalty Coupon,Cheque,John,Oman,Salalah,Moniter,3000,1,3000,300
3721,09-Mar-2020,68,Black Friday,Cash,Abdullah,UAE,Muscat,Speaker,75,3,225,15
3722,10-Mar-2020,23,Chrismas Coupon,Visa Card,David,India,Salalah,Keyboard,100,3,300,10
3723,11-Mar-2020,40,Loyalty Coupon,Master Card,Nancy,Oman,Muscat,Mouse,50,2,100,5
3724,12-Mar-2020,21,Black Friday,Stripe,Raj,UAE,Salalah,Hard Disk,125,1,125,50
3725,13-Mar-2020,27,Chrismas Coupon,Cheque,Ramzan,India,Muscat,Mother Board,4500,1,4500,225
3726,14-Mar-2020,59,Loyalty Coupon,Cash,Kumayl,Oman,Salalah,RAM,175,3,525,50
3727,15-Mar-2020,68,Black Friday,Visa Card,John,UAE,Muscat,Mobile,1200,2,2400,200
3728,16-Mar-2020,25,Chrismas Coupon,Master Card,Abdullah,India,Salalah,Laptop,4500,3,13500,250
3729,17-Mar-2020,45,Loyalty Coupon,Stripe,David,Oman,Muscat,Moniter,3000,3,9000,300
3730,18-Mar-2020,47,Black Friday,Cheque,Nancy,UAE,Salalah,Speaker,75,2,150,15
3731,19-Mar-2020,49,Chrismas Coupon,Cash,Raj,India,Muscat,Keyboard,100,1,100,10
3732,20-Mar-2020,39,Loyalty Coupon,Visa Card,Ramzan,Oman,Salalah,Mouse,50,3,150,5
3733,21-Mar-2020,39,Black Friday,Master Card,Kumayl,UAE,Muscat,Hard Disk,125,2,250,50
3734,22-Mar-2020,39,Chrismas Coupon,Stripe,John,India,Salalah,Mother Board,4500,2,9000,225
3735,23-Mar-2020,24,Loyalty Coupon,Cheque,Abdullah,Oman,Muscat,RAM,175,1,175,50
3736,24-Mar-2020,54,Black Friday,Cash,David,UAE,Salalah,Mobile,1200,3,3600,200
3737,25-Mar-2020,20,Chrismas Coupon,Visa Card,Nancy,India,Muscat,Laptop,4500,2,9000,250
3738,26-Mar-2020,58,Loyalty Coupon,Master Card,Raj,Oman,Salalah,Moniter,3000,2,6000,300
3739,27-Mar-2020,41,Black Friday,Stripe,Ramzan,UAE,Muscat,Speaker,75,2,150,15
3740,28-Mar-2020,57,Chrismas Coupon,Cheque,Kumayl,India,Salalah,Keyboard,100,1,100,10
3741,29-Mar-2020,44,Loyalty Coupon,Cash,John,Oman,Muscat,Mouse,50,3,150,5
3742,30-Mar-2020,19,Black Friday,Visa Card,Abdullah,UAE,Salalah,Hard Disk,125,3,375,50
3743,31-Mar-2020,65,Chrismas Coupon,Master Card,David,India,Muscat,Mother Board,4500,2,9000,225
3744,01-Apr-2020,61,Loyalty Coupon,Stripe,Nancy,Oman,Salalah,RAM,175,1,175,50
3745,02-Apr-2020,46,Black Friday,Cheque,Raj,UAE,Muscat,Mobile,1200,1,1200,200
3746,03-Apr-2020,68,Chrismas Coupon,Cash,Ramzan,India,Salalah,Laptop,4500,1,4500,250
3747,04-Apr-2020,70,Loyalty Coupon,Visa Card,Kumayl,Oman,Muscat,Moniter,3000,2,6000,300
3748,05-Apr-2020,47,Black Friday,Master Card,John,UAE,Salalah,Speaker,75,1,75,15
3749,06-Apr-2020,34,Chrismas Coupon,Stripe,Abdullah,India,Muscat,Keyboard,100,3,300,10
3750,07-Apr-2020,31,Loyalty Coupon,Cheque,David,Oman,Salalah,Mouse,50,3,150,5
3751,08-Apr-2020,70,Black Friday,Cash,Nancy,UAE,Muscat,Hard Disk,125,1,125,50
3752,09-Apr-2020,49,Chrismas Coupon,Visa Card,Raj,India,Salalah,Mother Board,4500,3,13500,225
3753,10-Apr-2020,59,Loyalty Coupon,Master Card,Ramzan,Oman,Muscat,RAM,175,2,350,50
3754,11-Apr-2020,64,Black Friday,Stripe,Kumayl,UAE,Salalah,Mobile,1200,1,1200,200
3755,12-Apr-2020,70,Chrismas Coupon,Cheque,John,India,Muscat,Laptop,4500,1,4500,250
3756,13-Apr-2020,54,Loyalty Coupon,Cash,Abdullah,Oman,Salalah,Moniter,3000,1,3000,300
3757,14-Apr-2020,38,Black Friday,Visa Card,David,UAE,Muscat,Speaker,75,1,75,15
3758,15-Apr-2020,57,Chrismas Coupon,Master Card,Nancy,India,Salalah,Keyboard,100,1,100,10
3759,16-Apr-2020,67,Loyalty Coupon,Stripe,Raj,Oman,Muscat,Mouse,50,3,150,5
3760,17-Apr-2020,41,Black Friday,Cheque,Ramzan,UAE,Salalah,Hard Disk,125,1,125,50
3761,18-Apr-2020,65,Chrismas Coupon,Cash,Kumayl,India,Muscat,Mother Board,4500,3,13500,225
3762,19-Apr-2020,33,Loyalty Coupon,Visa Card,John,Oman,Salalah,RAM,175,1,175,50
3763,20-Apr-2020,22,Black Friday,Master Card,Abdullah,UAE,Muscat,Mobile,1200,3,3600,200
3764,21-Apr-2020,29,Chrismas Coupon,Stripe,David,India,Salalah,Laptop,4500,1,4500,250
3765,22-Apr-2020,63,Loyalty Coupon,Cheque,Nancy,Oman,Muscat,Moniter,3000,3,9000,300
3766,23-Apr-2020,66,Black Friday,Cash,Raj,UAE,Salalah,Speaker,75,1,75,15
3767,24-Apr-2020,43,Chrismas Coupon,Visa Card,Ramzan,India,Muscat,Keyboard,100,1,100,10
3768,25-Apr-2020,61,Loyalty Coupon,Master Card,Kumayl,Oman,Salalah,Mouse,50,3,150,5
3769,26-Apr-2020,19,Black Friday,Stripe,John,UAE,Muscat,Hard Disk,125,1,125,50
3770,27-Apr-2020,44,Chrismas Coupon,Cheque,Abdullah,India,Salalah,Mother Board,4500,3,13500,225
3771,28-Apr-2020,43,Loyalty Coupon,Cash,David,Oman,Muscat,RAM,175,1,175,50
3772,29-Apr-2020,34,Black Friday,Visa Card,Nancy,UAE,Salalah,Mobile,1200,2,2400,200
3773,30-Apr-2020,30,Chrismas Coupon,Master Card,Raj,India,Muscat,Laptop,4500,3,13500,250
3774,01-May-2020,63,Loyalty Coupon,Stripe,Ramzan,Oman,Salalah,Moniter,3000,3,9000,300
3775,02-May-2020,42,Black Friday,Cheque,Kumayl,UAE,Muscat,Speaker,75,2,150,15
3776,03-May-2020,63,Chrismas Coupon,Cash,John,India,Salalah,Keyboard,100,3,300,10
3777,04-May-2020,49,Loyalty Coupon,Visa Card,Abdullah,Oman,Muscat,Mouse,50,3,150,5
3778,05-May-2020,32,Black Friday,Master Card,David,UAE,Salalah,Hard Disk,125,2,250,50
3779,06-May-2020,41,Chrismas Coupon,Stripe,Nancy,India,Muscat,Mother Board,4500,1,4500,225
3780,07-May-2020,38,Loyalty Coupon,Cheque,Raj,Oman,Salalah,RAM,175,3,525,50
3781,08-May-2020,47,Black Friday,Cash,Ramzan,UAE,Muscat,Mobile,1200,1,1200,200
3782,09-May-2020,47,Chrismas Coupon,Visa Card,Kumayl,India,Salalah,Laptop,4500,1,4500,250
3783,10-May-2020,27,Loyalty Coupon,Master Card,John,Oman,Muscat,Moniter,3000,3,9000,300
3784,11-May-2020,31,Black Friday,Stripe,Abdullah,UAE,Salalah,Speaker,75,2,150,15
3785,12-May-2020,44,Chrismas Coupon,Cheque,David,India,Muscat,Keyboard,100,2,200,10
3786,13-May-2020,60,Loyalty Coupon,Cash,Nancy,Oman,Salalah,Mouse,50,3,150,5
3787,14-May-2020,47,Black Friday,Visa Card,Raj,UAE,Muscat,Hard Disk,125,1,125,50
3788,15-May-2020,50,Chrismas Coupon,Master Card,Ramzan,India,Salalah,Mother Board,4500,1,4500,225
3789,16-May-2020,54,Loyalty Coupon,Stripe,Kumayl,Oman,Muscat,RAM,175,3,525,50
3790,17-May-2020,47,Black Friday,Cheque,John,UAE,Salalah,Mobile,1200,1,1200,200
3791,18-May-2020,37,Chrismas Coupon,Cash,Abdullah,India,Muscat,Laptop,4500,3,13500,250
3792,19-May-2020,53,Loyalty Coupon,Visa Card,David,Oman,Salalah,Moniter,3000,1,3000,300
3793,20-May-2020,34,Black Friday,Master Card,Nancy,UAE,Muscat,Speaker,75,1,75,15
3794,21-May-2020,42,Chrismas Coupon,Stripe,Raj,India,Salalah,Keyboard,100,3,300,10
3795,22-May-2020,63,Loyalty Coupon,Cheque,Ramzan,Oman,Muscat,Mouse,50,1,50,5
3796,23-May-2020,45,Black Friday,Cash,Kumayl,UAE,Salalah,Hard Disk,125,3,375,50
3797,24-May-2020,45,Chrismas Coupon,Visa Card,John,India,Muscat,Mother Board,4500,2,9000,225
3798,25-May-2020,39,Loyalty Coupon,Master Card,Abdullah,Oman,Salalah,RAM,175,1,175,50
3799,26-May-2020,62,Black Friday,Stripe,David,UAE,Muscat,Mobile,1200,1,1200,200
3800,27-May-2020,62,Chrismas Coupon,Cheque,Nancy,India,Salalah,Laptop,4500,3,13500,250
3801,28-May-2020,50,Loyalty Coupon,Cash,Raj,Oman,Muscat,Moniter,3000,2,6000,300
3802,29-May-2020,70,Black Friday,Visa Card,Ramzan,UAE,Salalah,Speaker,75,2,150,15
3803,30-May-2020,54,Chrismas Coupon,Master Card,Kumayl,India,Muscat,Keyboard,100,1,100,10
3804,31-May-2020,31,Loyalty Coupon,Stripe,John,Oman,Salalah,Mouse,50,3,150,5
3805,01-Jun-2020,39,Black Friday,Cheque,Abdullah,UAE,Muscat,Hard Disk,125,3,375,50
3806,02-Jun-2020,37,Chrismas Coupon,Cash,David,India,Salalah,Mother Board,4500,1,4500,225
3807,03-Jun-2020,33,Loyalty Coupon,Visa Card,Nancy,Oman,Muscat,RAM,175,3,525,50
3808,04-Jun-2020,50,Black Friday,Master Card,Raj,UAE,Salalah,Mobile,1200,2,2400,200
3809,05-Jun-2020,62,Chrismas Coupon,Stripe,Ramzan,India,Muscat,Laptop,4500,1,4500,250
3810,06-Jun-2020,68,Loyalty Coupon,Cheque,Kumayl,Oman,Salalah,Moniter,3000,3,9000,300
3811,06-Jun-2020,28,Black Friday,Cash,John,UAE,Muscat,Speaker,75,2,150,15
3812,06-Jun-2020,41,Chrismas Coupon,Visa Card,Abdullah,India,Salalah,Keyboard,100,3,300,10
3813,06-Jun-2020,65,Loyalty Coupon,Master Card,David,Oman,Muscat,Mouse,50,3,150,5
3814,06-Jun-2020,23,Black Friday,Stripe,Nancy,UAE,Salalah,Hard Disk,125,3,375,50
3815,06-Jun-2020,36,Chrismas Coupon,Cheque,Raj,India,Muscat,Mother Board,4500,3,13500,225
3816,06-Jun-2020,38,Loyalty Coupon,Cash,Ramzan,Oman,Salalah,RAM,175,2,350,50
3817,06-Jun-2020,55,Black Friday,Visa Card,Kumayl,UAE,Muscat,Mobile,1200,3,3600,200
3818,06-Jun-2020,68,Chrismas Coupon,Master Card,John,India,Salalah,Laptop,4500,1,4500,250
3819,06-Jun-2020,22,Loyalty Coupon,Stripe,Abdullah,Oman,Muscat,Moniter,3000,3,9000,300
3820,06-Jun-2020,60,Black Friday,Cheque,David,UAE,Salalah,Speaker,75,1,75,15
3821,06-Jun-2020,69,Chrismas Coupon,Cash,Nancy,India,Muscat,Keyboard,100,2,200,10
3822,06-Jun-2020,50,Loyalty Coupon,Visa Card,Raj,Oman,Salalah,Mouse,50,3,150,5
3823,06-Jun-2020,30,Black Friday,Master Card,Ramzan,UAE,Muscat,Hard Disk,125,1,125,50
3824,06-Jun-2020,26,Chrismas Coupon,Stripe,Kumayl,India,Salalah,Mother Board,4500,3,13500,225
3825,06-Jun-2020,44,Loyalty Coupon,Cheque,John,Oman,Muscat,RAM,175,3,525,50
3826,06-Jun-2020,43,Black Friday,Cash,Abdullah,UAE,Salalah,Mobile,1200,3,3600,200
3827,23-Jun-2020,19,Chrismas Coupon,Visa Card,David,India,Muscat,Laptop,4500,3,13500,250
3828,24-Jun-2020,56,Loyalty Coupon,Master Card,Nancy,Oman,Salalah,Moniter,3000,1,3000,300
3829,25-Jun-2020,45,Black Friday,Stripe,Raj,UAE,Muscat,Speaker,75,3,225,15
3830,26-Jun-2020,26,Chrismas Coupon,Cheque,Ramzan,India,Salalah,Keyboard,100,3,300,10
3831,27-Jun-2020,69,Loyalty Coupon,Cash,Kumayl,Oman,Muscat,Mouse,50,3,150,5
3832,28-Jun-2020,44,Black Friday,Visa Card,John,UAE,Salalah,Hard Disk,125,3,375,50
3833,29-Jun-2020,24,Chrismas Coupon,Master Card,Abdullah,India,Muscat,Mother Board,4500,3,13500,225
3834,30-Jun-2020,52,Loyalty Coupon,Stripe,David,Oman,Salalah,RAM,175,2,350,50
3835,01-Jul-2020,20,Black Friday,Cheque,Nancy,UAE,Muscat,Mobile,1200,2,2400,200
3836,02-Jul-2020,50,Chrismas Coupon,Cash,Raj,India,Salalah,Laptop,4500,1,4500,250
3837,03-Jul-2020,42,Loyalty Coupon,Visa Card,Ramzan,Oman,Muscat,Moniter,3000,3,9000,300
3838,04-Jul-2020,33,Black Friday,Master Card,Kumayl,UAE,Salalah,Speaker,75,2,150,15
3839,05-Jul-2020,40,Chrismas Coupon,Stripe,John,India,Muscat,Keyboard,100,2,200,10
3840,06-Jul-2020,30,Loyalty Coupon,Cheque,Abdullah,Oman,Salalah,Mouse,50,1,50,5
3841,07-Jul-2020,59,Black Friday,Cash,David,UAE,Muscat,Hard Disk,125,2,250,50
3842,08-Jul-2020,24,Chrismas Coupon,Visa Card,Nancy,India,Salalah,Mother Board,4500,3,13500,225
3843,09-Jul-2020,45,Loyalty Coupon,Master Card,Raj,Oman,Muscat,RAM,175,1,175,50
3844,10-Jul-2020,30,Black Friday,Stripe,Ramzan,UAE,Salalah,Mobile,1200,2,2400,200
3845,11-Jul-2020,27,Chrismas Coupon,Cheque,Kumayl,India,Muscat,Laptop,4500,1,4500,250
3846,12-Jul-2020,41,Loyalty Coupon,Cash,John,Oman,Salalah,Moniter,3000,3,9000,300
3847,13-Jul-2020,20,Black Friday,Visa Card,Abdullah,UAE,Muscat,Speaker,75,2,150,15
3848,14-Jul-2020,64,Chrismas Coupon,Master Card,David,India,Salalah,Keyboard,100,2,200,10
3849,15-Jul-2020,48,Loyalty Coupon,Stripe,Nancy,Oman,Muscat,Mouse,50,2,100,5
3850,16-Jul-2020,27,Black Friday,Cheque,Raj,UAE,Salalah,Hard Disk,125,2,250,50
3851,17-Jul-2020,59,Chrismas Coupon,Cash,Ramzan,India,Muscat,Mother Board,4500,2,9000,225
3852,18-Jul-2020,69,Loyalty Coupon,Visa Card,Kumayl,Oman,Salalah,RAM,175,1,175,50
3853,19-Jul-2020,70,Black Friday,Master Card,John,UAE,Muscat,Mobile,1200,1,1200,200
3854,20-Jul-2020,36,Chrismas Coupon,Stripe,Abdullah,India,Salalah,Laptop,4500,1,4500,250
3855,21-Jul-2020,18,Loyalty Coupon,Cheque,David,Oman,Muscat,Moniter,3000,2,6000,300
3856,22-Jul-2020,29,Black Friday,Cash,Nancy,UAE,Salalah,Speaker,75,2,150,15
3857,23-Jul-2020,46,Chrismas Coupon,Visa Card,Raj,India,Muscat,Keyboard,100,2,200,10
3858,24-Jul-2020,55,Loyalty Coupon,Master Card,Ramzan,Oman,Salalah,Mouse,50,3,150,5
3859,25-Jul-2020,22,Black Friday,Stripe,Kumayl,UAE,Muscat,Hard Disk,125,3,375,50
3860,26-Jul-2020,36,Chrismas Coupon,Cheque,John,India,Salalah,Mother Board,4500,1,4500,225
3861,27-Jul-2020,21,Loyalty Coupon,Cash,Abdullah,Oman,Muscat,RAM,175,2,350,50
3862,28-Jul-2020,31,Black Friday,Visa Card,David,UAE,Salalah,Mobile,1200,1,1200,200
3863,29-Jul-2020,49,Chrismas Coupon,Master Card,Nancy,India,Muscat,Laptop,4500,1,4500,250
3864,30-Jul-2020,65,Loyalty Coupon,Stripe,Raj,Oman,Salalah,Moniter,3000,3,9000,300
3865,31-Jul-2020,37,Black Friday,Cheque,Ramzan,UAE,Muscat,Speaker,75,1,75,15
3866,01-Aug-2020,51,Chrismas Coupon,Cash,Kumayl,India,Salalah,Keyboard,100,1,100,10
3867,02-Aug-2020,49,Loyalty Coupon,Visa Card,John,Oman,Muscat,Mouse,50,1,50,5
3868,03-Aug-2020,64,Black Friday,Master Card,Abdullah,UAE,Salalah,Hard Disk,125,1,125,50
3869,04-Aug-2020,42,Chrismas Coupon,Stripe,David,India,Muscat,Mother Board,4500,1,4500,225
3870,05-Aug-2020,65,Loyalty Coupon,Cheque,Nancy,Oman,Salalah,RAM,175,1,175,50
3871,06-Aug-2020,65,Black Friday,Cash,Raj,UAE,Muscat,Mobile,1200,2,2400,200
3872,07-Aug-2020,44,Chrismas Coupon,Visa Card,Ramzan,India,Salalah,Laptop,4500,1,4500,250
3873,08-Aug-2020,46,Loyalty Coupon,Master Card,Kumayl,Oman,Muscat,Moniter,3000,1,3000,300
3874,09-Aug-2020,18,Black Friday,Stripe,John,UAE,Salalah,Speaker,75,1,75,15
3875,10-Aug-2020,28,Chrismas Coupon,Cheque,Abdullah,India,Muscat,Keyboard,100,1,100,10
3876,11-Aug-2020,22,Loyalty Coupon,Cash,David,Oman,Salalah,Mouse,50,3,150,5
3877,12-Aug-2020,62,Black Friday,Visa Card,Nancy,UAE,Muscat,Hard Disk,125,2,250,50
3878,13-Aug-2020,20,Chrismas Coupon,Master Card,Raj,India,Salalah,Mother Board,4500,3,13500,225
3879,14-Aug-2020,19,Loyalty Coupon,Stripe,Ramzan,Oman,Muscat,RAM,175,2,350,50
3880,15-Aug-2020,52,Black Friday,Cheque,Kumayl,UAE,Salalah,Mobile,1200,2,2400,200
3881,16-Aug-2020,57,Chrismas Coupon,Cash,John,India,Muscat,Laptop,4500,1,4500,250
3882,17-Aug-2020,52,Loyalty Coupon,Visa Card,Abdullah,Oman,Salalah,Moniter,3000,3,9000,300
3883,18-Aug-2020,24,Black Friday,Master Card,David,UAE,Muscat,Speaker,75,2,150,15
3884,19-Aug-2020,22,Chrismas Coupon,Stripe,Nancy,India,Salalah,Keyboard,100,3,300,10
3885,20-Aug-2020,38,Loyalty Coupon,Cheque,Raj,Oman,Muscat,Mouse,50,3,150,5
3886,21-Aug-2020,66,Black Friday,Cash,Ramzan,UAE,Salalah,Hard Disk,125,3,375,50
3887,22-Aug-2020,66,Chrismas Coupon,Visa Card,Kumayl,India,Muscat,Mother Board,4500,3,13500,225
3888,23-Aug-2020,45,Loyalty Coupon,Master Card,John,Oman,Salalah,RAM,175,1,175,50
3889,24-Aug-2020,41,Black Friday,Stripe,Abdullah,UAE,Muscat,Mobile,1200,1,1200,200
3890,25-Aug-2020,22,Chrismas Coupon,Cheque,David,India,Salalah,Laptop,4500,3,13500,250
3891,26-Aug-2020,47,Loyalty Coupon,Cash,Nancy,Oman,Muscat,Moniter,3000,1,3000,300
3892,27-Aug-2020,60,Black Friday,Visa Card,Raj,UAE,Salalah,Speaker,75,3,225,15
3893,28-Aug-2020,20,Chrismas Coupon,Master Card,Ramzan,India,Muscat,Keyboard,100,2,200,10
3894,29-Aug-2020,19,Loyalty Coupon,Stripe,Kumayl,Oman,Salalah,Mouse,50,3,150,5
3895,30-Aug-2020,26,Black Friday,Cheque,John,UAE,Muscat,Hard Disk,125,1,125,50
3896,31-Aug-2020,43,Chrismas Coupon,Cash,Abdullah,India,Salalah,Mother Board,4500,3,13500,225
3897,01-Sep-2020,47,Loyalty Coupon,Visa Card,David,Oman,Muscat,RAM,175,2,350,50
3898,02-Sep-2020,58,Black Friday,Master Card,Nancy,UAE,Salalah,Mobile,1200,2,2400,200
3899,03-Sep-2020,23,Chrismas Coupon,Stripe,Raj,India,Muscat,Laptop,4500,1,4500,250
3900,04-Sep-2020,55,Loyalty Coupon,Cheque,Ramzan,Oman,Salalah,Moniter,3000,1,3000,300
3901,05-Sep-2020,34,Black Friday,Cash,Kumayl,UAE,Muscat,Speaker,75,2,150,15
3902,06-Sep-2020,61,Chrismas Coupon,Visa Card,John,India,Salalah,Keyboard,100,1,100,10
3903,07-Sep-2020,33,Loyalty Coupon,Master Card,Abdullah,Oman,Muscat,Mouse,50,1,50,5
3904,08-Sep-2020,48,Black Friday,Stripe,David,UAE,Salalah,Hard Disk,125,3,375,50
3905,09-Sep-2020,59,Chrismas Coupon,Cheque,Nancy,India,Muscat,Mother Board,4500,3,13500,225
3906,10-Sep-2020,29,Loyalty Coupon,Cash,Raj,Oman,Salalah,RAM,175,3,525,50
3907,11-Sep-2020,24,Black Friday,Visa Card,Ramzan,UAE,Muscat,Mobile,1200,2,2400,200
3908,12-Sep-2020,31,Chrismas Coupon,Master Card,Kumayl,India,Salalah,Laptop,4500,2,9000,250
3909,13-Sep-2020,31,Loyalty Coupon,Stripe,John,Oman,Muscat,Moniter,3000,2,6000,300
3910,14-Sep-2020,62,Black Friday,Cheque,Abdullah,UAE,Salalah,Speaker,75,3,225,15
3911,15-Sep-2020,64,Chrismas Coupon,Cash,David,India,Muscat,Keyboard,100,1,100,10
3912,16-Sep-2020,60,Loyalty Coupon,Visa Card,Nancy,Oman,Salalah,Mouse,50,2,100,5
3913,17-Sep-2020,47,Black Friday,Master Card,Raj,UAE,Muscat,Hard Disk,125,3,375,50
3914,18-Sep-2020,43,Chrismas Coupon,Stripe,Ramzan,India,Salalah,Mother Board,4500,1,4500,225
3915,19-Sep-2020,61,Loyalty Coupon,Cheque,Kumayl,Oman,Muscat,RAM,175,1,175,50
3916,20-Sep-2020,65,Black Friday,Cash,John,UAE,Salalah,Mobile,1200,3,3600,200
3917,21-Sep-2020,23,Chrismas Coupon,Visa Card,Abdullah,India,Muscat,Laptop,4500,1,4500,250
3918,22-Sep-2020,51,Loyalty Coupon,Master Card,David,Oman,Salalah,Moniter,3000,1,3000,300
3919,23-Sep-2020,47,Black Friday,Stripe,Nancy,UAE,Muscat,Speaker,75,2,150,15
3920,24-Sep-2020,64,Chrismas Coupon,Cheque,Raj,India,Salalah,Keyboard,100,3,300,10
3921,25-Sep-2020,69,Loyalty Coupon,Cash,Ramzan,Oman,Muscat,Mouse,50,1,50,5
3922,26-Sep-2020,45,Black Friday,Visa Card,Kumayl,UAE,Salalah,Hard Disk,125,2,250,50
3923,27-Sep-2020,59,Chrismas Coupon,Master Card,John,India,Muscat,Mother Board,4500,3,13500,225
3924,28-Sep-2020,24,Loyalty Coupon,Stripe,Abdullah,Oman,Salalah,RAM,175,2,350,50
3925,29-Sep-2020,54,Black Friday,Cheque,David,UAE,Muscat,Mobile,1200,3,3600,200
3926,30-Sep-2020,23,Chrismas Coupon,Cash,Nancy,India,Salalah,Laptop,4500,2,9000,250
3927,01-Oct-2020,52,Loyalty Coupon,Visa Card,Raj,Oman,Muscat,Moniter,3000,1,3000,300
3928,02-Oct-2020,25,Black Friday,Master Card,Ramzan,UAE,Salalah,Speaker,75,1,75,15
3929,03-Oct-2020,64,Chrismas Coupon,Stripe,Kumayl,India,Muscat,Keyboard,100,2,200,10
3930,04-Oct-2020,25,Loyalty Coupon,Cheque,John,Oman,Salalah,Mouse,50,1,50,5
3931,05-Oct-2020,56,Black Friday,Cash,Abdullah,UAE,Muscat,Hard Disk,125,1,125,50
3932,06-Oct-2020,41,Chrismas Coupon,Visa Card,David,India,Salalah,Mother Board,4500,3,13500,225
3933,07-Oct-2020,38,Loyalty Coupon,Master Card,Nancy,Oman,Muscat,RAM,175,1,175,50
3934,08-Oct-2020,59,Black Friday,Stripe,Raj,UAE,Salalah,Mobile,1200,3,3600,200
3935,09-Oct-2020,36,Chrismas Coupon,Cheque,Ramzan,India,Muscat,Laptop,4500,1,4500,250
3936,10-Oct-2020,63,Loyalty Coupon,Cash,Kumayl,Oman,Salalah,Moniter,3000,2,6000,300
3937,11-Oct-2020,61,Black Friday,Visa Card,John,UAE,Muscat,Speaker,75,1,75,15
3938,12-Oct-2020,40,Chrismas Coupon,Master Card,Abdullah,India,Salalah,Keyboard,100,3,300,10
3939,13-Oct-2020,65,Loyalty Coupon,Stripe,David,Oman,Muscat,Mouse,50,2,100,5
3940,14-Oct-2020,27,Black Friday,Cheque,Nancy,UAE,Salalah,Hard Disk,125,2,250,50
3941,15-Oct-2020,54,Chrismas Coupon,Cash,Raj,India,Muscat,Mother Board,4500,1,4500,225
3942,16-Oct-2020,54,Loyalty Coupon,Visa Card,Ramzan,Oman,Salalah,RAM,175,1,175,50
3943,17-Oct-2020,59,Black Friday,Master Card,Kumayl,UAE,Muscat,Mobile,1200,2,2400,200
3944,18-Oct-2020,29,Chrismas Coupon,Stripe,John,India,Salalah,Laptop,4500,3,13500,250
3945,19-Oct-2020,35,Loyalty Coupon,Cheque,Abdullah,Oman,Muscat,Moniter,3000,3,9000,300
3946,20-Oct-2020,26,Black Friday,Cash,David,UAE,Salalah,Speaker,75,3,225,15
3947,21-Oct-2020,55,Chrismas Coupon,Visa Card,Nancy,India,Muscat,Keyboard,100,3,300,10
3948,22-Oct-2020,48,Loyalty Coupon,Master Card,Raj,Oman,Salalah,Mouse,50,3,150,5
3949,23-Oct-2020,43,Black Friday,Stripe,Ramzan,UAE,Muscat,Hard Disk,125,2,250,50
3950,24-Oct-2020,53,Chrismas Coupon,Cheque,Kumayl,India,Salalah,Mother Board,4500,3,13500,225
3951,25-Oct-2020,39,Loyalty Coupon,Cash,John,Oman,Muscat,RAM,175,2,350,50
3952,26-Oct-2020,50,Black Friday,Visa Card,Abdullah,UAE,Salalah,Mobile,1200,1,1200,200
3953,27-Oct-2020,24,Chrismas Coupon,Master Card,David,India,Muscat,Laptop,4500,3,13500,250
3954,28-Oct-2020,52,Loyalty Coupon,Stripe,Nancy,Oman,Salalah,Moniter,3000,2,6000,300
3955,29-Oct-2020,25,Black Friday,Cheque,Raj,UAE,Muscat,Speaker,75,2,150,15
3956,30-Oct-2020,19,Chrismas Coupon,Cash,Ramzan,India,Salalah,Keyboard,100,2,200,10
3957,31-Oct-2020,19,Loyalty Coupon,Visa Card,Kumayl,Oman,Muscat,Mouse,50,3,150,5
3958,01-Nov-2020,44,Black Friday,Master Card,John,UAE,Salalah,Hard Disk,125,3,375,50
3959,02-Nov-2020,38,Chrismas Coupon,Stripe,Abdullah,India,Muscat,Mother Board,4500,3,13500,225
3960,03-Nov-2020,56,Loyalty Coupon,Cheque,David,Oman,Salalah,RAM,175,1,175,50
3961,04-Nov-2020,49,Black Friday,Cash,Nancy,UAE,Muscat,Mobile,1200,1,1200,200
3962,05-Nov-2020,41,Chrismas Coupon,Visa Card,Raj,India,Salalah,Laptop,4500,2,9000,250
3963,06-Nov-2020,56,Loyalty Coupon,Master Card,Ramzan,Oman,Muscat,Moniter,3000,2,6000,300
3964,07-Nov-2020,38,Black Friday,Stripe,Kumayl,UAE,Salalah,Speaker,75,2,150,15
3965,08-Nov-2020,56,Chrismas Coupon,Cheque,John,India,Muscat,Keyboard,100,1,100,10
3966,09-Nov-2020,64,Loyalty Coupon,Cash,Abdullah,Oman,Salalah,Mouse,50,3,150,5
3967,10-Nov-2020,50,Black Friday,Visa Card,David,UAE,Muscat,Hard Disk,125,1,125,50
3968,11-Nov-2020,46,Chrismas Coupon,Master Card,Nancy,India,Salalah,Mother Board,4500,1,4500,225
3969,12-Nov-2020,25,Loyalty Coupon,Stripe,Raj,Oman,Muscat,RAM,175,3,525,50
3970,13-Nov-2020,63,Black Friday,Cheque,Ramzan,UAE,Salalah,Mobile,1200,1,1200,200
3971,14-Nov-2020,33,Chrismas Coupon,Cash,Kumayl,India,Muscat,Laptop,4500,1,4500,250
3972,15-Nov-2020,66,Loyalty Coupon,Visa Card,John,Oman,Salalah,Moniter,3000,2,6000,300
3973,16-Nov-2020,27,Black Friday,Master Card,Abdullah,UAE,Muscat,Speaker,75,2,150,15
3974,17-Nov-2020,22,Chrismas Coupon,Stripe,David,India,Salalah,Keyboard,100,1,100,10
3975,18-Nov-2020,48,Loyalty Coupon,Cheque,Nancy,Oman,Muscat,Mouse,50,3,150,5
3976,19-Nov-2020,40,Black Friday,Cash,Raj,UAE,Salalah,Hard Disk,125,1,125,50
3977,20-Nov-2020,46,Chrismas Coupon,Visa Card,Ramzan,India,Muscat,Mother Board,4500,1,4500,225
3978,21-Nov-2020,46,Loyalty Coupon,Master Card,Kumayl,Oman,Salalah,RAM,175,2,350,50
3979,22-Nov-2020,66,Black Friday,Stripe,John,UAE,Muscat,Mobile,1200,1,1200,200
3980,23-Nov-2020,27,Chrismas Coupon,Cheque,Abdullah,India,Salalah,Laptop,4500,3,13500,250
3981,24-Nov-2020,56,Loyalty Coupon,Cash,David,Oman,Muscat,Moniter,3000,2,6000,300
3982,25-Nov-2020,23,Black Friday,Visa Card,Nancy,UAE,Salalah,Speaker,75,2,150,15
3983,26-Nov-2020,60,Chrismas Coupon,Master Card,Raj,India,Muscat,Keyboard,100,3,300,10
3984,27-Nov-2020,58,Loyalty Coupon,Stripe,Ramzan,Oman,Salalah,Mouse,50,1,50,5
3985,28-Nov-2020,59,Black Friday,Cheque,Kumayl,UAE,Muscat,Hard Disk,125,2,250,50
3986,29-Nov-2020,63,Chrismas Coupon,Cash,John,India,Salalah,Mother Board,4500,1,4500,225
3987,30-Nov-2020,28,Loyalty Coupon,Visa Card,Abdullah,Oman,Muscat,RAM,175,2,350,50
3988,01-Dec-2020,44,Black Friday,Master Card,David,UAE,Salalah,Mobile,1200,3,3600,200
3989,02-Dec-2020,27,Chrismas Coupon,Stripe,Nancy,India,Muscat,Laptop,4500,1,4500,250
3990,03-Dec-2020,37,Loyalty Coupon,Cheque,Raj,Oman,Salalah,Moniter,3000,3,9000,300
3991,04-Dec-2020,49,Black Friday,Cash,Ramzan,UAE,Muscat,Speaker,75,2,150,15
3992,05-Dec-2020,65,Chrismas Coupon,Visa Card,Kumayl,India,Salalah,Keyboard,100,2,200,10
3993,06-Dec-2020,52,Loyalty Coupon,Master Card,John,Oman,Muscat,Mouse,50,3,150,5
3994,07-Dec-2020,59,Black Friday,Stripe,Abdullah,UAE,Salalah,Hard Disk,125,3,375,50
3995,08-Dec-2020,41,Chrismas Coupon,Cheque,David,India,Muscat,Mother Board,4500,1,4500,225
3996,09-Dec-2020,21,Loyalty Coupon,Cash,Nancy,Oman,Salalah,RAM,175,3,525,50
3997,10-Dec-2020,69,Black Friday,Visa Card,Raj,UAE,Muscat,Mobile,1200,1,1200,200
3998,11-Dec-2020,25,Chrismas Coupon,Master Card,Ramzan,India,Salalah,Laptop,4500,1,4500,250
3999,12-Dec-2020,56,Loyalty Coupon,Stripe,Kumayl,Oman,Muscat,Moniter,3000,2,6000,300
4000,13-Dec-2020,62,Black Friday,Cheque,John,UAE,Salalah,Speaker,75,1,75,15
4001,14-Dec-2020,45,Chrismas Coupon,Cash,Abdullah,India,Muscat,Keyboard,100,3,300,10
4002,15-Dec-2020,60,Loyalty Coupon,Visa Card,David,Oman,Salalah,Mouse,50,3,150,5
4003,16-Dec-2020,24,Black Friday,Master Card,Nancy,UAE,Muscat,Hard Disk,125,2,250,50
4004,17-Dec-2020,22,Chrismas Coupon,Stripe,Raj,India,Salalah,Mother Board,4500,1,4500,225
4005,18-Dec-2020,33,Loyalty Coupon,Cheque,Ramzan,Oman,Muscat,RAM,175,1,175,50
4006,19-Dec-2020,70,Black Friday,Cash,Kumayl,UAE,Salalah,Mobile,1200,2,2400,200
4007,20-Dec-2020,46,Chrismas Coupon,Visa Card,John,India,Muscat,Laptop,4500,2,9000,250
4008,21-Dec-2020,33,Loyalty Coupon,Master Card,Abdullah,Oman,Salalah,Moniter,3000,1,3000,300
4009,22-Dec-2020,61,Black Friday,Stripe,David,UAE,Muscat,Speaker,75,3,225,15
4010,23-Dec-2020,28,Chrismas Coupon,Cheque,Nancy,India,Salalah,Keyboard,100,2,200,10
4011,24-Dec-2020,54,Loyalty Coupon,Cash,Raj,Oman,Muscat,Mouse,50,1,50,5
4012,25-Dec-2020,22,Black Friday,Visa Card,Ramzan,UAE,Salalah,Hard Disk,125,3,375,50
4013,26-Dec-2020,21,Chrismas Coupon,Master Card,Kumayl,India,Muscat,Mother Board,4500,3,13500,225
4014,27-Dec-2020,48,Loyalty Coupon,Stripe,John,Oman,Salalah,RAM,175,3,525,50
4015,28-Dec-2020,30,Black Friday,Cheque,Abdullah,UAE,Muscat,Mobile,1200,3,3600,200
4016,29-Dec-2020,69,Chrismas Coupon,Cash,David,India,Salalah,Laptop,4500,2,9000,250
4017,30-Dec-2020,33,Loyalty Coupon,Visa Card,Nancy,Oman,Muscat,Moniter,3000,3,9000,300
4018,31-Dec-2020,43,Black Friday,Master Card,Raj,UAE,Salalah,Speaker,75,2,150,15
4019,01-Jan-2021,62,Chrismas Coupon,Stripe,Ramzan,India,Muscat,Keyboard,100,2,200,10
4020,02-Jan-2021,66,Loyalty Coupon,Cheque,Kumayl,Oman,Salalah,Mouse,50,2,100,5
4021,03-Jan-2021,44,Black Friday,Cash,John,UAE,Muscat,Hard Disk,125,1,125,50
4022,04-Jan-2021,62,Chrismas Coupon,Visa Card,Abdullah,India,Salalah,Mother Board,4500,3,13500,225
4023,05-Jan-2021,38,Loyalty Coupon,Master Card,David,Oman,Muscat,RAM,175,3,525,50
4024,06-Jan-2021,60,Black Friday,Stripe,Nancy,UAE,Salalah,Mobile,1200,1,1200,200
4025,07-Jan-2021,26,Chrismas Coupon,Cheque,Raj,India,Muscat,Laptop,4500,3,13500,250
4026,08-Jan-2021,49,Loyalty Coupon,Cash,Ramzan,Oman,Salalah,Moniter,3000,3,9000,300
4027,09-Jan-2021,31,Black Friday,Visa Card,Kumayl,UAE,Muscat,Speaker,75,3,225,15
4028,10-Jan-2021,28,Chrismas Coupon,Master Card,John,India,Salalah,Keyboard,100,2,200,10
4029,11-Jan-2021,20,Loyalty Coupon,Stripe,Abdullah,Oman,Muscat,Mouse,50,2,100,5
4030,12-Jan-2021,21,Black Friday,Cheque,David,UAE,Muscat,Hard Disk,125,2,250,50
4031,13-Jan-2021,69,Chrismas Coupon,Cash,Nancy,India,Muscat,Mother Board,4500,2,9000,225
4032,14-Jan-2021,31,Loyalty Coupon,Visa Card,Raj,Oman,Muscat,RAM,175,2,350,50
4033,15-Jan-2021,49,Black Friday,Master Card,Ramzan,UAE,Muscat,Mobile,1200,1,1200,200
4034,16-Jan-2021,60,Chrismas Coupon,Stripe,Kumayl,India,Muscat,Laptop,4500,1,4500,250
4035,17-Jan-2021,25,Loyalty Coupon,Cheque,John,Oman,Muscat,Moniter,3000,1,3000,300
4036,18-Jan-2021,63,Black Friday,Cash,Abdullah,UAE,Muscat,Speaker,75,3,225,15
4037,19-Jan-2021,46,Chrismas Coupon,Visa Card,David,India,Muscat,Keyboard,100,3,300,10
4038,20-Jan-2021,56,Loyalty Coupon,Master Card,Nancy,Oman,Muscat,Mouse,50,1,50,5
4039,21-Jan-2021,20,Black Friday,Stripe,Raj,UAE,Muscat,Hard Disk,125,1,125,50
4040,22-Jan-2021,18,Chrismas Coupon,Cheque,Ramzan,India,Muscat,Mother Board,4500,1,4500,225
4041,23-Jan-2021,39,Loyalty Coupon,Cash,Kumayl,Oman,Muscat,RAM,175,3,525,50
4042,24-Jan-2021,66,Black Friday,Visa Card,John,UAE,Muscat,Mobile,1200,2,2400,200
4043,25-Jan-2021,31,Chrismas Coupon,Master Card,Abdullah,India,Muscat,Laptop,4500,1,4500,250
4044,26-Jan-2021,36,Loyalty Coupon,Stripe,David,Oman,Muscat,Moniter,3000,3,9000,300
4045,27-Jan-2021,20,Black Friday,Cheque,Nancy,UAE,Muscat,Speaker,75,1,75,15
4046,28-Jan-2021,35,Chrismas Coupon,Cash,Raj,India,Muscat,Keyboard,100,2,200,10
4047,29-Jan-2021,44,Loyalty Coupon,Visa Card,Ramzan,Oman,Muscat,Mouse,50,3,150,5
4048,30-Jan-2021,39,Black Friday,Master Card,Kumayl,UAE,Muscat,Hard Disk,125,1,125,50
4049,31-Jan-2021,63,Chrismas Coupon,Stripe,John,India,Muscat,Mother Board,4500,2,9000,225
4050,01-Feb-2021,64,Loyalty Coupon,Cheque,Abdullah,Oman,Muscat,RAM,175,3,525,50
4051,02-Feb-2021,46,Black Friday,Cash,David,UAE,Muscat,Mobile,1200,1,1200,200
4052,03-Feb-2021,46,Chrismas Coupon,Visa Card,Nancy,India,Muscat,Laptop,4500,3,13500,250
4053,04-Feb-2021,41,Loyalty Coupon,Master Card,Raj,Oman,Muscat,Moniter,3000,3,9000,300
4054,05-Feb-2021,69,Black Friday,Stripe,Ramzan,UAE,Muscat,Speaker,75,3,225,15
4055,06-Feb-2021,61,Chrismas Coupon,Cheque,Kumayl,India,Muscat,Keyboard,100,3,300,10
4056,07-Feb-2021,25,Loyalty Coupon,Cash,John,Oman,Muscat,Mouse,50,2,100,5
4057,08-Feb-2021,37,Black Friday,Visa Card,Abdullah,UAE,Muscat,Hard Disk,125,3,375,50
4058,09-Feb-2021,32,Chrismas Coupon,Master Card,David,India,Muscat,Mother Board,4500,2,9000,225
4059,10-Feb-2021,40,Loyalty Coupon,Stripe,Nancy,Oman,Muscat,RAM,175,2,350,50
4060,11-Feb-2021,68,Black Friday,Cheque,Raj,UAE,Muscat,Mobile,1200,3,3600,200
4061,12-Feb-2021,23,Chrismas Coupon,Cash,Ramzan,India,Muscat,Laptop,4500,2,9000,250
4062,13-Feb-2021,70,Loyalty Coupon,Visa Card,Kumayl,Oman,Muscat,Moniter,3000,3,9000,300
4063,14-Feb-2021,63,Black Friday,Master Card,John,UAE,Muscat,Speaker,75,3,225,15
4064,15-Feb-2021,22,Chrismas Coupon,Stripe,Abdullah,India,Muscat,Keyboard,100,1,100,10
4065,16-Feb-2021,53,Loyalty Coupon,Cheque,David,Oman,Muscat,Mouse,50,1,50,5
4066,17-Feb-2021,50,Black Friday,Cash,Nancy,UAE,Muscat,Hard Disk,125,1,125,50
4067,18-Feb-2021,49,Chrismas Coupon,Visa Card,Raj,India,Muscat,Mother Board,4500,2,9000,225
4068,19-Feb-2021,22,Loyalty Coupon,Master Card,Ramzan,Oman,Muscat,RAM,175,3,525,50
4069,20-Feb-2021,28,Black Friday,Stripe,Kumayl,UAE,Muscat,Mobile,1200,3,3600,200
4070,21-Feb-2021,42,Chrismas Coupon,Cheque,John,India,Muscat,Laptop,4500,2,9000,250
4071,22-Feb-2021,44,Loyalty Coupon,Cash,Abdullah,Oman,Muscat,Moniter,3000,2,6000,300
4072,23-Feb-2021,60,Black Friday,Visa Card,David,UAE,Muscat,Speaker,75,1,75,15
4073,24-Feb-2021,43,Chrismas Coupon,Master Card,Nancy,India,Muscat,Keyboard,100,2,200,10
4074,25-Feb-2021,43,Loyalty Coupon,Stripe,Raj,Oman,Muscat,Mouse,50,3,150,5
4075,26-Feb-2021,49,Black Friday,Cheque,Ramzan,UAE,Muscat,Hard Disk,125,3,375,50
4076,27-Feb-2021,36,Chrismas Coupon,Cash,Kumayl,India,Salalah,Mother Board,4500,3,13500,225
4077,28-Feb-2021,30,Loyalty Coupon,Visa Card,John,Oman,Muscat,RAM,175,2,350,50
4078,01-Mar-2021,32,Black Friday,Master Card,Abdullah,UAE,Salalah,Mobile,1200,3,3600,200
4079,02-Mar-2021,19,Chrismas Coupon,Stripe,David,India,Muscat,Laptop,4500,3,13500,250
4080,03-Mar-2021,64,Loyalty Coupon,Cheque,Nancy,Oman,Salalah,Moniter,3000,1,3000,300
4081,04-Mar-2021,44,Black Friday,Cash,Raj,UAE,Muscat,Speaker,75,2,150,15
4082,05-Mar-2021,59,Chrismas Coupon,Visa Card,Ramzan,India,Salalah,Keyboard,100,1,100,10
4083,06-Mar-2021,62,Loyalty Coupon,Master Card,Kumayl,Oman,Muscat,Mouse,50,1,50,5
4084,07-Mar-2021,68,Black Friday,Stripe,John,UAE,Salalah,Hard Disk,125,2,250,50
4085,08-Mar-2021,64,Chrismas Coupon,Cheque,Abdullah,India,Muscat,Mother Board,4500,2,9000,225
4086,09-Mar-2021,62,Loyalty Coupon,Cash,David,Oman,Salalah,RAM,175,1,175,50
4087,10-Mar-2021,53,Black Friday,Visa Card,Nancy,UAE,Muscat,Mobile,1200,2,2400,200
4088,11-Mar-2021,55,Chrismas Coupon,Master Card,Raj,India,Salalah,Laptop,4500,2,9000,250
4089,12-Mar-2021,52,Loyalty Coupon,Stripe,Ramzan,Oman,Muscat,Moniter,3000,3,9000,300
4090,13-Mar-2021,47,Black Friday,Cheque,Kumayl,UAE,Salalah,Speaker,75,3,225,15
4091,14-Mar-2021,68,Chrismas Coupon,Cash,John,India,Muscat,Keyboard,100,1,100,10
4092,15-Mar-2021,67,Loyalty Coupon,Visa Card,Abdullah,Oman,Salalah,Mouse,50,2,100,5
4093,16-Mar-2021,25,Black Friday,Master Card,David,UAE,Muscat,Hard Disk,125,1,125,50
4094,17-Mar-2021,48,Chrismas Coupon,Stripe,Nancy,India,Salalah,Mother Board,4500,2,9000,225
4095,18-Mar-2021,64,Loyalty Coupon,Cheque,Raj,Oman,Muscat,RAM,175,2,350,50
4096,19-Mar-2021,57,Black Friday,Cash,Ramzan,UAE,Salalah,Mobile,1200,3,3600,200
4097,20-Mar-2021,27,Chrismas Coupon,Visa Card,Kumayl,India,Muscat,Laptop,4500,3,13500,250
4098,21-Mar-2021,57,Loyalty Coupon,Master Card,John,Oman,Salalah,Moniter,3000,2,6000,300
4099,22-Mar-2021,49,Black Friday,Stripe,Abdullah,UAE,Muscat,Speaker,75,1,75,15
4100,23-Mar-2021,67,Chrismas Coupon,Cheque,David,India,Salalah,Keyboard,100,1,100,10
4101,24-Mar-2021,68,Loyalty Coupon,Cash,Nancy,Oman,Muscat,Mouse,50,2,100,5
4102,25-Mar-2021,21,Black Friday,Visa Card,Raj,UAE,Salalah,Hard Disk,125,1,125,50
4103,26-Mar-2021,49,Chrismas Coupon,Master Card,Ramzan,India,Muscat,Mother Board,4500,2,9000,225
4104,27-Mar-2021,66,Loyalty Coupon,Stripe,Kumayl,Oman,Salalah,RAM,175,1,175,50
4105,28-Mar-2021,30,Black Friday,Cheque,John,UAE,Muscat,Mobile,1200,2,2400,200
4106,29-Mar-2021,59,Chrismas Coupon,Cash,Abdullah,India,Salalah,Laptop,4500,2,9000,250
4107,30-Mar-2021,57,Loyalty Coupon,Visa Card,David,Oman,Muscat,Moniter,3000,2,6000,300
4108,31-Mar-2021,20,Black Friday,Master Card,Nancy,UAE,Salalah,Speaker,75,3,225,15
4109,01-Apr-2021,25,Chrismas Coupon,Stripe,Raj,India,Muscat,Keyboard,100,1,100,10
4110,02-Apr-2021,53,Loyalty Coupon,Cheque,Ramzan,Oman,Salalah,Mouse,50,2,100,5
4111,03-Apr-2021,54,Black Friday,Cash,Kumayl,UAE,Muscat,Hard Disk,125,1,125,50
4112,04-Apr-2021,70,Chrismas Coupon,Visa Card,John,India,Salalah,Mother Board,4500,1,4500,225
4113,05-Apr-2021,46,Loyalty Coupon,Master Card,Abdullah,Oman,Muscat,RAM,175,2,350,50
4114,06-Apr-2021,31,Black Friday,Stripe,David,UAE,Salalah,Mobile,1200,3,3600,200
4115,07-Apr-2021,52,Chrismas Coupon,Cheque,Nancy,India,Muscat,Laptop,4500,1,4500,250
4116,08-Apr-2021,46,Loyalty Coupon,Cash,Raj,Oman,Salalah,Moniter,3000,3,9000,300
4117,09-Apr-2021,69,Black Friday,Visa Card,Ramzan,UAE,Muscat,Speaker,75,1,75,15
4118,10-Apr-2021,26,Chrismas Coupon,Master Card,Kumayl,India,Salalah,Keyboard,100,3,300,10
4119,11-Apr-2021,61,Loyalty Coupon,Stripe,John,Oman,Muscat,Mouse,50,2,100,5
4120,12-Apr-2021,62,Black Friday,Cheque,Abdullah,UAE,Salalah,Hard Disk,125,1,125,50
4121,13-Apr-2021,47,Chrismas Coupon,Cash,David,India,Muscat,Mother Board,4500,2,9000,225
4122,14-Apr-2021,36,Loyalty Coupon,Visa Card,Nancy,Oman,Salalah,RAM,175,3,525,50
4123,15-Apr-2021,26,Black Friday,Master Card,Raj,UAE,Muscat,Mobile,1200,1,1200,200
4124,16-Apr-2021,68,Chrismas Coupon,Stripe,Ramzan,India,Salalah,Laptop,4500,2,9000,250
4125,17-Apr-2021,51,Loyalty Coupon,Cheque,Kumayl,Oman,Muscat,Moniter,3000,2,6000,300
4126,18-Apr-2021,57,Black Friday,Cash,John,UAE,Salalah,Speaker,75,3,225,15
4127,19-Apr-2021,26,Chrismas Coupon,Visa Card,Abdullah,India,Muscat,Keyboard,100,2,200,10
4128,20-Apr-2021,46,Loyalty Coupon,Master Card,David,Oman,Salalah,Mouse,50,3,150,5
4129,21-Apr-2021,41,Black Friday,Stripe,Nancy,UAE,Muscat,Hard Disk,125,3,375,50
4130,22-Apr-2021,52,Chrismas Coupon,Cheque,Raj,India,Salalah,Mother Board,4500,2,9000,225
4131,23-Apr-2021,69,Loyalty Coupon,Cash,Ramzan,Oman,Muscat,RAM,175,1,175,50
4132,24-Apr-2021,19,Black Friday,Visa Card,Kumayl,UAE,Salalah,Mobile,1200,1,1200,200
4133,25-Apr-2021,34,Chrismas Coupon,Master Card,John,India,Muscat,Laptop,4500,3,13500,250
4134,26-Apr-2021,48,Loyalty Coupon,Stripe,Abdullah,Oman,Salalah,Moniter,3000,3,9000,300
4135,27-Apr-2021,69,Black Friday,Cheque,David,UAE,Muscat,Speaker,75,2,150,15
4136,28-Apr-2021,30,Chrismas Coupon,Cash,Nancy,India,Salalah,Keyboard,100,1,100,10
4137,29-Apr-2021,35,Loyalty Coupon,Visa Card,Raj,Oman,Muscat,Mouse,50,3,150,5
4138,30-Apr-2021,45,Black Friday,Master Card,Ramzan,UAE,Salalah,Hard Disk,125,2,250,50
4139,01-May-2021,25,Chrismas Coupon,Stripe,Kumayl,India,Muscat,Mother Board,4500,3,13500,225
4140,02-May-2021,56,Loyalty Coupon,Cheque,John,Oman,Salalah,RAM,175,3,525,50
4141,03-May-2021,35,Black Friday,Cash,Abdullah,UAE,Muscat,Mobile,1200,1,1200,200
4142,04-May-2021,58,Chrismas Coupon,Visa Card,David,India,Salalah,Laptop,4500,1,4500,250
4143,05-May-2021,40,Loyalty Coupon,Master Card,Nancy,Oman,Muscat,Moniter,3000,3,9000,300
4144,06-May-2021,24,Black Friday,Stripe,Raj,UAE,Salalah,Speaker,75,3,225,15
4145,07-May-2021,54,Chrismas Coupon,Cheque,Ramzan,India,Muscat,Keyboard,100,2,200,10
4146,08-May-2021,46,Loyalty Coupon,Cash,Kumayl,Oman,Salalah,Mouse,50,2,100,5
4147,09-May-2021,29,Black Friday,Visa Card,John,UAE,Muscat,Hard Disk,125,3,375,50
4148,10-May-2021,57,Chrismas Coupon,Master Card,Abdullah,India,Salalah,Mother Board,4500,3,13500,225
4149,11-May-2021,68,Loyalty Coupon,Stripe,David,Oman,Muscat,RAM,175,2,350,50
4150,12-May-2021,24,Black Friday,Cheque,Nancy,UAE,Salalah,Mobile,1200,2,2400,200
4151,13-May-2021,60,Chrismas Coupon,Cash,Raj,India,Muscat,Laptop,4500,2,9000,250
4152,14-May-2021,67,Loyalty Coupon,Visa Card,Ramzan,Oman,Salalah,Moniter,3000,1,3000,300
4153,15-May-2021,33,Black Friday,Master Card,Kumayl,UAE,Muscat,Speaker,75,2,150,15
4154,16-May-2021,55,Chrismas Coupon,Stripe,John,India,Salalah,Keyboard,100,2,200,10
4155,17-May-2021,24,Loyalty Coupon,Cheque,Abdullah,Oman,Muscat,Mouse,50,2,100,5
4156,18-May-2021,63,Black Friday,Cash,David,UAE,Salalah,Hard Disk,125,2,250,50
4157,19-May-2021,56,Chrismas Coupon,Visa Card,Nancy,India,Muscat,Mother Board,4500,3,13500,225
4158,20-May-2021,56,Loyalty Coupon,Master Card,Raj,Oman,Salalah,RAM,175,1,175,50
4159,21-May-2021,63,Black Friday,Stripe,Ramzan,UAE,Muscat,Mobile,1200,1,1200,200
4160,22-May-2021,35,Chrismas Coupon,Cheque,Kumayl,India,Salalah,Laptop,4500,1,4500,250
4161,23-May-2021,25,Loyalty Coupon,Cash,John,Oman,Muscat,Moniter,3000,3,9000,300
4162,24-May-2021,62,Black Friday,Visa Card,Abdullah,UAE,Salalah,Speaker,75,2,150,15
4163,25-May-2021,23,Chrismas Coupon,Master Card,David,India,Muscat,Keyboard,100,2,200,10
4164,26-May-2021,64,Loyalty Coupon,Stripe,Nancy,Oman,Salalah,Mouse,50,1,50,5
4165,27-May-2021,26,Black Friday,Cheque,Raj,UAE,Muscat,Hard Disk,125,3,375,50
4166,28-May-2021,40,Chrismas Coupon,Cash,Ramzan,India,Salalah,Mother Board,4500,2,9000,225
4167,29-May-2021,25,Loyalty Coupon,Visa Card,Kumayl,Oman,Muscat,RAM,175,2,350,50
4168,30-May-2021,59,Black Friday,Master Card,John,UAE,Salalah,Mobile,1200,3,3600,200
4169,31-May-2021,58,Chrismas Coupon,Stripe,Abdullah,India,Muscat,Laptop,4500,1,4500,250
4170,01-Jun-2021,63,Loyalty Coupon,Cheque,David,Oman,Salalah,Moniter,3000,1,3000,300
4171,02-Jun-2021,37,Black Friday,Cash,Nancy,UAE,Muscat,Speaker,75,3,225,15
4172,03-Jun-2021,40,Chrismas Coupon,Visa Card,Raj,India,Salalah,Keyboard,100,1,100,10
4173,04-Jun-2021,18,Loyalty Coupon,Master Card,Ramzan,Oman,Muscat,Mouse,50,2,100,5
4174,05-Jun-2021,43,Black Friday,Stripe,Kumayl,UAE,Salalah,Hard Disk,125,2,250,50
4175,06-Jun-2021,23,Chrismas Coupon,Cheque,John,India,Muscat,Mother Board,4500,2,9000,225
4176,07-Jun-2021,19,Loyalty Coupon,Cash,Abdullah,Oman,Salalah,RAM,175,1,175,50
4177,08-Jun-2021,69,Black Friday,Visa Card,David,UAE,Muscat,Mobile,1200,1,1200,200
4178,09-Jun-2021,37,Chrismas Coupon,Master Card,Nancy,India,Salalah,Laptop,4500,3,13500,250
4179,10-Jun-2021,32,Loyalty Coupon,Stripe,Raj,Oman,Muscat,Moniter,3000,1,3000,300
4180,11-Jun-2021,19,Black Friday,Cheque,Ramzan,UAE,Salalah,Speaker,75,2,150,15
4181,12-Jun-2021,50,Chrismas Coupon,Cash,Kumayl,India,Muscat,Keyboard,100,3,300,10
4182,13-Jun-2021,25,Loyalty Coupon,Visa Card,John,Oman,Salalah,Mouse,50,2,100,5
4183,14-Jun-2021,20,Black Friday,Master Card,Abdullah,UAE,Muscat,Hard Disk,125,2,250,50
4184,15-Jun-2021,44,Chrismas Coupon,Stripe,David,India,Salalah,Mother Board,4500,1,4500,225
4185,16-Jun-2021,63,Loyalty Coupon,Cheque,Nancy,Oman,Muscat,RAM,175,1,175,50
4186,17-Jun-2021,39,Black Friday,Cash,Raj,UAE,Salalah,Mobile,1200,1,1200,200
4187,18-Jun-2021,58,Chrismas Coupon,Visa Card,Ramzan,India,Muscat,Laptop,4500,3,13500,250
4188,19-Jun-2021,30,Loyalty Coupon,Master Card,Kumayl,Oman,Salalah,Moniter,3000,3,9000,300
4189,20-Jun-2021,41,Black Friday,Stripe,John,UAE,Muscat,Speaker,75,1,75,15
4190,21-Jun-2021,24,Chrismas Coupon,Cheque,Abdullah,India,Salalah,Keyboard,100,2,200,10
4191,22-Jun-2021,37,Loyalty Coupon,Cash,David,Oman,Muscat,Mouse,50,1,50,5
4192,23-Jun-2021,31,Black Friday,Visa Card,Nancy,UAE,Salalah,Hard Disk,125,2,250,50
4193,24-Jun-2021,43,Chrismas Coupon,Master Card,Raj,India,Muscat,Mother Board,4500,2,9000,225
4194,25-Jun-2021,61,Loyalty Coupon,Stripe,Ramzan,Oman,Salalah,RAM,175,1,175,50
4195,26-Jun-2021,45,Black Friday,Cheque,Kumayl,UAE,Muscat,Mobile,1200,1,1200,200
4196,27-Jun-2021,69,Chrismas Coupon,Cash,John,India,Salalah,Laptop,4500,2,9000,250
4197,28-Jun-2021,19,Loyalty Coupon,Visa Card,Abdullah,Oman,Muscat,Moniter,3000,1,3000,300
4198,29-Jun-2021,69,Black Friday,Master Card,David,UAE,Salalah,Speaker,75,1,75,15
4199,30-Jun-2021,36,Chrismas Coupon,Stripe,Nancy,India,Muscat,Keyboard,100,3,300,10
4200,01-Jul-2021,49,Loyalty Coupon,Cheque,Raj,Oman,Salalah,Mouse,50,3,150,5
4201,02-Jul-2021,55,Black Friday,Cash,Ramzan,UAE,Muscat,Hard Disk,125,3,375,50
4202,03-Jul-2021,34,Chrismas Coupon,Visa Card,Kumayl,India,Salalah,Mother Board,4500,2,9000,225
4203,04-Jul-2021,29,Loyalty Coupon,Master Card,John,Oman,Muscat,RAM,175,1,175,50
4204,05-Jul-2021,38,Black Friday,Stripe,Abdullah,UAE,Salalah,Mobile,1200,1,1200,200
4205,06-Jul-2021,41,Chrismas Coupon,Cheque,David,India,Muscat,Laptop,4500,3,13500,250
4206,07-Jul-2021,39,Loyalty Coupon,Cash,Nancy,Oman,Salalah,Moniter,3000,1,3000,300
4207,08-Jul-2021,58,Black Friday,Visa Card,Raj,UAE,Muscat,Speaker,75,1,75,15
4208,09-Jul-2021,34,Chrismas Coupon,Master Card,Ramzan,India,Salalah,Keyboard,100,1,100,10
4209,10-Jul-2021,66,Loyalty Coupon,Stripe,Kumayl,Oman,Muscat,Mouse,50,1,50,5
4210,11-Jul-2021,26,Black Friday,Cheque,John,UAE,Salalah,Hard Disk,125,3,375,50
4211,12-Jul-2021,38,Chrismas Coupon,Cash,Abdullah,India,Muscat,Mother Board,4500,3,13500,225
4212,13-Jul-2021,34,Loyalty Coupon,Visa Card,David,Oman,Salalah,RAM,175,3,525,50
4213,14-Jul-2021,56,Black Friday,Master Card,Nancy,UAE,Muscat,Mobile,1200,1,1200,200
4214,15-Jul-2021,49,Chrismas Coupon,Stripe,Raj,India,Salalah,Laptop,4500,1,4500,250
4215,16-Jul-2021,60,Loyalty Coupon,Cheque,Ramzan,Oman,Muscat,Moniter,3000,3,9000,300
4216,17-Jul-2021,62,Black Friday,Cash,Kumayl,UAE,Salalah,Speaker,75,1,75,15
4217,18-Jul-2021,29,Chrismas Coupon,Visa Card,John,India,Muscat,Keyboard,100,3,300,10
4218,19-Jul-2021,51,Loyalty Coupon,Master Card,Abdullah,Oman,Salalah,Mouse,50,3,150,5
4219,20-Jul-2021,68,Black Friday,Stripe,David,UAE,Muscat,Hard Disk,125,2,250,50
4220,21-Jul-2021,36,Chrismas Coupon,Cheque,Nancy,India,Salalah,Mother Board,4500,3,13500,225
4221,22-Jul-2021,58,Loyalty Coupon,Cash,Raj,Oman,Muscat,RAM,175,1,175,50
4222,23-Jul-2021,40,Black Friday,Visa Card,Ramzan,UAE,Salalah,Mobile,1200,2,2400,200
4223,24-Jul-2021,29,Chrismas Coupon,Master Card,Kumayl,India,Muscat,Laptop,4500,2,9000,250
4224,25-Jul-2021,48,Loyalty Coupon,Stripe,John,Oman,Salalah,Moniter,3000,2,6000,300
4225,26-Jul-2021,23,Black Friday,Cheque,Abdullah,UAE,Muscat,Speaker,75,3,225,15
4226,27-Jul-2021,32,Chrismas Coupon,Cash,David,India,Salalah,Keyboard,100,1,100,10
4227,28-Jul-2021,46,Loyalty Coupon,Visa Card,Nancy,Oman,Muscat,Mouse,50,1,50,5
4228,29-Jul-2021,45,Black Friday,Master Card,Raj,UAE,Salalah,Hard Disk,125,1,125,50
4229,30-Jul-2021,34,Chrismas Coupon,Stripe,Ramzan,India,Muscat,Mother Board,4500,2,9000,225
4230,31-Jul-2021,37,Loyalty Coupon,Cheque,Kumayl,Oman,Salalah,RAM,175,1,175,50
4231,01-Aug-2021,31,Black Friday,Cash,John,UAE,Muscat,Mobile,1200,2,2400,200
4232,02-Aug-2021,21,Chrismas Coupon,Visa Card,Abdullah,India,Salalah,Laptop,4500,2,9000,250
4233,03-Aug-2021,37,Loyalty Coupon,Master Card,David,Oman,Muscat,Moniter,3000,3,9000,300
4234,04-Aug-2021,44,Black Friday,Stripe,Nancy,UAE,Salalah,Speaker,75,3,225,15
4235,05-Aug-2021,53,Chrismas Coupon,Cheque,Raj,India,Muscat,Keyboard,100,2,200,10
4236,06-Aug-2021,64,Loyalty Coupon,Cash,Ramzan,Oman,Salalah,Mouse,50,2,100,5
4237,07-Aug-2021,37,Black Friday,Visa Card,Kumayl,UAE,Muscat,Hard Disk,125,3,375,50
4238,08-Aug-2021,29,Chrismas Coupon,Master Card,John,India,Salalah,Mother Board,4500,2,9000,225
4239,09-Aug-2021,24,Loyalty Coupon,Stripe,Abdullah,Oman,Muscat,RAM,175,3,525,50
4240,10-Aug-2021,58,Black Friday,Cheque,David,UAE,Salalah,Mobile,1200,2,2400,200
4241,11-Aug-2021,29,Chrismas Coupon,Cash,Nancy,India,Muscat,Laptop,4500,2,9000,250
4242,12-Aug-2021,40,Loyalty Coupon,Visa Card,Raj,Oman,Salalah,Moniter,3000,3,9000,300
4243,13-Aug-2021,69,Black Friday,Master Card,Ramzan,UAE,Muscat,Speaker,75,3,225,15
4244,14-Aug-2021,33,Chrismas Coupon,Stripe,Kumayl,India,Salalah,Keyboard,100,2,200,10
4245,15-Aug-2021,45,Loyalty Coupon,Cheque,John,Oman,Muscat,Mouse,50,3,150,5
4246,16-Aug-2021,26,Black Friday,Cash,Abdullah,UAE,Salalah,Hard Disk,125,3,375,50
4247,17-Aug-2021,55,Chrismas Coupon,Visa Card,David,India,Muscat,Mother Board,4500,3,13500,225
4248,18-Aug-2021,21,Loyalty Coupon,Master Card,Nancy,Oman,Salalah,RAM,175,1,175,50
4249,19-Aug-2021,49,Black Friday,Stripe,Raj,UAE,Muscat,Mobile,1200,2,2400,200
4250,20-Aug-2021,69,Chrismas Coupon,Cheque,Ramzan,India,Salalah,Laptop,4500,3,13500,250
4251,21-Aug-2021,40,Loyalty Coupon,Cash,Kumayl,Oman,Muscat,Moniter,3000,3,9000,300
4252,22-Aug-2021,67,Black Friday,Visa Card,John,UAE,Salalah,Speaker,75,2,150,15
4253,23-Aug-2021,62,Chrismas Coupon,Master Card,Abdullah,India,Muscat,Keyboard,100,2,200,10
4254,24-Aug-2021,64,Loyalty Coupon,Stripe,David,Oman,Salalah,Mouse,50,3,150,5
4255,25-Aug-2021,60,Black Friday,Cheque,Nancy,UAE,Muscat,Hard Disk,125,3,375,50
4256,26-Aug-2021,60,Chrismas Coupon,Cash,Raj,India,Salalah,Mother Board,4500,3,13500,225
4257,26-Aug-2021,53,Loyalty Coupon,Visa Card,Ramzan,Oman,Muscat,RAM,175,1,175,50
4258,26-Aug-2021,41,Black Friday,Master Card,Kumayl,UAE,Salalah,Mobile,1200,1,1200,200
4259,26-Aug-2021,31,Chrismas Coupon,Stripe,John,India,Muscat,Laptop,4500,1,4500,250
4260,26-Aug-2021,65,Loyalty Coupon,Cheque,Abdullah,Oman,Salalah,Moniter,3000,1,3000,300
4261,26-Aug-2021,26,Black Friday,Cash,David,UAE,Muscat,Speaker,75,3,225,15
4262,26-Aug-2021,54,Chrismas Coupon,Visa Card,Nancy,India,Salalah,Keyboard,100,2,200,10
4263,26-Aug-2021,25,Loyalty Coupon,Master Card,Raj,Oman,Muscat,Mouse,50,3,150,5
4264,26-Aug-2021,31,Black Friday,Stripe,Ramzan,UAE,Salalah,Hard Disk,125,2,250,50
4265,26-Aug-2021,69,Chrismas Coupon,Cheque,Kumayl,India,Muscat,Mother Board,4500,1,4500,225
4266,26-Aug-2021,69,Loyalty Coupon,Cash,John,Oman,Salalah,RAM,175,3,525,50
4267,26-Aug-2021,63,Black Friday,Visa Card,Abdullah,UAE,Muscat,Mobile,1200,2,2400,200
4268,26-Aug-2021,64,Chrismas Coupon,Master Card,David,India,Salalah,Laptop,4500,3,13500,250
4269,26-Aug-2021,27,Loyalty Coupon,Stripe,Nancy,Oman,Muscat,Moniter,3000,3,9000,300
4270,26-Aug-2021,20,Black Friday,Cheque,Raj,UAE,Salalah,Speaker,75,1,75,15
4271,26-Aug-2021,35,Chrismas Coupon,Cash,Ramzan,India,Muscat,Keyboard,100,1,100,10
